﻿"Variable / Field Name","Form Name","Section Header","Field Type","Field Label","Choices, Calculations, OR Slider Labels","Field Note","Text Validation Type OR Show Slider Number","Text Validation Min","Text Validation Max",Identifier?,"Branching Logic (Show field only if...)","Required Field?","Custom Alignment","Question Number (surveys only)","Matrix Group Name","Matrix Ranking?","Field Annotation"
covid_objective_1_parentself,covid_objective,,checkbox,"En las ÚLTIMAS DOS SEMANAS, ¿has tenido algunos de los siguientes síntomas? (Por favor marce todo lo que aplica).","1, Fiebre | 2, Tos seca | 3, Fatiga | 4, Falta de aliento | 5, Dolor de cabeza | 6, Dolor de músculo o articulación | 7, Dolor de garganta | 8, Diarrea | 9, Náuseas o vómitos | 10, Escalofríos | 11, Congestión nasal | 12, Tos mojada (moco de los pulmones) | 13, Perdida de olor o saber | 14, Otro",,,,,,,,,,,,
covid_objective_1_other_parentself,covid_objective,,text,"Otro (por favor describe):",,,,,,,"[covid_objective_1_parentself(14)] = '1'",,,,,,
covid_objective_2_parentself,covid_objective,,dropdown,"¿Alguna vez has tomado el examen de COVID-19 por un doctor profesional?","1, Si, me hicieron el examen de COVID-19 y estoy esperando mis resultados. | 2, Si, me hicieron el examen de COVID-19 y los resultados salieron positivos. | 3, Si, me hicieron el examen de COVID-19 y los resultados salieron negativos. | 4, Si, me hicieron el examen de COVID-19 y no quiero compartir mis resultados. | 5, No, no me hicieron el examen de COVID-19, pero me dieron un diagnóstico médico de COVID-19 (suponen que tengo COVID-19). | 6, No, no me hicieron el examen de COVID-19 porque no pude hacerme una prueba. | 7, No, no he tratado de hacerme el examen.",,,,,,,,,,,,
covid_objective_3_parentself,covid_objective,,radio,"¿Usted o algún familiar, alguna vez ha sido puesto en cuarentena en casa por un médico profesional (doctor o enfermero) debido a un posible diagnóstico por el COVID-19? 

(Esto NO es lo misa cosa que la orden de quedarse en casa por un alcalde o gobernador)
","1, Sí | 0, No",,,,,,,,,,,,
covid_objective_3_length_parentself,covid_objective,,text,"¿Por cuánto tiempo?",,"en semanas",,,,,"[covid_objective_3_parentself] = ""1""",,,,,,
covid_objective_4_parentself,covid_objective,,radio,"¿Alguna vez ha sido hospitalizado debido al COVID-19?","1, Sí | 0, No",,,,,,,,,,,,
covid_objective_4_length_parentself,covid_objective,,text,"¿Por cuánto tiempo?",,"en semanas",,,,,"[covid_objective_4_parentself] = ""1""",,,,,,
covid_objective_8_parentself,covid_objective,,radio,"¿Conoce alguien personalmente que ha sido diagnosticado (cualquiera con un examen o por un médico profesional) con COVID-19?","1, Sí | 0, No",,,,,,,,,,,,
covid_objective_8_number_parentself,covid_objective,,text,"¿Cuántas personas?",,,,,,,"[covid_objective_8_parentself] = ""1""",,,,,,
covid_objective_8_relation_parentself,covid_objective,,notes,"¿Cuál es su relación a ellos? (maestro, abuela, amiga, vecino, etc.)",,,,,,,"[covid_objective_8_parentself] = ""1""",,,,,,
covid_objective_8_household_parentself,covid_objective,,text,"¿Cuántos de ellos viven en su casa?",,,,,,,"[covid_objective_8_parentself] = ""1""",,,,,,
covid_objective_9_parentself,covid_objective,,radio,"¿Conoce alguien personalmente que ha sido hospitalizado debido a COVID-19?","1, Sí | 0, No",,,,,,,,,,,,
covid_objective_9_number_parentself,covid_objective,,text,"¿Cuántas personas?",,,,,,,"[covid_objective_9_parentself] = ""1""",,,,,,
covid_objective_9_relation_parentself,covid_objective,,notes,"¿Cuál es su relación a ellos? (maestro, abuela, amiga, vecino, etc.)",,,,,,,"[covid_objective_9_parentself] = ""1""",,,,,,
covid_objective_9_household_parentself,covid_objective,,text,"¿Cuántos de ellos viven en su casa?",,,,,,,"[covid_objective_9_parentself] = ""1""",,,,,,
covid_objective_10_parentself,covid_objective,,radio,"¿Conoce alguien personalmente que murió debido a COVID-19?","1, Sí | 0, No",,,,,,,,,,,,
covid_objective_10_number_parentself,covid_objective,,text,"¿Cuántas personas?",,,,,,,"[covid_objective_10_parentself] = ""1""",,,,,,
covid_objective_10_relation_parentself,covid_objective,,text,"¿Cuál era su relación a ellos? (maestro, abuela, amiga, vecino, etc.)",,,,,,,"[covid_objective_10_parentself] = ""1""",,,,,,
covid_objective_10_household_parentself,covid_objective,,text,"¿Cuántos de ellos vivían en su casa?",,,,,,,"[covid_objective_10_parentself] = ""1""",,,,,,
covid_objective_11_parentself,covid_objective,,radio,"¿Su estado emitió una orden para quedarse en casa?","1, Sí | 0, No",,,,,,,,,,,,
covid_objective_12_parentself,covid_objective,,dropdown,"¿Se siente preocupado por el COVID-19?","1, Nada de preocupado | 2, Un poco preocupado | 3, Moderadamente preocupado | 4, Muy preocupado | 5, Extremadamente preocupado",,,,,,,,,,,,
covid_objective_13_parentself,covid_objective,,dropdown,"En las ÚLTIMAS DOS SEMANAS, ¿con qué frecuencia ha seguido las restricciones ""distanciamiento social"" o ""refugio en lugar"" establecidas en su comunidad?","1, absolutamente no, sigo saliendo todo el tiempo | 2, Salgo regularmente, pero tomo precauciones (e.g. llevar una mascarilla, distanciamiento social etc.) | 3, Salgo a veces y tomo precauciones (e.g. llevar una mascarilla, distanciamiento social etc.) | 4, Solo salgo para los esenciales (e.g. los comestibles, pasear al perro) | 5, Rara la vez que salgo de mi casa | 6, Nunca salgo mi casa",,,,,,,,,,,,
covid_objective_14_parentself,covid_objective,,radio,"¿Ha realizado algún cambio en su estilo de vida diario para reducir el riesgo de COVID-19?","1, Sí | 0, No",,,,,,,,,,,,
covid_objective_14_why_parentself,covid_objective,,checkbox,"¿Por que está haciendo estos cambios?
(Por favor marca todo lo que aplica)","1, Pienso que puede salvar vidas | 2, Los funcionarios gubernamentales lo recomiendan o lo requieren. | 3, Tengo miedo de enfermarme. | 4, Me preocupa que pueda enfermar a mi familia o amigos. | 5, Otro",,,,,,"[covid_objective_14_parentself] = ""1""",,,,,,
covid_objective_14_why_other_parentself,covid_objective,,text,"Other (por favor describe)",,,,,,,"[covid_objective_14_why_parentself(5)] = ""1""",,,,,,
covid_objective_15_parentself,covid_objective,,dropdown,"¿Con qué frecuencia sale de su casa para realizar actividades permitidas de refugio en el lugar (por ejemplo, ir a caminar o correr, pasear a una mascota, pasar tiempo en su patio trasero, practicar deportes al aire libre sin contacto con los miembros de su hogar)?

","1, Varias veces al día | 2, Un vez al día | 3, Cada par de días | 4, Un vez al semana | 5, Menos que un vez al semana",,,,,,,,,,,,
covid_objective_16_parentself,covid_objective,,dropdown,"¿No ha podido trabajar debido a cambios de trabajo relacionados con COVID-19?","1, Completamente (e.g., perdió trabajo o no puede ejecutar su negocio) | 2, Parcialmente (e.g., no trabajar, pero siguen pagándole o puede hacer un poco de trabajo, pero horas reducidas) | 3, No (e.g., todavía es capaz de trabajar la misma cantidad o más, incluso si ahora trabaja a distancia)",,,,,,,,,,,,
covid_objective_17_parentself,covid_objective,,dropdown,"¿Perdió ingresos debido a COVID-19?","1, Sí, completamente | 2, Sí, parcialmente | 3, No",,,,,,,,,,,,
covid_objective_18_parentself,covid_objective,,radio,"En el mes pasado, ¿con qué frecuencia ha hecho está declaración en su hogar? 

""La comida que compramos ya esta por acabarse y no tenemos dinero para comprar más.""  ","1, Nunca cierto | 2, A veces cierto | 3, A menudo cierto",,,,,,,,,,,,
covid_objective_19_parentself,covid_objective,,dropdown,"¿Su familia está preocupada sobre el costo del examen o tratamiento para COVID-19?","1, Muy preocupado | 2, Algo preocupado | 3, No sé | 4, No",,,,,,,,,,,,
covid_objective_20_parentself,covid_objective,,checkbox,"¿Quién está viviendo en su hogar? (Marca todo lo que aplica) ","1, Abuelos (adoptivo, biológico, o de acogida) | 2, Padres (adoptivo, biológico, o de acogida) | 3, Hermanos (adoptivo, biológico, o de acogida) | 4, Otros adultos que son miembros de la familia (por ejemplo tios) | 5, Otros niños que son miembros de la familia (por ejemplo primos) | 6, Amigos de la familia | 7, Otros",,,,,,,,,,,,
covid_objective_20_other_parentself,covid_objective,,text,"Otro (por favor describe):",,,,,,,[covid_objective_20_parentself(7)]='1',,,,,,
covid_objective_21_parentself,covid_objective,"Los países en todo el mundo están aligerando sus restricciones de las empresas y los espacios públicos que están cerrados. ¿Cómo se siente acerca de estos cambios?",radio,"Esperanzado por el futuro","0, Para nada | 1, Muy poco | 2, Mas o menos | 3, Moderadamente | 4, Extremadamente",,,,,,,,,,covid_objective_matrix_1_parentself,,
covid_objective_22_parentself,covid_objective,,radio,"Preocupado por otro brote de COVID-19","0, Para nada | 1, Muy poco | 2, Mas o menos | 3, Moderadamente | 4, Extremadamente",,,,,,,,,,covid_objective_matrix_1_parentself,,
covid_objective_23_parentself,covid_objective,,radio,"Preocupado por ser forzado a volver al trabajo cuando no me siento seguro","0, Para nada | 1, Muy poco | 2, Mas o menos | 3, Moderadamente | 4, Extremadamente",,,,,,,,,,covid_objective_matrix_1_parentself,,
covid_objective_24_parentself,covid_objective,,radio,"Que estos cambios deberían haber sucedido hace mucho tiempo","0, Para nada | 1, Muy poco | 2, Mas o menos | 3, Moderadamente | 4, Extremadamente",,,,,,,,,,covid_objective_matrix_1_parentself,,
covid_objective_25_parentself,covid_objective,,radio,"Preocupado porque no voy a pasar tanto tiempo con mi familia","0, Para nada | 1, Muy poco | 2, Mas o menos | 3, Moderadamente | 4, Extremadamente",,,,,,,,,,covid_objective_matrix_1_parentself,,
covid_objective_26_parentself,covid_objective,,radio,"¿Que tan preocupado esta usted por los informes de la rara enfermedad inflamatoria relacionada debido al COVID 19 en niños?","0, Para nada preocupado | 1, Muy poco preocupado | 2, Mas o menos preocupado | 3, Moderadamente preocupado | 4, Extremadamente preocupado | 5, NA; no he oído de esto",,,,,,,,,,,,
covid_objective_instructions_child_1,covid_objective," ",descriptive,"Las siguientes preguntas son sobre niñ@ 1",,,,,,,,,,,,,
covid_objective_5_parentproxy_child_1,covid_objective,,checkbox,"En las ÚLTIMAS DOS SEMANAS, ¿niñ@ 1 ha tenido algunos de los siguientes síntomas?

 (Por favor marca todo lo que se aplica).","1, Fiebre | 2, Tos seca | 3, Fatiga | 4, Falta de aliento | 5, Dolor de cabeza | 6, Dolor de músculo o articulación | 7, Dolor de garganta | 8, Diarrea | 9, Náuseas o vómitos | 10, Escalofríos | 11, Congestión nasal | 12, Tos mojada (moco de los pulmones) | 13, Perdida de olor o saber | 14, Otro",,,,,,,,,,,,
covid_objective_5_other_parentproxy_child_1,covid_objective,,text,"Otro (por favor describe):",,,,,,,"[covid_objective_5_parentproxy_child_1(14)] = '1'",,,,,,
covid_objective_6_parentproxy_child_1,covid_objective,,dropdown,"¿Alguna vez niñ@ 1 ha sido probado por COVID-19 por un médico profesional?","1, Si, le hicieron el examen de COVID-19 a mi niñ@ y estamos esperando sus resultados. | 2, Si, le hicieron el examen de COVID-19 a mi niñ@ y los resultados salieron positivos. | 3, Si, le hicieron el examen de COVID-19 a mi niñ@ y los resultados salieron negativos. | 4, Si, le hicieron el examen de COVID-19 a mi niñ@ y no quiero compartir sus resultados. | 5, No, no le hicieron la prueba de COVID-19 a mi niñ@, pero le dieron un diagnóstico médico de COVID-19 (suponen que tiene COVID-19). | 6, No, no le hicieron la prueba de COVID-19 a mi niñ@ porque no pude hacerse una prueba. | 7, No, no le trataron de hacerle una prueba a mi niñ@",,,,,,,,,,,,
covid_objective_7_parentproxy_child_1,covid_objective,,radio,"¿Alguna vez niñ@ 1 ha sido hospitalizado debido a COVID-19?","1, Sí | 0, No",,,,,,,,,,,,
covid_objective_7_other_parentproxy_child_1,covid_objective,,text,"¿Por cuánto tiempo? ",,"en semanas",,,,,"[covid_objective_7_parentproxy_child_1] = ""1""",,,,,,
covid_objective_21_parentproxy_child_1,covid_objective,,dropdown,"¿Cerraron la escuela de niñ@ 1 debido a COVID-19?","1, Sí | 2, No | 3, Si su hij@ es escolarizado en casa, seleccione esta respuesta",,,,,,,,,,,,
covid_objective_22_parentproxy_child_1,covid_objective,,text,"¿Aproximadamente qué fecha cerró? ",,,date_mdy,,,,"[covid_objective_21_parentproxy_child_1] = '1'",,,,,,
covid_objective_23_parentproxy_child_1,covid_objective,,radio,"¿Han reanudado las clases en línea? ","1, Sí | 0, No",,,,,,"[covid_objective_21_parentproxy_child_1] = '1'",,,,,,
covid_objective_24_parentproxy_child_1,covid_objective,,radio,"¿Niñ@ 1 tiene acceso fácil al internet y una computadora o una tablet?","1, Sí | 0, No",,,,,,"[covid_objective_21_parentproxy_child_1] = '1'",,,,,,
covid_objective_25_parentproxy_child_1,covid_objective,,radio,"¿Hay asignación para que niñ@ 1 complete?","1, Sí | 0, No",,,,,,"[covid_objective_21_parentproxy_child_1] = '1'",,,,,,
covid_objective_26_parentproxy_child_1,covid_objective,,radio,"¿Niñ@ 1 puede recibir comidas de la escuela?","1, Sí | 0, No",,,,,,"[covid_objective_21_parentproxy_child_1] = '1'",,,,,,
covid_objective_27_parentproxy_child_1,covid_objective,,radio,"¿Ha reabierto la escuela de niñ@ 1?","1, Sí | 0, No",,,,,,"[covid_objective_21_parentproxy_child_1] = '1'",,,,,,
covid_objective_27_date_parentproxy_child_1,covid_objective,,text,"¿Aproximadamente, que fecha se reanudó? ",,,date_mdy,,,,"[covid_objective_27_parentproxy_child_1] = '1'",,,,,,
covid_objective_28_parentself_child_1,covid_objective,,dropdown,"¿Qué tan involucrado está usted en ayudar al niñ@ 1 con las tareas escolares?","0, En absoluto involucrado | 1, Ligeramente involucrado | 2, Moderadamente involucrado | 3, Muy involucrado | 4, Extremadamente involucrados",,,,,,,,,,,,
covid_objective_instructions_child_2,covid_objective," ",descriptive,"Las siguientes preguntas son sobre niñ@ 2",,,,,,,"[parentself_number_children_study] = '2' or [parentself_number_children_study] = '3' or [parentself_number_children_study] = '4'",,,,,,
covid_objective_5_parentproxy_child_2,covid_objective,,checkbox,"En las ÚLTIMAS DOS SEMANAS, ¿niñ@ 2 ha tenido algunos de los siguientes síntomas? 

(Por favor marca todo lo que se aplica).","1, Fiebre | 2, Tos seca | 3, Fatiga | 4, Falta de aliento | 5, Dolor de cabeza | 6, Dolor de músculo o articulación | 7, Dolor de garganta | 8, Diarrea | 9, Náuseas o vómitos | 10, Escalofríos | 11, Congestión nasal | 12, Tos mojada (moco de los pulmones) | 13, Perdida de olor o saber | 14, Otro",,,,,,"[parentself_number_children_study] = '2' or [parentself_number_children_study] = '3' or [parentself_number_children_study] = '4'",,,,,,
covid_objective_5_other_parentproxy_child_2,covid_objective,,text,"Otro (por favor describe):",,,,,,,"[covid_objective_5_parentproxy_child_2(14)] = '1'",,,,,,
covid_objective_6_parentproxy_child_2,covid_objective,,dropdown,"¿Alguna vez niñ@ 2 ha sido probado por COVID-19 por un médico profesional?","1, Sí, le hicieron el examen de COVID-19 a mi niño y estamos esperando sus resultados. | 2, Si, le hicieron el examen de COVID-19 a mi niño y los resultados salieron positivos. | 3, Si, le hicieron el examen de COVID-19 a mi niño y los resultados salieron negativos. | 4, Si, le hicieron el examen de COVID-19 a mi niño y no quiero compartir sus resultados. | 5, No, no le hicieron la prueba de COVID-19 a mi niño, pero le dieron un diagnóstico médico de COVID-19 (suponen que tiene COVID-19). | 6, No, no le hicieron la prueba de COVID-19 a mi niño porque no pude hacer se una prueba. | 7, No, no le trataron de hacerle una prueba mi niño",,,,,,"[parentself_number_children_study] = '2' or [parentself_number_children_study] = '3' or [parentself_number_children_study] = '4'",,,,,,
covid_objective_7_parentproxy_child_2,covid_objective,,radio,"¿Alguna vez niñ@ 2 ha sido hospitalizado debido a COVID-19?","1, Sí | 0, No",,,,,,"[parentself_number_children_study] = '2' or [parentself_number_children_study] = '3' or [parentself_number_children_study] = '4'",,,,,,
covid_objective_7_other_parentproxy_child_2,covid_objective,,text,"¿Por cuánto tiempo? ",,"en semanas",,,,,"[covid_objective_7_parentproxy_child_2] = ""1""",,,,,,
covid_objective_21_parentproxy_child_2,covid_objective,,dropdown,"¿Cerraron la escuela de niñ@ 2 debido a COVID-19?","1, Sí | 2, No | 3, Si su hijo es educado en casa, seleccione esta respuesta",,,,,,"[parentself_number_children_study] = '2' or [parentself_number_children_study] = '3' or [parentself_number_children_study] = '4'",,,,,,
covid_objective_22_parentproxy_child_2,covid_objective,,text,"¿Aproximadamente qué fecha cerró? ",,,date_mdy,,,,"[covid_objective_21_parentproxy_child_2] = '1'",,,,,,
covid_objective_23_parentproxy_child_2,covid_objective,,radio,"¿Han reanudado las clases en internet?","1, Sí | 0, No",,,,,,"[covid_objective_21_parentproxy_child_2] = '1'",,,,,,
covid_objective_24_parentproxy_child_2,covid_objective,,radio,"¿Niñ@ 2 tiene acceso fácil al internet y una computadora o una tablet?","1, Sí | 0, No",,,,,,"[covid_objective_21_parentproxy_child_2] = '1'",,,,,,
covid_objective_25_parentproxy_child_2,covid_objective,,yesno,"¿Hay asignación para que niñ@ 2 complete?",,,,,,,"[covid_objective_21_parentproxy_child_2] = '1'",,,,,,
covid_objective_26_parentproxy_child_2,covid_objective,,radio,"¿Niñ@ 2 puede recibir comidas de la escuela?","1, Sí | 0, No",,,,,,"[covid_objective_21_parentproxy_child_2] = '1'",,,,,,
covid_objective_27_parentproxy_child_2,covid_objective,,radio,"¿Ha reabierto la escuela de niñ@ 2?","1, Sí | 0, No",,,,,,"[covid_objective_21_parentproxy_child_2] = '1'",,,,,,
covid_objective_27_date_parentproxy_child_2,covid_objective,,text,"¿Aproximadamente, que fecha se reanudó? ",,,date_mdy,,,,"[covid_objective_27_parentproxy_child_2] = '1'",,,,,,
covid_objective_28_parentself_child_2,covid_objective,,dropdown,"¿Qué tan involucrado está usted en ayudar al niñ@ 2 con las tareas escolares?","0, En absoluto involucrado | 1, Ligeramente involucrado | 2, Moderadamente involucrado | 3, Muy involucrado | 4, Extremadamente involucrados",,,,,,"[parentself_number_children_study] = '2' or [parentself_number_children_study] = '3' or [parentself_number_children_study] = '4'",,,,,,
covid_objective_instructions_child_3,covid_objective," ",descriptive,"Las siguientes preguntas son sobre niñ@ 3",,,,,,,"[parentself_number_children_study] = '3' or [parentself_number_children_study] = '4'",,,,,,
covid_objective_5_parentproxy_child_3,covid_objective,,checkbox,"En las ÚLTIMAS DOS SEMANAS, ¿niñ@ 3 ha tenido algunos de los siguientes síntomas?

(Por favor marca todo lo que se aplica).","1, Fiebre | 2, Tos seca | 3, Fatiga | 4, Falta de aliento | 5, Dolor de cabeza | 6, Dolor de músculo o articulación | 7, Dolor de garganta | 8, Diarrea | 9, Náuseas o vómitos | 10, Escalofríos | 11, Congestión nasal | 12, Tos mojada (moco de los pulmones) | 13, Perdida de olor o saber | 14, Otro",,,,,,"[parentself_number_children_study] = '3' or [parentself_number_children_study] = '4'",,,,,,
covid_objective_5_other_parentproxy_child_3,covid_objective,,text,"Otro (por favor describe)",,,,,,,"[covid_objective_5_parentproxy_child_3(14)] = '1'",,,,,,
covid_objective_6_parentproxy_child_3,covid_objective,,dropdown,"¿Alguna vez niñ@ 3 ha sido probado por COVID-19 por un médico profesional?","1, Si, le hicieron el examen de COVID-19 a mi niño y estamos esperando sus resultados. | 2, Si, le hicieron el examen de COVID-19 a mi niño y los resultados salieron positivos. | 3, Si, le hicieron el examen de COVID-19 a mi niño y los resultados salieron negativos. | 4, Si, le hicieron el examen de COVID-19 a mi niño y no quiero compartir sus resultados. | 5, No, no le hicieron la prueba de COVID-19 a mi niño, pero le dieron un diagnóstico médico de COVID-19 (suponen que tiene COVID-19). | 6, No, no le hicieron la prueba de COVID-19 a mi niño porque no pude hacerse una prueba. | 7, No, no le trataron de hacerle una prueba a mi niño.",,,,,,"[parentself_number_children_study] = '3' or [parentself_number_children_study] = '4'",,,,,,
covid_objective_7_parentproxy_child_3,covid_objective,,radio,"¿Alguna vez niñ@ 3 ha sido hospitalizado debido a COVID-19?","1, Sí | 0, No",,,,,,"[parentself_number_children_study] = '3' or [parentself_number_children_study] = '4'",,,,,,
covid_objective_7_other_parentproxy_child_3,covid_objective,,text,"¿Por cuánto tiempo? ",,"en semanas",,,,,"[covid_objective_7_parentproxy_child_3] = ""1""",,,,,,
covid_objective_21_parentproxy_child_3,covid_objective,,dropdown,"¿Cerraron la escuela de niñ@ 3 debido a COVID-19?","1, Sí | 2, No | 3, Si su hijo es educado en casa, seleccione esta respuesta",,,,,,"[parentself_number_children_study] = '3' or [parentself_number_children_study] = '4'",,,,,,
covid_objective_22_parentproxy_child_3,covid_objective,,text,"¿Aproximadamente qué fecha cerró? ",,,date_mdy,,,,"[covid_objective_21_parentproxy_child_3] = '1'",,,,,,
covid_objective_23_parentproxy_child_3,covid_objective,,dropdown,"¿Han reanudado las clases en internet?","1, Sí | 0, No",,,,,,"[covid_objective_21_parentproxy_child_3] = '1'",,,,,,
covid_objective_24_parentproxy_child_3,covid_objective,,radio,"¿Niñ@ 3 tiene acceso fácil al internet y una computadora o una tablet?","1, Sí | 0, No",,,,,,"[covid_objective_21_parentproxy_child_3] = '1'",,,,,,
covid_objective_25_parentproxy_child_3,covid_objective,,radio,"¿Hay asignación para que niñ@ 3 complete?","1, Sí | 0, No",,,,,,"[covid_objective_21_parentproxy_child_3] = '1'",,,,,,
covid_objective_26_parentproxy_child_3,covid_objective,,radio,"¿Niñ@ 3 puede recibir comidas de la escuela?","1, Sí | 0, No",,,,,,"[covid_objective_21_parentproxy_child_3] = '1'",,,,,,
covid_objective_27_parentproxy_child_3,covid_objective,,radio,"¿Ha reabierto la escuela de niñ@ 3?","1, Sí | 0, No",,,,,,"[covid_objective_21_parentproxy_child_3] = '1'",,,,,,
covid_objective_27_date_parentproxy_child_3,covid_objective,,text,"¿Aproximadamente, que fecha se reanudó? ",,,date_mdy,,,,"[covid_objective_27_parentproxy_child_3] = '1'",,,,,,
covid_objective_28_parentself_child_3,covid_objective,,dropdown,"¿Qué tan involucrado está usted en ayudar al niñ@ 3 con las tareas escolares?","0, En absoluto involucrado | 1, Ligeramente involucrado | 2, Moderadamente involucrado | 3, Muy involucrado | 4, Extremadamente involucrados",,,,,,"[parentself_number_children_study] = '3' or [parentself_number_children_study] = '4'",,,,,,
covid_objective_instructions_child_4,covid_objective," ",descriptive,"Las siguientes preguntas son sobre niñ@ 4",,,,,,,"[parentself_number_children_study] = '4'",,,,,,
covid_objective_5_parentproxy_child_4,covid_objective,,checkbox,"En las ÚLTIMAS DOS SEMANAS, ¿niñ@ 4 ha tenido algunos de los siguientes síntomas? 

(Por favor marca todo lo que se aplica).","1, Fiebre | 2, Tos seca | 3, Fatiga | 4, Falta de aliento | 5, Dolor de cabeza | 6, Dolor de músculo o articulación | 7, Dolor de garganta | 8, Diarrea | 9, Náuseas o vómitos | 10, Escalofríos | 11, Congestión nasal | 12, Tos mojada (moco de los pulmones) | 13, Perdida de olor o saber | 14, Otro",,,,,,"[parentself_number_children_study] = '4'",,,,,,
covid_objective_5_other_parentproxy_child_4,covid_objective,,text,"Otro (por favor describe):",,,,,,,"[covid_objective_5_parentproxy_child_4(14)] = '1'",,,,,,
covid_objective_6_parentproxy_child_4,covid_objective,,dropdown,"¿Alguna vez niñ@ 4 ha sido probado por COVID-19 por un médico profesional?","1, Si, le hicieron el examen de COVID-19 a mi niño y estamos esperando sus resultados. | 2, Si, le hicieron el examen de COVID-19 a mi niño y los resultados salieron positivos. | 3, Si, le hicieron el examen de COVID-19 a mi niño y los resultados salieron negativos. | 4, Si, le hicieron el examen de COVID-19 a mi niño y no quiero compartir sus resultados. | 5, No, no le hicieron la prueba de COVID-19 a mi niño, pero le dieron un diagnóstico médico de COVID-19 (suponen que tiene COVID-19). | 6, No, no le hicieron la prueba de COVID-19 a mi niño porque no pude hacerse una prueba. | 7, No, no le trataron de hacerle una prueba a mi niño.",,,,,,"[parentself_number_children_study] = '4'",,,,,,
covid_objective_7_parentproxy_child_4,covid_objective,,radio,"¿Alguna vez niñ@ 4 ha sido hospitalizado debido a COVID-19?","1, Sí | 0, No",,,,,,"[parentself_number_children_study] = '4'",,,,,,
covid_objective_7_other_parentproxy_child_4,covid_objective,,text,"¿Por cuánto tiempo? ",,"en semanas",,,,,"[covid_objective_7_parentproxy_child_4] = ""1""",,,,,,
covid_objective_21_parentproxy_child_4,covid_objective,,dropdown,"¿Cerraron la escuela de niñ@ 4 debido a COVID-19?","1, Sí | 2, No | 3, Si su hijo es educado en casa, seleccione esta respuesta",,,,,,"[parentself_number_children_study] = '4'",,,,,,
covid_objective_22_parentproxy_child_4,covid_objective,,text,"¿Aproximadamente qué fecha cerró? ",,,date_mdy,,,,"[covid_objective_21_parentproxy_child_4] = '1'",,,,,,
covid_objective_23_parentproxy_child_4,covid_objective,,radio,"¿Han reanudado las clases en internet?","1, Sí | 0, No",,,,,,"[covid_objective_21_parentproxy_child_4] = '1'",,,,,,
covid_objective_24_parentproxy_child_4,covid_objective,,radio,"¿Niñ@ 4 tiene acceso fácil al internet y una computadora o una tablet?","1, Sí | 0, No",,,,,,"[covid_objective_21_parentproxy_child_4] = '1'",,,,,,
covid_objective_25_parentproxy_child_4,covid_objective,,radio,"¿Hay asignación para que niñ@ 4 complete?","1, Sí | 0, No",,,,,,"[covid_objective_21_parentproxy_child_4] = '1'",,,,,,
covid_objective_26_parentproxy_child_4,covid_objective,,radio,"¿Niñ@ 4 puede recibir comidas de la escuela?","1, Sí | 0, No",,,,,,"[covid_objective_21_parentproxy_child_4] = '1'",,,,,,
covid_objective_27_parentproxy_child_4,covid_objective,,radio,"¿Ha reabierto la escuela de niñ@ 4?","1, Sí | 0, No",,,,,,"[covid_objective_21_parentproxy_child_4] = '1'",,,,,,
covid_objective_27_date_parentproxy_child_4,covid_objective,,text,"¿Aproximadamente, que fecha se reanudó? ",,,date_mdy,,,,"[covid_objective_27_parentproxy_child_4] = '1'",,,,,,
covid_objective_28_parentself_child_4,covid_objective,,dropdown,"¿Qué tan involucrado está usted en ayudar al niñ@ 4 con las tareas escolares?","0, En absoluto involucrado | 1, Ligeramente involucrado | 2, Moderadamente involucrado | 3, Muy involucrado | 4, Extremadamente involucrados",,,,,,"[parentself_number_children_study] = '4'",,,,,,
