"Variable / Field Name","Form Name","Section Header","Field Type","Field Label","Choices, Calculations, OR Slider Labels","Field Note","Text Validation Type OR Show Slider Number","Text Validation Min","Text Validation Max",Identifier?,"Branching Logic (Show field only if...)","Required Field?","Custom Alignment","Question Number (surveys only)","Matrix Group Name","Matrix Ranking?","Field Annotation"
ashq_instructions_parentproxy_child_1,ashq,,descriptive,"The following questions are about your child's sleep habits and possible difficulties with sleep. 

Please think of each item in the context of CHILD 1.",,,,,,,,,,,,,
ashq_1_parentproxy_child_1,ashq,,radio,"Who in your family sets the rules about when your child goes to bed?","1, Primary caregiver | 2, Secondary caregiver | 3, Child | 4, Other",,,,,,,,,,,,
ashq_1_other_parentproxy_child_1,ashq,,text,"Other (please describe):",,,,,,,"[ashq_1_parentproxy_child_1] = ""4""",,,,,,
ashq_2_parentproxy_child_1,ashq,,radio,"Do you think your child has trouble sleeping?","2, Yes, a lot | 1, Some | 0, No, not at all",,,,,,,,,,,,
ashq_3_parentproxy_child_1,ashq,,dropdown,"Select your child's bedtime on a typical WEEKDAY night","1, 6pm | 2, 7pm | 3, 8pm | 4, 9pm | 5, 10pm | 6, 11pm | 7, 12am | 8, After 12am | 9, No regular bedtime",,,,,,,,,,,,
ashq_4_parentproxy_child_1,ashq,,dropdown,"Select your child's bedtime on a typical WEEKEND night","1, 6pm | 2, 7pm | 3, 8pm | 4, 9pm | 5, 10pm | 6, 11pm | 7, 12am | 8, After 12am | 9, No regular bedtime",,,,,,,,,,,,
ashq_5_parentproxy_child_1,ashq,,dropdown,"Select your child's wake time on a typical WEEKDAY","1, 6am or earlier | 2, 7am | 3, 8am | 4, 9am | 5, 10am | 6, 11am | 7, 12pm | 8, after 12pm | 9, no regular waketime",,,,,,,,,,,,
ashq_6_parentproxy_child_1,ashq,,dropdown,"Select your child's wake time on a typical WEEKEND day","1, 6am or earlier | 2, 7am | 3, 8am | 4, 9am | 5, 10am | 6, 11am | 7, 12pm | 8, after 12pm | 9, no regular waketime",,,,,,,,,,,,
ashq_7_parentproxy_child_1,ashq,"Child 1",radio,"On an average WEEKDAY night, does your child sleep","1, too little | 2, the right amount | 3, too much",,,,,,,,,,ashq_matrix_1_parentproxy_child_1,,
ashq_8_parentproxy_child_1,ashq,,radio,"On an average WEEKEND night, does your child sleep","1, too little | 2, the right amount | 3, too much",,,,,,,,,,ashq_matrix_1_parentproxy_child_1,,
ashq_9_parentproxy_child_1,ashq,"The following items are about CHILD 1.

Think about the past 2 weeks in your child's life when answering the following questions. 

Answer USUALLY if something occurs almost every day of the week (6 or more times in a week); answer SOMETIMES if it occurs several times a week (3-5 times in a week); answer RARELY if something occurs 1 to 2 times in a week or never (0 times in a week).

 Does your child:",radio,"Share a bedroom","0, never (0 times per week) | 1, rarely (1-2 times per week) | 2, sometimes (3-5 times per week) | 3, usually (6-7 times per week) | 4, don't know",,,,,,,,,,ashq_matrix_2_parentproxy_child_1,,
ashq_10_parentproxy_child_1,ashq,,radio,"Share a bed","0, never (0 times per week) | 1, rarely (1-2 times per week) | 2, sometimes (3-5 times per week) | 3, usually (6-7 times per week) | 4, don't know",,,,,,,,,,ashq_matrix_2_parentproxy_child_1,,
ashq_11_parentproxy_child_1,ashq,,radio,"Have a bedtime routine","0, never (0 times per week) | 1, rarely (1-2 times per week) | 2, sometimes (3-5 times per week) | 3, usually (6-7 times per week) | 4, don't know",,,,,,,,,,ashq_matrix_2_parentproxy_child_1,,
ashq_12_parentproxy_child_1,ashq,,radio,"Go to bed at the same time every night","0, never (0 times per week) | 1, rarely (1-2 times per week) | 2, sometimes (3-5 times per week) | 3, usually (6-7 times per week) | 4, don't know",,,,,,,,,,ashq_matrix_2_parentproxy_child_1,,
ashq_13_parentproxy_child_1,ashq,,radio,"Seem ready to go to bed at his/her usual bedtime","0, never (0 times per week) | 1, rarely (1-2 times per week) | 2, sometimes (3-5 times per week) | 3, usually (6-7 times per week) | 4, don't know",,,,,,,,,,ashq_matrix_2_parentproxy_child_1,,
ashq_14_parentproxy_child_1,ashq,,radio,"Resist going to bed at bedtime","0, never (0 times per week) | 1, rarely (1-2 times per week) | 2, sometimes (3-5 times per week) | 3, usually (6-7 times per week) | 4, don't know",,,,,,,,,,ashq_matrix_2_parentproxy_child_1,,
ashq_15_parentproxy_child_1,ashq,,radio,"Take more than 30 minutes to fall asleep after ""lights out""","0, never (0 times per week) | 1, rarely (1-2 times per week) | 2, sometimes (3-5 times per week) | 3, usually (6-7 times per week) | 4, don't know",,,,,,,,,,ashq_matrix_2_parentproxy_child_1,,
ashq_16_parentproxy_child_1,ashq,,radio,"Fall asleep within 5-10 minutes after ""lights out""","0, never (0 times per week) | 1, rarely (1-2 times per week) | 2, sometimes (3-5 times per week) | 3, usually (6-7 times per week) | 4, don't know",,,,,,,,,,ashq_matrix_2_parentproxy_child_1,,
ashq_17_parentproxy_child_1,ashq,,radio,"Take any over-the-counter, prescription medications or natural products to help him/her fall asleep","0, never (0 times per week) | 1, rarely (1-2 times per week) | 2, sometimes (3-5 times per week) | 3, usually (6-7 times per week) | 4, don't know",,,,,,,,,,ashq_matrix_2_parentproxy_child_1,,
ashq_18_parentproxy_child_1,ashq,,radio,"Need a parent/sibling present to fall asleep","0, never (0 times per week) | 1, rarely (1-2 times per week) | 2, sometimes (3-5 times per week) | 3, usually (6-7 times per week) | 4, don't know",,,,,,,,,,ashq_matrix_2_parentproxy_child_1,,
ashq_19_parentproxy_child_1,ashq,,radio,"Seem afraid of sleeping in the dark or of sleeping alone","0, never (0 times per week) | 1, rarely (1-2 times per week) | 2, sometimes (3-5 times per week) | 3, usually (6-7 times per week) | 4, don't know",,,,,,,,,,ashq_matrix_2_parentproxy_child_1,,
ashq_20_parentproxy_child_1,ashq,,radio,"Have a television set in the bedroom","0, never (0 times per week) | 1, rarely (1-2 times per week) | 2, sometimes (3-5 times per week) | 3, usually (6-7 times per week) | 4, don't know",,,,,,,,,,ashq_matrix_2_parentproxy_child_1,,
ashq_21_parentproxy_child_1,ashq,,radio,"Have a computer in the bedroom","0, never (0 times per week) | 1, rarely (1-2 times per week) | 2, sometimes (3-5 times per week) | 3, usually (6-7 times per week) | 4, don't know",,,,,,,,,,ashq_matrix_2_parentproxy_child_1,,
ashq_22_parentproxy_child_1,ashq,,radio,"Need TV or music on to fall asleep","0, never (0 times per week) | 1, rarely (1-2 times per week) | 2, sometimes (3-5 times per week) | 3, usually (6-7 times per week) | 4, don't know",,,,,,,,,,ashq_matrix_2_parentproxy_child_1,,
ashq_23_parentproxy_child_1,ashq,,radio,"Need to move his/her legs and/or complain of uncomfortable feelings in legs at bedtime","0, never (0 times per week) | 1, rarely (1-2 times per week) | 2, sometimes (3-5 times per week) | 3, usually (6-7 times per week) | 4, don't know",,,,,,,,,,ashq_matrix_2_parentproxy_child_1,,
ashq_24_parentproxy_child_1,ashq,,radio,"Sleep about the same amount each night","0, never (0 times per week) | 1, rarely (1-2 times per week) | 2, sometimes (3-5 times per week) | 3, usually (6-7 times per week) | 4, don't know",,,,,,,,,,ashq_matrix_2_parentproxy_child_1,,
ashq_25_parentproxy_child_1,ashq,,radio,"Talk during sleep","0, never (0 times per week) | 1, rarely (1-2 times per week) | 2, sometimes (3-5 times per week) | 3, usually (6-7 times per week) | 4, don't know",,,,,,,,,,ashq_matrix_2_parentproxy_child_1,,
ashq_26_parentproxy_child_1,ashq,,radio,"Have nightmares","0, never (0 times per week) | 1, rarely (1-2 times per week) | 2, sometimes (3-5 times per week) | 3, usually (6-7 times per week) | 4, don't know",,,,,,,,,,ashq_matrix_2_parentproxy_child_1,,
ashq_27_parentproxy_child_1,ashq,,radio,"Seem unusually restless, twitch/jerk, or move around a lot during sleep","0, never (0 times per week) | 1, rarely (1-2 times per week) | 2, sometimes (3-5 times per week) | 3, usually (6-7 times per week) | 4, don't know",,,,,,,,,,ashq_matrix_2_parentproxy_child_1,,
ashq_28_parentproxy_child_1,ashq,,radio,"Sleepwalk during the night","0, never (0 times per week) | 1, rarely (1-2 times per week) | 2, sometimes (3-5 times per week) | 3, usually (6-7 times per week) | 4, don't know",,,,,,,,,,ashq_matrix_2_parentproxy_child_1,,
ashq_29_parentproxy_child_1,ashq,,radio,"Report body pains at night","0, never (0 times per week) | 1, rarely (1-2 times per week) | 2, sometimes (3-5 times per week) | 3, usually (6-7 times per week) | 4, don't know",,,,,,,,,,ashq_matrix_2_parentproxy_child_1,,
ashq_30_parentproxy_child_1,ashq,,radio,"Grind his/her teeth during sleep","0, never (0 times per week) | 1, rarely (1-2 times per week) | 2, sometimes (3-5 times per week) | 3, usually (6-7 times per week) | 4, don't know",,,,,,,,,,ashq_matrix_2_parentproxy_child_1,,
ashq_31_parentproxy_child_1,ashq,,radio,"Snore loudly","0, never (0 times per week) | 1, rarely (1-2 times per week) | 2, sometimes (3-5 times per week) | 3, usually (6-7 times per week) | 4, don't know",,,,,,,,,,ashq_matrix_2_parentproxy_child_1,,
ashq_32_parentproxy_child_1,ashq,,radio,"Seem to stop breathing during sleep","0, never (0 times per week) | 1, rarely (1-2 times per week) | 2, sometimes (3-5 times per week) | 3, usually (6-7 times per week) | 4, don't know",,,,,,,,,,ashq_matrix_2_parentproxy_child_1,,
ashq_33_parentproxy_child_1,ashq,,radio,"Sweat during sleep","0, never (0 times per week) | 1, rarely (1-2 times per week) | 2, sometimes (3-5 times per week) | 3, usually (6-7 times per week) | 4, don't know",,,,,,,,,,ashq_matrix_2_parentproxy_child_1,,
ashq_34_parentproxy_child_1,ashq,,radio,"Report seeing or hearing things while falling asleep","0, never (0 times per week) | 1, rarely (1-2 times per week) | 2, sometimes (3-5 times per week) | 3, usually (6-7 times per week) | 4, don't know",,,,,,,,,,ashq_matrix_2_parentproxy_child_1,,
ashq_35_parentproxy_child_1,ashq,,radio,"Report being unable to move while falling asleep","0, never (0 times per week) | 1, rarely (1-2 times per week) | 2, sometimes (3-5 times per week) | 3, usually (6-7 times per week) | 4, don't know",,,,,,,,,,ashq_matrix_2_parentproxy_child_1,,
ashq_36_parentproxy_child_1,ashq,,radio,"Have trouble sleeping away from home (visiting relatives, vacation)","0, never (0 times per week) | 1, rarely (1-2 times per week) | 2, sometimes (3-5 times per week) | 3, usually (6-7 times per week) | 4, don't know",,,,,,,,,,ashq_matrix_2_parentproxy_child_1,,
ashq_37_parentproxy_child_1,ashq,,radio,"Wake up during the night","0, never (0 times per week) | 1, rarely (1-2 times per week) | 2, sometimes (3-5 times per week) | 3, usually (6-7 times per week) | 4, don't know",,,,,,,,,,ashq_matrix_2_parentproxy_child_1,,
ashq_38_parentproxy_child_1,ashq,,radio,"Return to sleep without help after waking","0, never (0 times per week) | 1, rarely (1-2 times per week) | 2, sometimes (3-5 times per week) | 3, usually (6-7 times per week) | 4, don't know",,,,,,,,,,ashq_matrix_2_parentproxy_child_1,,
ashq_39_parentproxy_child_1,ashq,,radio,"Move to someone else's bed during the night (parent, sibling, etc.)","0, never (0 times per week) | 1, rarely (1-2 times per week) | 2, sometimes (3-5 times per week) | 3, usually (6-7 times per week) | 4, don't know",,,,,,,,,,ashq_matrix_2_parentproxy_child_1,,
ashq_40_parentproxy_child_1,ashq,,radio,"Get up and wanders around at night when others are asleep","0, never (0 times per week) | 1, rarely (1-2 times per week) | 2, sometimes (3-5 times per week) | 3, usually (6-7 times per week) | 4, don't know",,,,,,,,,,ashq_matrix_2_parentproxy_child_1,,
ashq_41_parentproxy_child_1,ashq,,radio,"Lay awake at night worrying","0, never (0 times per week) | 1, rarely (1-2 times per week) | 2, sometimes (3-5 times per week) | 3, usually (6-7 times per week) | 4, don't know",,,,,,,,,,ashq_matrix_2_parentproxy_child_1,,
ashq_42_parentproxy_child_1,ashq,,radio,"Wake up by him/herself on a weekday morning","0, never (0 times per week) | 1, rarely (1-2 times per week) | 2, sometimes (3-5 times per week) | 3, usually (6-7 times per week) | 4, don't know",,,,,,,,,,ashq_matrix_2_parentproxy_child_1,,
ashq_43_parentproxy_child_1,ashq,,radio,"Wake up by him/herself on weekend morning","0, never (0 times per week) | 1, rarely (1-2 times per week) | 2, sometimes (3-5 times per week) | 3, usually (6-7 times per week) | 4, don't know",,,,,,,,,,ashq_matrix_2_parentproxy_child_1,,
ashq_44_parentproxy_child_1,ashq,,radio,"Wake up unusually early, before the normal wake- up time","0, never (0 times per week) | 1, rarely (1-2 times per week) | 2, sometimes (3-5 times per week) | 3, usually (6-7 times per week) | 4, don't know",,,,,,,,,,ashq_matrix_2_parentproxy_child_1,,
ashq_45_parentproxy_child_1,ashq,,radio,"Wake up irritable or in a negative mood","0, never (0 times per week) | 1, rarely (1-2 times per week) | 2, sometimes (3-5 times per week) | 3, usually (6-7 times per week) | 4, don't know",,,,,,,,,,ashq_matrix_2_parentproxy_child_1,,
ashq_46_parentproxy_child_1,ashq,,radio,"Need to be awakened by adults/siblings or alarm clock","0, never (0 times per week) | 1, rarely (1-2 times per week) | 2, sometimes (3-5 times per week) | 3, usually (6-7 times per week) | 4, don't know",,,,,,,,,,ashq_matrix_2_parentproxy_child_1,,
ashq_47_parentproxy_child_1,ashq,,radio,"Have a lot of difficulty getting out of bed in the morning","0, never (0 times per week) | 1, rarely (1-2 times per week) | 2, sometimes (3-5 times per week) | 3, usually (6-7 times per week) | 4, don't know",,,,,,,,,,ashq_matrix_2_parentproxy_child_1,,
ashq_48_parentproxy_child_1,ashq,,radio,"Take a long time to become alert in the morning","0, never (0 times per week) | 1, rarely (1-2 times per week) | 2, sometimes (3-5 times per week) | 3, usually (6-7 times per week) | 4, don't know",,,,,,,,,,ashq_matrix_2_parentproxy_child_1,,
ashq_49_parentproxy_child_1,ashq,,radio,"Drink caffeine products","0, never (0 times per week) | 1, rarely (1-2 times per week) | 2, sometimes (3-5 times per week) | 3, usually (6-7 times per week) | 4, don't know",,,,,,,,,,ashq_matrix_2_parentproxy_child_1,,
ashq_50_parentproxy_child_1,ashq,,radio,"Smoke or use tobacco","0, never (0 times per week) | 1, rarely (1-2 times per week) | 2, sometimes (3-5 times per week) | 3, usually (6-7 times per week) | 4, don't know",,,,,,,,,,ashq_matrix_2_parentproxy_child_1,,
ashq_51_parentproxy_child_1,ashq,,radio,"Exercise regularly","0, never (0 times per week) | 1, rarely (1-2 times per week) | 2, sometimes (3-5 times per week) | 3, usually (6-7 times per week) | 4, don't know",,,,,,,,,,ashq_matrix_2_parentproxy_child_1,,
ashq_52_parentproxy_child_1,ashq,,radio,"Exercise just before bed","0, never (0 times per week) | 1, rarely (1-2 times per week) | 2, sometimes (3-5 times per week) | 3, usually (6-7 times per week) | 4, don't know",,,,,,,,,,ashq_matrix_2_parentproxy_child_1,,
ashq_53_parentproxy_child_1,ashq,,radio,"Have regular meal times","0, never (0 times per week) | 1, rarely (1-2 times per week) | 2, sometimes (3-5 times per week) | 3, usually (6-7 times per week) | 4, don't know",,,,,,,,,,ashq_matrix_2_parentproxy_child_1,,
ashq_54_parentproxy_child_1,ashq,,radio,"Complain of being tired during the day","0, never (0 times per week) | 1, rarely (1-2 times per week) | 2, sometimes (3-5 times per week) | 3, usually (6-7 times per week) | 4, don't know",,,,,,,,,,ashq_matrix_2_parentproxy_child_1,,
ashq_55_parentproxy_child_1,ashq,,radio,"Nap during the day","0, never (0 times per week) | 1, rarely (1-2 times per week) | 2, sometimes (3-5 times per week) | 3, usually (6-7 times per week) | 4, don't know",,,,,,,,,,ashq_matrix_2_parentproxy_child_1,,
ashq_56_parentproxy_child_1,ashq,,radio,"Seem to feel rested after a night's sleep","0, never (0 times per week) | 1, rarely (1-2 times per week) | 2, sometimes (3-5 times per week) | 3, usually (6-7 times per week) | 4, don't know",,,,,,,,,,ashq_matrix_2_parentproxy_child_1,,
ashq_17_response_parentproxy_child_1,ashq,,notes,"What over the counter sleep medications does your child take?",,,,,,,"[ashq_17_parentproxy_child_1] = ""1"" or [ashq_17_parentproxy_child_1] = ""2"" or [ashq_17_parentproxy_child_1] = ""3""",,,,,,
ashq_29_response_parentproxy_child_1,ashq,,notes,"Where in their body does your child report feeling pains at night?",,,,,,,"[ashq_29_parentproxy_child_1] = ""1"" or [ashq_29_parentproxy_child_1] = ""2"" or [ashq_29_parentproxy_child_1] = ""3""",,,,,,
ashq_37_instances_parentproxy_child_1,ashq,,dropdown,"On a night where your child wakes up during the night, how many times does this usually happen?","1, 1 time per night | 2, 2 times per night | 3, 3-5 times per night | 4, more than 5 times per night",,,,,,"[ashq_37_parentproxy_child_1] = ""1"" or [ashq_37_parentproxy_child_1] = ""2"" or [ashq_37_parentproxy_child_1] = ""3""",,,,,,
ashq_37_minutes_parentproxy_child_1,ashq,,dropdown,"On a night where your child wakes up during the night, how many minutes does the night waking typically last?","1, less than 10 minutes | 2, 11-30 minutes | 3, 30 minutes to 1 hour | 4, longer than one hour",,,,,,"[ashq_37_parentproxy_child_1] = ""1"" or [ashq_37_parentproxy_child_1] = ""2"" or [ashq_37_parentproxy_child_1] = ""3""",,,,,,
ashq_57_parentproxy_child_1,ashq,"During the past week, how often has your child (CHILD 1) been very sleepy or fallen asleep during the following activities:",radio,"Playing video games","0, never (0 times per week) | 1, rarely (1-2 times per week) | 2, sometimes (3-5 times per week) | 3, usually (6-7 times per week) | 4, don't know",,,,,,,,,,ashq_matrix_3_parentproxy_child_1,,
ashq_58_parentproxy_child_1,ashq,,radio,"On the computer","0, never (0 times per week) | 1, rarely (1-2 times per week) | 2, sometimes (3-5 times per week) | 3, usually (6-7 times per week) | 4, don't know",,,,,,,,,,ashq_matrix_3_parentproxy_child_1,,
ashq_59_parentproxy_child_1,ashq,,radio,"Doing homework or reading","0, never (0 times per week) | 1, rarely (1-2 times per week) | 2, sometimes (3-5 times per week) | 3, usually (6-7 times per week) | 4, don't know",,,,,,,,,,ashq_matrix_3_parentproxy_child_1,,
ashq_60_parentproxy_child_1,ashq,,radio,"Sitting in class","0, never (0 times per week) | 1, rarely (1-2 times per week) | 2, sometimes (3-5 times per week) | 3, usually (6-7 times per week) | 4, don't know",,,,,,,,,,ashq_matrix_3_parentproxy_child_1,,
ashq_61_parentproxy_child_1,ashq,,radio,"At his/her job","0, never (0 times per week) | 1, rarely (1-2 times per week) | 2, sometimes (3-5 times per week) | 3, usually (6-7 times per week) | 4, don't know",,,,,,,,,,ashq_matrix_3_parentproxy_child_1,,
ashq_62_parentproxy_child_1,ashq,,radio,"Watching TV","0, never (0 times per week) | 1, rarely (1-2 times per week) | 2, sometimes (3-5 times per week) | 3, usually (6-7 times per week) | 4, don't know",,,,,,,,,,ashq_matrix_3_parentproxy_child_1,,
ashq_63_parentproxy_child_1,ashq,,radio,"While eating","0, never (0 times per week) | 1, rarely (1-2 times per week) | 2, sometimes (3-5 times per week) | 3, usually (6-7 times per week) | 4, don't know",,,,,,,,,,ashq_matrix_3_parentproxy_child_1,,
ashq_64_parentproxy_child_1,ashq,,radio,"During a conversation","0, never (0 times per week) | 1, rarely (1-2 times per week) | 2, sometimes (3-5 times per week) | 3, usually (6-7 times per week) | 4, don't know",,,,,,,,,,ashq_matrix_3_parentproxy_child_1,,
