"Variable / Field Name","Form Name","Section Header","Field Type","Field Label","Choices, Calculations, OR Slider Labels","Field Note","Text Validation Type OR Show Slider Number","Text Validation Min","Text Validation Max",Identifier?,"Branching Logic (Show field only if...)","Required Field?","Custom Alignment","Question Number (surveys only)","Matrix Group Name","Matrix Ranking?","Field Annotation"
cshq_instructions_parentproxy_child_1,cshq,,descriptive,"The following statements are about Child 1's sleep habits and possible difficulties with sleep. 

Think about the past week in your child's life when answering the questions. If last week was unusual for a specific reason (such as your child had an ear infection and did not sleep well or the TV was broken) choose the most recent typical week.  ",,,,,,,,,,,,,
cshq_1_parentproxy_child_1,cshq,,text,"Child's usual bedtime:",,"(military time, i.e. 21:00 = 9 p.m.)",time,,,,,,,,,,
cshq_2_parentproxy_child_1,cshq,,text,"Child's usual wake time:",,"(military time, i.e. 07:00 = 7 a.m.)",time,,,,,,,,,,
cshq_3_parentproxy_child_1,cshq,,text,"Child's usual amount of sleep each night (no naps):",,"(hours:minutes, i.e. 08:00 = 8 hours)",time,,,,,,,,,,
cshq_4_parentproxy_child_1,cshq,,text,"Child's usual amount of sleep each day (naps):",,"(hours:minutes, i.e. 02:00 = 2 hours)",time,,,,,,,,,,
cshq_instructions_2_parentproxy_child_1,cshq,,descriptive,"
Answer USUALLY if something occurs 5 or more times in a week.
Answer SOMETIMES if it occurs 2-4 times in a week.
Answer RARELY if something occurs never or 1 time during a week.  

Indicate whether or not the sleep habit is a problem by answering ""Yes""or ""No"".",,,,,,,,,,,,,
cshq_5_parentproxy_child_1,cshq,,radio,"Child goes to bed at the same time at night","3, Usually (5-7) | 2, Sometimes (2-4) | 1, Rarely (0-1)",,,,,,,,RH,,,,
cshq_6_parentproxy_child_1,cshq,,radio,"Is this a problem?","0, No | 1, Yes",,,,,,"[cshq_5_parentproxy_child_1] = '1' or [cshq_5_parentproxy_child_1] = '2'",,RH,,,,
cshq_7_parentproxy_child_1,cshq,,radio,"Child falls asleep in own bed","3, Usually (5-7) | 2, Sometimes (2-4) | 1, Rarely (0-1)",,,,,,,,RH,,,,
cshq_8_parentproxy_child_1,cshq,,radio,"Is this a problem?","0, No | 1, Yes",,,,,,"[cshq_7_parentproxy_child_1] = '1' or [cshq_7_parentproxy_child_1] = '2'",,RH,,,,
cshq_9_parentproxy_child_1,cshq,,radio,"Child falls asleep within 20 minutes after going to bed","3, Usually (5-7) | 2, Sometimes (2-4) | 1, Rarely (0-1)",,,,,,,,RH,,,,
cshq_10_parentproxy_child_1,cshq,,radio,"Is this a problem?","0, No | 1, Yes",,,,,,"[cshq_9_parentproxy_child_1] = '1' or [cshq_9_parentproxy_child_1] = '2'",,RH,,,,
cshq_11_parentproxy_child_1,cshq,,radio,"Child sleeps the right amount","3, Usually (5-7) | 2, Sometimes (2-4) | 1, Rarely (0-1)",,,,,,,,RH,,,,
cshq_12_parentproxy_child_1,cshq,,radio,"Is this a problem?","0, No | 1, Yes",,,,,,"[cshq_11_parentproxy_child_1] = '1' or [cshq_11_parentproxy_child_1] = '2'",,RH,,,,
cshq_13_parentproxy_child_1,cshq,,radio,"Child sleeps about the same amount each day","3, Usually (5-7) | 2, Sometimes (2-4) | 1, Rarely (0-1)",,,,,,,,RH,,,,
cshq_14_parentproxy_child_1,cshq,,radio,"Is this a problem?","0, No | 1, Yes",,,,,,"[cshq_13_parentproxy_child_1] = '1' or [cshq_13_parentproxy_child_1] = '2'",,RH,,,,
cshq_15_parentproxy_child_1,cshq,,radio,"Child wakes up on their own","3, Usually (5-7) | 2, Sometimes (2-4) | 1, Rarely (0-1)",,,,,,,,RH,,,,
cshq_16_parentproxy_child_1,cshq,,radio,"Is this a problem?","0, No | 1, Yes",,,,,,"[cshq_15_parentproxy_child_1] = '1' or [cshq_15_parentproxy_child_1] = '2'",,RH,,,,
cshq_17_parentproxy_child_1,cshq,"Child has appeared very sleepy or fallen asleep during the following (check all that apply):",radio,"Watching TV","0, Not Sleepy | 1, Very Sleepy | 2, Falls Asleep",,,,,,,,,,cshq_matrix_1_parentproxy_child_1,,
cshq_18_parentproxy_child_1,cshq,,radio,"Riding in a car","0, Not Sleepy | 1, Very Sleepy | 2, Falls Asleep",,,,,,,,,,cshq_matrix_1_parentproxy_child_1,,
cshq_19_parentproxy_child_1,cshq,,radio,"Child falls asleep in parent/guardian's or sibling's bed","3, Usually (5-7) | 2, Sometimes (2-4) | 1, Rarely (0-1)",,,,,,,,RH,,,,
cshq_20_parentproxy_child_1,cshq,,radio,"Is this a problem?","0, No | 1, Yes",,,,,,"[cshq_19_parentproxy_child_1] = '2' or [cshq_19_parentproxy_child_1] = '3'",,RH,,,,
cshq_21_parentproxy_child_1,cshq,,radio,"Child struggles at bedtime (cries, refuses to stay in bed, etc.)","3, Usually (5-7) | 2, Sometimes (2-4) | 1, Rarely (0-1)",,,,,,,,RH,,,,
cshq_22_parentproxy_child_1,cshq,,radio,"Is this a problem?","0, No | 1, Yes",,,,,,"[cshq_21_parentproxy_child_1] = '3' or [cshq_21_parentproxy_child_1] = '2'",,RH,,,,
cshq_23_parentproxy_child_1,cshq,,radio,"Child needs parent/guardian in the room to fall asleep","3, Usually (5-7) | 2, Sometimes (2-4) | 1, Rarely (0-1)",,,,,,,,RH,,,,
cshq_24_parentproxy_child_1,cshq,,radio,"Is this a problem?","0, No | 1, Yes",,,,,,"[cshq_23_parentproxy_child_1] = '2' or [cshq_23_parentproxy_child_1] = '3'",,RH,,,,
cshq_25_parentproxy_child_1,cshq,,radio,"Child is afraid of sleeping alone","3, Usually (5-7) | 2, Sometimes (2-4) | 1, Rarely (0-1)",,,,,,,,RH,,,,
cshq_26_parentproxy_child_1,cshq,,radio,"Is this a problem?","0, No | 1, Yes",,,,,,"[cshq_25_parentproxy_child_1] = '2' or [cshq_25_parentproxy_child_1] = '3'",,RH,,,,
cshq_27_parentproxy_child_1,cshq,,radio,"Child sleeps too little","3, Usually (5-7) | 2, Sometimes (2-4) | 1, Rarely (0-1)",,,,,,,,RH,,,,
cshq_28_parentproxy_child_1,cshq,,radio,"Is this a problem?","0, No | 1, Yes",,,,,,"[cshq_27_parentproxy_child_1] = '2' or [cshq_27_parentproxy_child_1] = '3'",,RH,,,,
cshq_29_parentproxy_child_1,cshq,,radio,"Child is afraid of sleeping in the dark","3, Usually (5-7) | 2, Sometimes (2-4) | 1, Rarely (0-1)",,,,,,,,RH,,,,
cshq_30_parentproxy_child_1,cshq,,radio,"Is this a problem?","0, No | 1, Yes",,,,,,"[cshq_29_parentproxy_child_1] = '3' or [cshq_29_parentproxy_child_1] = '2'",,RH,,,,
cshq_31_parentproxy_child_1,cshq,,radio,"Child has trouble sleeping away from home (visiting relatives, vacation, etc.)","3, Usually (5-7) | 2, Sometimes (2-4) | 1, Rarely (0-1)",,,,,,,,RH,,,,
cshq_32_parentproxy_child_1,cshq,,radio,"Is this a problem?","0, No | 1, Yes",,,,,,"[cshq_31_parentproxy_child_1] = '3' or [cshq_31_parentproxy_child_1] = '2'",,RH,,,,
cshq_33_parentproxy_child_1,cshq,,radio,"Child moves to someone else's bed during the night (parent/guardian, sibling, etc.)","3, Usually (5-7) | 2, Sometimes (2-4) | 1, Rarely (0-1)",,,,,,,,RH,,,,
cshq_34_parentproxy_child_1,cshq,,radio,"Is this a problem?","0, No | 1, Yes",,,,,,"[cshq_33_parentproxy_child_1] = '3' or [cshq_33_parentproxy_child_1] = '2'",,RH,,,,
cshq_35_parentproxy_child_1,cshq,,radio,"Child awakens once during the night","3, Usually (5-7) | 2, Sometimes (2-4) | 1, Rarely (0-1)",,,,,,,,RH,,,,
cshq_36_parentproxy_child_1,cshq,,radio,"Is this a problem?","0, No | 1, Yes",,,,,,"[cshq_35_parentproxy_child_1] = '3' or [cshq_35_parentproxy_child_1] = '2'",,RH,,,,
cshq_37_parentproxy_child_1,cshq,,radio,"Child awakens more than once during the night","3, Usually (5-7) | 2, Sometimes (2-4) | 1, Rarely (0-1)",,,,,,,,RH,,,,
cshq_38_parentproxy_child_1,cshq,,radio,"Is this a problem?","0, No | 1, Yes",,,,,,"[cshq_37_parentproxy_child_1] = '3' or [cshq_37_parentproxy_child_1] = '2'",,RH,,,,
cshq_39_parentproxy_child_1,cshq,,text,"Write the number of minutes per night waking usually lasts:",,"(hours:minutes, i.e. 00:20 = 20 minutes)",time,,,,"[cshq_35_parentproxy_child_1] = '3' or [cshq_35_parentproxy_child_1] = '2'
or
[cshq_37_parentproxy_child_1] = '3' or [cshq_37_parentproxy_child_1] = '2'",,RH,,,,
cshq_40_parentproxy_child_1,cshq,,radio,"Child talks during sleep","3, Usually (5-7) | 2, Sometimes (2-4) | 1, Rarely (0-1)",,,,,,,,RH,,,,
cshq_41_parentproxy_child_1,cshq,,radio,"Is this a problem?","0, No | 1, Yes",,,,,,"[cshq_40_parentproxy_child_1] = '3' or [cshq_40_parentproxy_child_1] = '2'",,RH,,,,
cshq_42_parentproxy_child_1,cshq,,radio,"Child is restless and moves a lot during sleep","3, Usually (5-7) | 2, Sometimes (2-4) | 1, Rarely (0-1)",,,,,,,,RH,,,,
cshq_43_parentproxy_child_1,cshq,,radio,"Is this a problem?","0, No | 1, Yes",,,,,,"[cshq_42_parentproxy_child_1] = '3' or [cshq_42_parentproxy_child_1] = '2'",,RH,,,,
cshq_44_parentproxy_child_1,cshq,,radio,"Child sleepwalks during the night","3, Usually (5-7) | 2, Sometimes (2-4) | 1, Rarely (0-1)",,,,,,,,RH,,,,
cshq_45_parentproxy_child_1,cshq,,radio,"Is this a problem?","0, No | 1, Yes",,,,,,"[cshq_44_parentproxy_child_1] = '3' or [cshq_44_parentproxy_child_1] = '2'",,RH,,,,
cshq_46_parentproxy_child_1,cshq,,radio,"Child wets the bed at night","3, Usually (5-7) | 2, Sometimes (2-4) | 1, Rarely (0-1)",,,,,,,,RH,,,,
cshq_47_parentproxy_child_1,cshq,,radio,"Is this a problem?","0, No | 1, Yes",,,,,,"[cshq_46_parentproxy_child_1] = '3' or [cshq_46_parentproxy_child_1] = '2'",,RH,,,,
cshq_48_parentproxy_child_1,cshq,,radio,"Child grinds teeth at night (your dentist may have told you this)","3, Usually (5-7) | 2, Sometimes (2-4) | 1, Rarely (0-1)",,,,,,,,RH,,,,
cshq_49_parentproxy_child_1,cshq,,radio,"Is this a problem?","0, No | 1, Yes",,,,,,"[cshq_48_parentproxy_child_1] = '3' or [cshq_48_parentproxy_child_1] = '2'",,RH,,,,
cshq_50_parentproxy_child_1,cshq,,radio,"Child awakens alarmed by a frightening dream","3, Usually (5-7) | 2, Sometimes (2-4) | 1, Rarely (0-1)",,,,,,,,RH,,,,
cshq_51_parentproxy_child_1,cshq,,radio,"Is this a problem?","0, No | 1, Yes",,,,,,"[cshq_50_parentproxy_child_1] = '3' or [cshq_50_parentproxy_child_1] = '2'",,RH,,,,
cshq_52_parentproxy_child_1,cshq,,radio,"Child awakens during night screaming, sweating, and inconsolable","3, Usually (5-7) | 2, Sometimes (2-4) | 1, Rarely (0-1)",,,,,,,,RH,,,,
cshq_53_parentproxy_child_1,cshq,,radio,"Is this a problem?","0, No | 1, Yes",,,,,,"[cshq_52_parentproxy_child_1] = '3' or [cshq_52_parentproxy_child_1] = '2'",,RH,,,,
cshq_54_parentproxy_child_1,cshq,,radio,"Child snores loudly","3, Usually (5-7) | 2, Sometimes (2-4) | 1, Rarely (0-1)",,,,,,,,RH,,,,
cshq_55_parentproxy_child_1,cshq,,radio,"Is this a problem?","0, No | 1, Yes",,,,,,"[cshq_54_parentproxy_child_1] = '3' or [cshq_54_parentproxy_child_1] = '2'",,RH,,,,
cshq_56_parentproxy_child_1,cshq,,radio,"Child seems to stop breathing during sleep","3, Usually (5-7) | 2, Sometimes (2-4) | 1, Rarely (0-1)",,,,,,,,RH,,,,
cshq_57_parentproxy_child_1,cshq,,radio,"Is this a problem?","0, No | 1, Yes",,,,,,"[cshq_56_parentproxy_child_1] = '3' or [cshq_56_parentproxy_child_1] = '2'",,RH,,,,
cshq_58_parentproxy_child_1,cshq,,radio,"Child snorts and/or gasps during sleep","3, Usually (5-7) | 2, Sometimes (2-4) | 1, Rarely (0-1)",,,,,,,,RH,,,,
cshq_59_parentproxy_child_1,cshq,,radio,"Is this a problem?","0, No | 1, Yes",,,,,,"[cshq_58_parentproxy_child_1] = '3' or [cshq_58_parentproxy_child_1] = '2'",,RH,,,,
cshq_60_parentproxy_child_1,cshq,,radio,"Child wakes up in a negative mood","3, Usually (5-7) | 2, Sometimes (2-4) | 1, Rarely (0-1)",,,,,,,,RH,,,,
cshq_61_parentproxy_child_1,cshq,,radio,"Is this a problem?","0, No | 1, Yes",,,,,,"[cshq_60_parentproxy_child_1] = '3' or [cshq_60_parentproxy_child_1] = '2'",,RH,,,,
cshq_62_parentproxy_child_1,cshq,,radio,"Adults or siblings wake up child","3, Usually (5-7) | 2, Sometimes (2-4) | 1, Rarely (0-1)",,,,,,,,RH,,,,
cshq_63_parentproxy_child_1,cshq,,radio,"Is this a problem?","0, No | 1, Yes",,,,,,"[cshq_62_parentproxy_child_1] = '3' or [cshq_62_parentproxy_child_1] = '2'",,RH,,,,
cshq_64_parentproxy_child_1,cshq,,radio,"Child has difficulty getting out of bed in the morning","3, Usually (5-7) | 2, Sometimes (2-4) | 1, Rarely (0-1)",,,,,,,,RH,,,,
cshq_65_parentproxy_child_1,cshq,,radio,"Is this a problem?","0, No | 1, Yes",,,,,,"[cshq_64_parentproxy_child_1] = '3' or [cshq_64_parentproxy_child_1] = '2'",,RH,,,,
cshq_66_parentproxy_child_1,cshq,,radio,"Child takes a long time to become alert in the morning","3, Usually (5-7) | 2, Sometimes (2-4) | 1, Rarely (0-1)",,,,,,,,RH,,,,
cshq_67_parentproxy_child_1,cshq,,radio,"Is this a problem?","0, No | 1, Yes",,,,,,"[cshq_66_parentproxy_child_1] = '3' or [cshq_66_parentproxy_child_1] = '2'",,RH,,,,
cshq_68_parentproxy_child_1,cshq,,radio,"Child seems tired in the morning","3, Usually (5-7) | 2, Sometimes (2-4) | 1, Rarely (0-1)",,,,,,,,RH,,,,
cshq_69_parentproxy_child_1,cshq,,radio,"Is this a problem?","0, No | 1, Yes",,,,,,"[cshq_68_parentproxy_child_1] = '3' or [cshq_68_parentproxy_child_1] = '2'",,RH,,,,
