"Variable / Field Name","Form Name","Section Header","Field Type","Field Label","Choices, Calculations, OR Slider Labels","Field Note","Text Validation Type OR Show Slider Number","Text Validation Min","Text Validation Max",Identifier?,"Branching Logic (Show field only if...)","Required Field?","Custom Alignment","Question Number (surveys only)","Matrix Group Name","Matrix Ranking?","Field Annotation"
parenting_stress_1_parentself,parenting_stress,"The following statements describe feelings and perceptions about the experience of parenting a child. Think of each of the items in terms of how your relationship with your child or children typically was before the onset of the COVID-19 outbreak.

Please indicate the degree to which you agree or disagree with the following items.",radio,"Caring for my child(ren) sometimes takes more energy than I have to give.","1, Strongly Disagree | 2, Disagree | 3, Neither Agree nor Disagree | 4, Agree | 5, Strongly Agree",,,,,,,,,,parenting_stress_parentself_matrix_1,y,
parenting_stress_2_parentself,parenting_stress,,radio,"I sometimes worry whether I am doing enough for my child(ren).","1, Strongly Disagree | 2, Disagree | 3, Neither Agree nor Disagree | 4, Agree | 5, Strongly Agree",,,,,,,,,,parenting_stress_parentself_matrix_1,y,
parenting_stress_3_parentself,parenting_stress,,radio,"Having child(ren) leaves little time and flexibility in my life.","1, Strongly Disagree | 2, Disagree | 3, Neither Agree nor Disagree | 4, Agree | 5, Strongly Agree",,,,,,,,,,parenting_stress_parentself_matrix_1,y,
parenting_stress_4_parentself,parenting_stress,,radio,"I feel overwhelmed by the responsibility of being a parent.","1, Strongly Disagree | 2, Disagree | 3, Neither Agree nor Disagree | 4, Agree | 5, Strongly Agree",,,,,,,,,,parenting_stress_parentself_matrix_1,y,
parenting_stress_5_parentself,parenting_stress,"The following statements describe feelings and perceptions about the experience of parenting a child. Think of each of the items in terms of how your relationship with your child or children has been impacted by the COVID-19 crisis and the resulting Stay-at-Home Order (if applicable).

Please indicate the degree to which you agree or disagree with the following items.",radio,"Caring for my child(ren) sometimes takes more energy than I have to give.","1, Strongly Disagree | 2, Disagree | 3, Neither Agree nor Disagree | 4, Agree | 5, Strongly Agree",,,,,,,,,,parenting_stress_parentself_matrix_2,,
parenting_stress_6_parentself,parenting_stress,,radio,"I sometimes worry whether I am doing enough for my child(ren).","1, Strongly Disagree | 2, Disagree | 3, Neither Agree nor Disagree | 4, Agree | 5, Strongly Agree",,,,,,,,,,parenting_stress_parentself_matrix_2,,
parenting_stress_7_parentself,parenting_stress,,radio,"Having child(ren) leaves little time and flexibility in my life.","1, Strongly Disagree | 2, Disagree | 3, Neither Agree nor Disagree | 4, Agree | 5, Strongly Agree",,,,,,,,,,parenting_stress_parentself_matrix_2,,
parenting_stress_8_parentself,parenting_stress,,radio,"I feel overwhelmed by the responsibility of being a parent.","1, Strongly Disagree | 2, Disagree | 3, Neither Agree nor Disagree | 4, Agree | 5, Strongly Agree",,,,,,,,,,parenting_stress_parentself_matrix_2,,
parenting_stress_9_parentself,parenting_stress,,radio,"Caring for my child(ren) while sheltered at home often leaves me exhausted by the end of the day.","1, Strongly Disagree | 2, Disagree | 3, Neither Agree nor Disagree | 4, Agree | 5, Strongly Agree",,,,,,,,,,parenting_stress_parentself_matrix_2,,
parenting_stress_10_parentself,parenting_stress,,radio,"Juggling my personal responsibilities and caregiving duties at home, I worry whether I am doing enough for my child(ren).","1, Strongly Disagree | 2, Disagree | 3, Neither Agree nor Disagree | 4, Agree | 5, Strongly Agree",,,,,,,,,,parenting_stress_parentself_matrix_2,,
parenting_stress_11_parentself,parenting_stress,,radio,"Given the need to isolate at home, I feel overwhelmed by the amount of time I have to dedicate to caring for my child(ren).","1, Strongly Disagree | 2, Disagree | 3, Neither Agree nor Disagree | 4, Agree | 5, Strongly Agree",,,,,,,,,,parenting_stress_parentself_matrix_2,,
parenting_stress_12_parentself,parenting_stress,,radio,"Since the COVID-19 outbreak, I feel more stressed about the responsibility of caring for my child.","1, Strongly Disagree | 2, Disagree | 3, Neither Agree nor Disagree | 4, Agree | 5, Strongly Agree",,,,,,,,,,parenting_stress_parentself_matrix_2,,
parenting_stress_13_parentself,parenting_stress,,radio,"I believe that stress surrounding the COVID-19 outbreak has negatively impacted the quality of my relationship with my child.","1, Strongly Disagree | 2, Disagree | 3, Neither Agree nor Disagree | 4, Agree | 5, Strongly Agree",,,,,,,,,,parenting_stress_parentself_matrix_2,,
parenting_stress_14_parentself,parenting_stress,,checkbox,"Which of the following things have caused you to feel more stressed as a parent because of the pandemic? (check all that apply)","1, Having to help my child with schoolwork | 2, Not having resources needed for child's schoolwork (i.e. laptops, webcam, internet, quiet place to work) | 3, Receiving emails from teachers because of my child's schoolwork | 4, Getting my child out of bed in the morning | 5, Getting my child to be more active | 6, Getting my child to help with chores at home | 7, Supervising my child's activities online or on their phone (e.g., social media use) | 8, Conflicts between my child and their sibling(s) | 9, Conflicts between me or other parent and my child | 10, Conflicts between my child and their friend(s) | 11, My child feeling lonely or excluded from online social events (e.g., Houseparty games) | 12, Having to work at home full-time | 13, Extra meal preparation | 14, Extra housework",,,,,,,,,,,,
