﻿"Variable / Field Name","Form Name","Section Header","Field Type","Field Label","Choices, Calculations, OR Slider Labels","Field Note","Text Validation Type OR Show Slider Number","Text Validation Min","Text Validation Max",Identifier?,"Branching Logic (Show field only if...)","Required Field?","Custom Alignment","Question Number (surveys only)","Matrix Group Name","Matrix Ranking?","Field Annotation"
pcrq_1_parentproxy_child_1,pcrq,"Por favor reflexiona sobre el grado en que cada una de las siguientes afirmaciones se aplica actualmente a su relación con Niñ@ 1. Con la escala debajo, marque la respuesta adecuada para cada artículo. ",radio,"Comparto una relación afectuosa y de cálida con mi hij@.","1, Definitivamente no se aplica | 2, En realidad no | 3, Neutral, no seguro | 4, Se aplica algo | 5, Definitivamente se aplica",,,,,,,,,,pcrq_parentproxy_child_1,,
pcrq_2_parentproxy_child_1,pcrq,,radio,"Mi hij@ me muestra y involucra en sus intereses","1, Definitivamente no se aplica | 2, En realidad no | 3, Neutral, no seguro | 4, Se aplica algo | 5, Definitivamente se aplica",,,,,,,,,,pcrq_parentproxy_child_1,,
pcrq_3_parentproxy_child_1,pcrq,,radio,"Mi hij@ busca confianza en mi al intentar cosas nuevas","1, Definitivamente no se aplica | 2, En realidad no | 3, Neutral, no seguro | 4, Se aplica algo | 5, Definitivamente se aplica",,,,,,,,,,pcrq_parentproxy_child_1,,
pcrq_4_parentproxy_child_1,pcrq,,radio,"Mi hij@ no quiere aceptar ayuda cuando necesita","1, Definitivamente no se aplica | 2, En realidad no | 3, Neutral, no seguro | 4, Se aplica algo | 5, Definitivamente se aplica",,,,,,,,,,pcrq_parentproxy_child_1,,
pcrq_5_parentproxy_child_1,pcrq,,radio,"Al usar su lenguaje corporal, mi hij@ puede mostrarme que quiere jugar, hablar, o interactuar.","1, Definitivamente no se aplica | 2, En realidad no | 3, Neutral, no seguro | 4, Se aplica algo | 5, Definitivamente se aplica",,,,,,,,,,pcrq_parentproxy_child_1,,
pcrq_6_parentproxy_child_1,pcrq,,radio,"Me pregunto mucho sobre qué estará pensando y sintiendo mi hij@.","1, Definitivamente no se aplica | 2, En realidad no | 3, Neutral, no seguro | 4, Se aplica algo | 5, Definitivamente se aplica",,,,,,,,,,pcrq_parentproxy_child_1,,
pcrq_7_parentproxy_child_1,pcrq,,radio,"Parece que tengo la necesidad para controlar y liderar las cosas y me cuesta retroceder","1, Definitivamente no se aplica | 2, En realidad no | 3, Neutral, no seguro | 4, Se aplica algo | 5, Definitivamente se aplica",,,,,,,,,,pcrq_parentproxy_child_1,,
pcrq_8_parentproxy_child_1,pcrq,,radio,"Cuando estoy en casa con mi hij@, interactuamos y hablamos mucho.","1, Definitivamente no se aplica | 2, En realidad no | 3, Neutral, no seguro | 4, Se aplica algo | 5, Definitivamente se aplica",,,,,,,,,,pcrq_parentproxy_child_1,,
pcrq_9_parentproxy_child_1,pcrq,,radio,"Mi hij@ hace un seguimiento de mi ubicación en entornos nuevos.","1, Definitivamente no se aplica | 2, En realidad no | 3, Neutral, no seguro | 4, Se aplica algo | 5, Definitivamente se aplica",,,,,,,,,,pcrq_parentproxy_child_1,,
pcrq_10_parentproxy_child_1,pcrq,,radio,"Mi hij@ depende demasiado en mi.","1, Definitivamente no se aplica | 2, En realidad no | 3, Neutral, no seguro | 4, Se aplica algo | 5, Definitivamente se aplica",,,,,,,,,,pcrq_parentproxy_child_1,,
pcrq_11_parentproxy_child_1,pcrq,,radio,"Las emociones de mi hij@ hacia mi, pueden ser impredecibles o pueden cambiar de repente.","1, Definitivamente no se aplica | 2, En realidad no | 3, Neutral, no seguro | 4, Se aplica algo | 5, Definitivamente se aplica",,,,,,,,,,pcrq_parentproxy_child_1,,
pcrq_12_parentproxy_child_1,pcrq,,radio,"Me resulta difícil entender las necesidades de mi hij@.","1, Definitivamente no se aplica | 2, En realidad no | 3, Neutral, no seguro | 4, Se aplica algo | 5, Definitivamente se aplica",,,,,,,,,,pcrq_parentproxy_child_1,,
pcrq_13_parentproxy_child_1,pcrq,,radio,"Mi hij@ a menudo recorre a mi en busca de consuelo y apoyo cuando se siente preocupado por algo","1, Definitivamente no se aplica | 2, En realidad no | 3, Neutral, no seguro | 4, Se aplica algo | 5, Definitivamente se aplica",,,,,,,,,,pcrq_parentproxy_child_1,,
pcrq_14_parentproxy_child_1,pcrq,,radio,"Cuando veo a mi hij@ molesto, trato de hacerle preguntas para que pueda entender mejor lo que está sintiendo.","1, Definitivamente no se aplica | 2, En realidad no | 3, Neutral, no seguro | 4, Se aplica algo | 5, Definitivamente se aplica",,,,,,,,,,pcrq_parentproxy_child_1,,
pcrq_15_parentproxy_child_1,pcrq,,radio,"Mi hij@ se enoja fácilmente conmigo.","1, Definitivamente no se aplica | 2, En realidad no | 3, Neutral, no seguro | 4, Se aplica algo | 5, Definitivamente se aplica",,,,,,,,,,pcrq_parentproxy_child_1,,
pcrq_16_parentproxy_child_1,pcrq,,radio,"Mi hij@ se da cuenta cuando estoy molesto y intenta consolarme.","1, Definitivamente no se aplica | 2, En realidad no | 3, Neutral, no seguro | 4, Se aplica algo | 5, Definitivamente se aplica",,,,,,,,,,pcrq_parentproxy_child_1,,
pcrq_17_parentproxy_child_1,pcrq,,radio,"Mi hij@ se siente incómodo con el afecto físico o tacto de mí","1, Definitivamente no se aplica | 2, En realidad no | 3, Neutral, no seguro | 4, Se aplica algo | 5, Definitivamente se aplica",,,,,,,,,,pcrq_parentproxy_child_1,,
pcrq_18_parentproxy_child_1,pcrq,,radio,"De vez en cuando, mi hij@ me provoca más enojó de lo normal.","1, Definitivamente no se aplica | 2, En realidad no | 3, Neutral, no seguro | 4, Se aplica algo | 5, Definitivamente se aplica",,,,,,,,,,pcrq_parentproxy_child_1,,
pcrq_19_parentproxy_child_1,pcrq,,radio,"Yo trato de ver las situaciones a través de los ojos de mi hij@.","1, Definitivamente no se aplica | 2, En realidad no | 3, Neutral, no seguro | 4, Se aplica algo | 5, Definitivamente se aplica",,,,,,,,,,pcrq_parentproxy_child_1,,
pcrq_20_parentproxy_child_1,pcrq,,radio,"Mi hij@ comparte abiertamente sus sentimientos y experiencias conmigo.","1, Definitivamente no se aplica | 2, En realidad no | 3, Neutral, no seguro | 4, Se aplica algo | 5, Definitivamente se aplica",,,,,,,,,,pcrq_parentproxy_child_1,,
pcrq_21_parentproxy_child_1,pcrq,,radio,"Tengo éxito en ajustándome al comportamiento y acciones de mi hij@ cuando es necesario.","1, Definitivamente no se aplica | 2, En realidad no | 3, Neutral, no seguro | 4, Se aplica algo | 5, Definitivamente se aplica",,,,,,,,,,pcrq_parentproxy_child_1,,
attention_check_2,pcrq,,radio,"Para asegurarse de que está prestando atención completa a este estudio, seleccione la opción 2, ""En realidad no""","1, Definitivamente no se aplica | 2, En realidad no | 3, Neutral, no seguro | 4, Se aplica algo | 5, Definitivamente se aplica",,,,,,,,,,pcrq_parentproxy_child_1,,
pcrq_22_parentproxy_child_1,pcrq,,radio,"A menudo, el comportamiento de mi hij@ es demasiado confuso para tratar de resolverlo.","1, Definitivamente no se aplica | 2, En realidad no | 3, Neutral, no seguro | 4, Se aplica algo | 5, Definitivamente se aplica",,,,,,,,,,pcrq_parentproxy_child_1,,
pcrq_23_parentproxy_child_1,pcrq,,radio,"Cuando mi hij@ muestra un comportamiento difícil o opositor, a veces no sé cómo lidiar con el conflicto.","1, Definitivamente no se aplica | 2, En realidad no | 3, Neutral, no seguro | 4, Se aplica algo | 5, Definitivamente se aplica",,,,,,,,,,pcrq_parentproxy_child_1,,
pcrq_24_parentproxy_child_1,pcrq,,radio,"Cuando mi hij@ está enojado, le ayudó a entender sus sentimientos.","1, Definitivamente no se aplica | 2, En realidad no | 3, Neutral, no seguro | 4, Se aplica algo | 5, Definitivamente se aplica",,,,,,,,,,pcrq_parentproxy_child_1,,
pcrq_25_parentproxy_child_1,pcrq,,radio,"Mi hij@ y yo siempre batallamos el uno con el otro.","1, Definitivamente no se aplica | 2, En realidad no | 3, Neutral, no seguro | 4, Se aplica algo | 5, Definitivamente se aplica",,,,,,,,,,pcrq_parentproxy_child_1,,
pcrq_26_parentproxy_child_1,pcrq,,radio,"Mis interacciones con mi hij@ me hacen sentir efectivo y seguro de mi mismo como padre.","1, Definitivamente no se aplica | 2, En realidad no | 3, Neutral, no seguro | 4, Se aplica algo | 5, Definitivamente se aplica",,,,,,,,,,pcrq_parentproxy_child_1,,
pcrq_1_parentproxy_child_2,pcrq,"Por favor reflexiona sobre el grado en que cada una de las siguientes afirmaciones se aplica actualmente a su relación con Niñ@ 2. Con la escala debajo, marque la respuesta adecuada para cada artículo. ",radio,"Comparto un relación afectuosa y de cálida con mi hij@.","1, Definitivamente no se aplica | 2, En realidad no | 3, Neutral, no seguro | 4, Se aplica algo | 5, Definitivamente se aplica",,,,,,"[parentself_number_children_study] = '2' or [parentself_number_children_study] = '3' or [parentself_number_children_study] = '4'",,,,pcrq_parentproxy_child_2,,
pcrq_2_parentproxy_child_2,pcrq,,radio,"Mi hij@ me muestra y involucra en sus intereses","1, Definitivamente no se aplica | 2, En realidad no | 3, Neutral, no seguro | 4, Se aplica algo | 5, Definitivamente se aplica",,,,,,"[parentself_number_children_study] = '2' or [parentself_number_children_study] = '3' or [parentself_number_children_study] = '4'",,,,pcrq_parentproxy_child_2,,
pcrq_3_parentproxy_child_2,pcrq,,radio,"Mi hij@ busca confianza en mi al intentar cosas nuevas.","1, Definitivamente no se aplica | 2, En realidad no | 3, Neutral, no seguro | 4, Se aplica algo | 5, Definitivamente se aplica",,,,,,"[parentself_number_children_study] = '2' or [parentself_number_children_study] = '3' or [parentself_number_children_study] = '4'",,,,pcrq_parentproxy_child_2,,
pcrq_4_parentproxy_child_2,pcrq,,radio,"Mi hij@ no quiere aceptar ayuda cuando la necesita.","1, Definitivamente no se aplica | 2, En realidad no | 3, Neutral, no seguro | 4, Se aplica algo | 5, Definitivamente se aplica",,,,,,"[parentself_number_children_study] = '2' or [parentself_number_children_study] = '3' or [parentself_number_children_study] = '4'",,,,pcrq_parentproxy_child_2,,
pcrq_5_parentproxy_child_2,pcrq,,radio,"Al usar su lenguaje corporal, mi hij@ puede mostrarme que quiere jugar, hablar, o interactuar.","1, Definitivamente no se aplica | 2, En realidad no | 3, Neutral, no seguro | 4, Se aplica algo | 5, Definitivamente se aplica",,,,,,"[parentself_number_children_study] = '2' or [parentself_number_children_study] = '3' or [parentself_number_children_study] = '4'",,,,pcrq_parentproxy_child_2,,
pcrq_6_parentproxy_child_2,pcrq,,radio,"Me pregunto mucho sobre qué estará pensando y sintiendo mi hij@.","1, Definitivamente no se aplica | 2, En realidad no | 3, Neutral, no seguro | 4, Se aplica algo | 5, Definitivamente se aplica",,,,,,"[parentself_number_children_study] = '2' or [parentself_number_children_study] = '3' or [parentself_number_children_study] = '4'",,,,pcrq_parentproxy_child_2,,
pcrq_7_parentproxy_child_2,pcrq,,radio,"Parece que yo tengo la necesidad para controlar y liderar las cosas y me cuesta retroceder.","1, Definitivamente no se aplica | 2, En realidad no | 3, Neutral, no seguro | 4, Se aplica algo | 5, Definitivamente se aplica",,,,,,"[parentself_number_children_study] = '2' or [parentself_number_children_study] = '3' or [parentself_number_children_study] = '4'",,,,pcrq_parentproxy_child_2,,
pcrq_8_parentproxy_child_2,pcrq,,radio,"Cuando estoy en casa con mi hij@, interactuamos y hablamos mucho.","1, Definitivamente no se aplica | 2, En realidad no | 3, Neutral, no seguro | 4, Se aplica algo | 5, Definitivamente se aplica",,,,,,"[parentself_number_children_study] = '2' or [parentself_number_children_study] = '3' or [parentself_number_children_study] = '4'",,,,pcrq_parentproxy_child_2,,
pcrq_9_parentproxy_child_2,pcrq,,radio,"Mi hij@ hace un seguimiento de mi ubicación en entornos nuevos.","1, Definitivamente no se aplica | 2, En realidad no | 3, Neutral, no seguro | 4, Se aplica algo | 5, Definitivamente se aplica",,,,,,"[parentself_number_children_study] = '2' or [parentself_number_children_study] = '3' or [parentself_number_children_study] = '4'",,,,pcrq_parentproxy_child_2,,
pcrq_10_parentproxy_child_2,pcrq,,radio,"Mi hij@ depende demasiado en mi.","1, Definitivamente no se aplica | 2, En realidad no | 3, Neutral, no seguro | 4, Se aplica algo | 5, Definitivamente se aplica",,,,,,"[parentself_number_children_study] = '2' or [parentself_number_children_study] = '3' or [parentself_number_children_study] = '4'",,,,pcrq_parentproxy_child_2,,
pcrq_11_parentproxy_child_2,pcrq,,radio,"Las emociones de mi hij@ hacia mi, pueden ser impredecible o pueden cambiar de repente.","1, Definitivamente no se aplica | 2, En realidad no | 3, Neutral, no seguro | 4, Se aplica algo | 5, Definitivamente se aplica",,,,,,"[parentself_number_children_study] = '2' or [parentself_number_children_study] = '3' or [parentself_number_children_study] = '4'",,,,pcrq_parentproxy_child_2,,
pcrq_12_parentproxy_child_2,pcrq,,radio,"Me resulta difícil entender las necesidades de mi hij@.","1, Definitivamente no se aplica | 2, En realidad no | 3, Neutral, no seguro | 4, Se aplica algo | 5, Definitivamente se aplica",,,,,,"[parentself_number_children_study] = '2' or [parentself_number_children_study] = '3' or [parentself_number_children_study] = '4'",,,,pcrq_parentproxy_child_2,,
pcrq_13_parentproxy_child_2,pcrq,,radio,"Mi hij@ a menudo recorre a mi en busca de consuelo y apoyo cuando se siente preocupado por algo","1, Definitivamente no se aplica | 2, En realidad no | 3, Neutral, no seguro | 4, Se aplica algo | 5, Definitivamente se aplica",,,,,,"[parentself_number_children_study] = '2' or [parentself_number_children_study] = '3' or [parentself_number_children_study] = '4'",,,,pcrq_parentproxy_child_2,,
pcrq_14_parentproxy_child_2,pcrq,,radio,"Cuando veo a mi hij@ molesto, trato de hacerle preguntas para que pueda entender mejor lo que está sintiendo.","1, Definitivamente no se aplica | 2, En realidad no | 3, Neutral, no seguro | 4, Se aplica algo | 5, Definitivamente se aplica",,,,,,"[parentself_number_children_study] = '2' or [parentself_number_children_study] = '3' or [parentself_number_children_study] = '4'",,,,pcrq_parentproxy_child_2,,
pcrq_15_parentproxy_child_2,pcrq,,radio,"Mi hij@ se enoja fácilmente conmigo.","1, Definitivamente no se aplica | 2, En realidad no | 3, Neutral, no seguro | 4, Se aplica algo | 5, Definitivamente se aplica",,,,,,"[parentself_number_children_study] = '2' or [parentself_number_children_study] = '3' or [parentself_number_children_study] = '4'",,,,pcrq_parentproxy_child_2,,
pcrq_16_parentproxy_child_2,pcrq,,radio,"Mi hij@ se da cuenta cuando estoy molesto y intenta consolarme.","1, Definitivamente no se aplica | 2, En realidad no | 3, Neutral, no seguro | 4, Se aplica algo | 5, Definitivamente se aplica",,,,,,"[parentself_number_children_study] = '2' or [parentself_number_children_study] = '3' or [parentself_number_children_study] = '4'",,,,pcrq_parentproxy_child_2,,
pcrq_17_parentproxy_child_2,pcrq,,radio,"Mi hij@ se siente incómodo con el afecto físico o tacto de mi.","1, Definitivamente no se aplica | 2, En realidad no | 3, Neutral, no seguro | 4, Se aplica algo | 5, Definitivamente se aplica",,,,,,"[parentself_number_children_study] = '2' or [parentself_number_children_study] = '3' or [parentself_number_children_study] = '4'",,,,pcrq_parentproxy_child_2,,
pcrq_18_parentproxy_child_2,pcrq,,radio,"De vez en cuando, mi hij@ me provoca más enojó de lo normal.","1, Definitivamente no se aplica | 2, En realidad no | 3, Neutral, no seguro | 4, Se aplica algo | 5, Definitivamente se aplica",,,,,,"[parentself_number_children_study] = '2' or [parentself_number_children_study] = '3' or [parentself_number_children_study] = '4'",,,,pcrq_parentproxy_child_2,,
pcrq_19_parentproxy_child_2,pcrq,,radio,"Yo trato de ver las situaciones a través de los ojos de mi hij@.","1, Definitivamente no se aplica | 2, En realidad no | 3, Neutral, no seguro | 4, Se aplica algo | 5, Definitivamente se aplica",,,,,,"[parentself_number_children_study] = '2' or [parentself_number_children_study] = '3' or [parentself_number_children_study] = '4'",,,,pcrq_parentproxy_child_2,,
pcrq_20_parentproxy_child_2,pcrq,,radio,"Mi hij@ comparte abiertamente sus sentimientos y experiencias conmigo.","1, Definitivamente no se aplica | 2, En realidad no | 3, Neutral, no seguro | 4, Se aplica algo | 5, Definitivamente se aplica",,,,,,"[parentself_number_children_study] = '2' or [parentself_number_children_study] = '3' or [parentself_number_children_study] = '4'",,,,pcrq_parentproxy_child_2,,
pcrq_21_parentproxy_child_2,pcrq,,radio,"Tengo éxito en ajustándome a los comportamientos y acciones de mi hij@ cuando es necesario.","1, Definitivamente no se aplica | 2, En realidad no | 3, Neutral, no seguro | 4, Se aplica algo | 5, Definitivamente se aplica",,,,,,"[parentself_number_children_study] = '2' or [parentself_number_children_study] = '3' or [parentself_number_children_study] = '4'",,,,pcrq_parentproxy_child_2,,
pcrq_22_parentproxy_child_2,pcrq,,radio,"A menudo, el comportamiento de mi hij@ es demasiado confuso para tratar resolverlo.","1, Definitivamente no se aplica | 2, En realidad no | 3, Neutral, no seguro | 4, Se aplica algo | 5, Definitivamente se aplica",,,,,,"[parentself_number_children_study] = '2' or [parentself_number_children_study] = '3' or [parentself_number_children_study] = '4'",,,,pcrq_parentproxy_child_2,,
pcrq_23_parentproxy_child_2,pcrq,,radio,"Cuando mi hij@ muestra un comportamiento difícil o opositor, a veces no sé cómo lidiar con el conflicto.","1, Definitivamente no se aplica | 2, En realidad no | 3, Neutral, no seguro | 4, Se aplica algo | 5, Definitivamente se aplica",,,,,,"[parentself_number_children_study] = '2' or [parentself_number_children_study] = '3' or [parentself_number_children_study] = '4'",,,,pcrq_parentproxy_child_2,,
pcrq_24_parentproxy_child_2,pcrq,,radio,"Cuando mi hij@ está enojado, le ayudó a entender sus sentimientos.","1, Definitivamente no se aplica | 2, En realidad no | 3, Neutral, no seguro | 4, Se aplica algo | 5, Definitivamente se aplica",,,,,,"[parentself_number_children_study] = '2' or [parentself_number_children_study] = '3' or [parentself_number_children_study] = '4'",,,,pcrq_parentproxy_child_2,,
pcrq_25_parentproxy_child_2,pcrq,,radio,"Mi hij@ y yo siempre batallamos el uno con el otro.","1, Definitivamente no se aplica | 2, En realidad no | 3, Neutral, no seguro | 4, Se aplica algo | 5, Definitivamente se aplica",,,,,,"[parentself_number_children_study] = '2' or [parentself_number_children_study] = '3' or [parentself_number_children_study] = '4'",,,,pcrq_parentproxy_child_2,,
pcrq_26_parentproxy_child_2,pcrq,,radio,"Mis interacciones con mi hij@ me hacen sentir efectivo y seguro de mi mismo como padre.","1, Definitivamente no se aplica | 2, En realidad no | 3, Neutral, no seguro | 4, Se aplica algo | 5, Definitivamente se aplica",,,,,,"[parentself_number_children_study] = '2' or [parentself_number_children_study] = '3' or [parentself_number_children_study] = '4'",,,,pcrq_parentproxy_child_2,,
pcrq_1_parentproxy_child_3,pcrq,"Por favor reflexiona sobre el grado en que cada una de las siguientes afirmaciones se aplica actualmente a su relación con Niñ@ 3. Con la escala debajo, marque la respuesta adecuada para cada artículo. ",radio,"Comparto una relación afectuosa y de cálida con mi hij@","1, Definitivamente no se aplica | 2, En realidad no | 3, Neutral, no seguro | 4, Se aplica algo | 5, Definitivamente se aplica",,,,,,"[parentself_number_children_study] = '3' or [parentself_number_children_study] = '4'",,,,pcrq_parentproxy_child_3,,
pcrq_2_parentproxy_child_3,pcrq,,radio,"Mi hij@ me muestra y involucra en sus intereses","1, Definitivamente no se aplica | 2, En realidad no | 3, Neutral, no seguro | 4, Se aplica algo | 5, Definitivamente se aplica",,,,,,"[parentself_number_children_study] = '3' or [parentself_number_children_study] = '4'",,,,pcrq_parentproxy_child_3,,
pcrq_3_parentproxy_child_3,pcrq,,radio,"Mi hij@ busca confianza en mi al intentar cosas nuevas","1, Definitivamente no se aplica | 2, En realidad no | 3, Neutral, no seguro | 4, Se aplica algo | 5, Definitivamente se aplica",,,,,,"[parentself_number_children_study] = '3' or [parentself_number_children_study] = '4'",,,,pcrq_parentproxy_child_3,,
pcrq_4_parentproxy_child_3,pcrq,,radio,"Mi hij@ no quiere aceptar ayuda cuando la necesita.","1, Definitivamente no se aplica | 2, En realidad no | 3, Neutral, no seguro | 4, Se aplica algo | 5, Definitivamente se aplica",,,,,,"[parentself_number_children_study] = '3' or [parentself_number_children_study] = '4'",,,,pcrq_parentproxy_child_3,,
pcrq_5_parentproxy_child_3,pcrq,,radio,"Al usar su lenguaje corporal, mi hij@ puede mostrarme que quiere jugar, hablar, o interactuar.","1, Definitivamente no se aplica | 2, En realidad no | 3, Neutral, no seguro | 4, Se aplica algo | 5, Definitivamente se aplica",,,,,,"[parentself_number_children_study] = '3' or [parentself_number_children_study] = '4'",,,,pcrq_parentproxy_child_3,,
pcrq_6_parentproxy_child_3,pcrq,,radio,"Me pregunto mucho sobre qué estará pensando y sintiendo mi hij@.","1, Definitivamente no se aplica | 2, En realidad no | 3, Neutral, no seguro | 4, Se aplica algo | 5, Definitivamente se aplica",,,,,,"[parentself_number_children_study] = '3' or [parentself_number_children_study] = '4'",,,,pcrq_parentproxy_child_3,,
pcrq_7_parentproxy_child_3,pcrq,,radio,"Parece que tengo necesidad para controlar y liderar las cosas y me cuesta retroceder.","1, Definitivamente no se aplica | 2, En realidad no | 3, Neutral, no seguro | 4, Se aplica algo | 5, Definitivamente se aplica",,,,,,"[parentself_number_children_study] = '3' or [parentself_number_children_study] = '4'",,,,pcrq_parentproxy_child_3,,
pcrq_8_parentproxy_child_3,pcrq,,radio,"Cuando estoy en casa con mi hij@, interactuamos y hablamos mucho","1, Definitivamente no se aplica | 2, En realidad no | 3, Neutral, no seguro | 4, Se aplica algo | 5, Definitivamente se aplica",,,,,,"[parentself_number_children_study] = '3' or [parentself_number_children_study] = '4'",,,,pcrq_parentproxy_child_3,,
pcrq_9_parentproxy_child_3,pcrq,,radio,"Mi hij@ hace un seguimiento de mi ubicación en entornos nuevos","1, Definitivamente no se aplica | 2, En realidad no | 3, Neutral, no seguro | 4, Se aplica algo | 5, Definitivamente se aplica",,,,,,"[parentself_number_children_study] = '3' or [parentself_number_children_study] = '4'",,,,pcrq_parentproxy_child_3,,
pcrq_10_parentproxy_child_3,pcrq,,radio,"Mi hij@ depende demasiado en mi.","1, Definitivamente no se aplica | 2, En realidad no | 3, Neutral, no seguro | 4, Se aplica algo | 5, Definitivamente se aplica",,,,,,"[parentself_number_children_study] = '3' or [parentself_number_children_study] = '4'",,,,pcrq_parentproxy_child_3,,
pcrq_11_parentproxy_child_3,pcrq,,radio,"Las emociones de mi hij@ hacia mi, pueden ser impredecible o pueden cambiar de repente.","1, Definitivamente no se aplica | 2, En realidad no | 3, Neutral, no seguro | 4, Se aplica algo | 5, Definitivamente se aplica",,,,,,"[parentself_number_children_study] = '3' or [parentself_number_children_study] = '4'",,,,pcrq_parentproxy_child_3,,
pcrq_12_parentproxy_child_3,pcrq,,radio,"Me resulta difícil entender las necesidades de mi hij@.","1, Definitivamente no se aplica | 2, En realidad no | 3, Neutral, no seguro | 4, Se aplica algo | 5, Definitivamente se aplica",,,,,,"[parentself_number_children_study] = '3' or [parentself_number_children_study] = '4'",,,,pcrq_parentproxy_child_3,,
pcrq_13_parentproxy_child_3,pcrq,,radio,"Mi hij@ a menudo recorre a mi en busca de consuelo y apoyo cuando se siente preocupado por algo","1, Definitivamente no se aplica | 2, En realidad no | 3, Neutral, no seguro | 4, Se aplica algo | 5, Definitivamente se aplica",,,,,,"[parentself_number_children_study] = '3' or [parentself_number_children_study] = '4'",,,,pcrq_parentproxy_child_3,,
pcrq_14_parentproxy_child_3,pcrq,,radio,"Cuando veo a mi hij@ molesto, trato de hacerle preguntas para que pueda entender mejor lo que está sintiendo.","1, Definitivamente no se aplica | 2, En realidad no | 3, Neutral, no seguro | 4, Se aplica algo | 5, Definitivamente se aplica",,,,,,"[parentself_number_children_study] = '3' or [parentself_number_children_study] = '4'",,,,pcrq_parentproxy_child_3,,
pcrq_15_parentproxy_child_3,pcrq,,radio,"Mi hij@ se enoja fácilmente conmigo","1, Definitivamente no se aplica | 2, En realidad no | 3, Neutral, no seguro | 4, Se aplica algo | 5, Definitivamente se aplica",,,,,,"[parentself_number_children_study] = '3' or [parentself_number_children_study] = '4'",,,,pcrq_parentproxy_child_3,,
pcrq_16_parentproxy_child_3,pcrq,,radio,"Mi hij@ se da cuenta cuando estoy molesto y intenta consolarme","1, Definitivamente no se aplica | 2, En realidad no | 3, Neutral, no seguro | 4, Se aplica algo | 5, Definitivamente se aplica",,,,,,"[parentself_number_children_study] = '3' or [parentself_number_children_study] = '4'",,,,pcrq_parentproxy_child_3,,
pcrq_17_parentproxy_child_3,pcrq,,radio,"Mi hij@ se siente incómodo con el afecto físico o tacto de mi","1, Definitivamente no se aplica | 2, En realidad no | 3, Neutral, no seguro | 4, Se aplica algo | 5, Definitivamente se aplica",,,,,,"[parentself_number_children_study] = '3' or [parentself_number_children_study] = '4'",,,,pcrq_parentproxy_child_3,,
pcrq_18_parentproxy_child_3,pcrq,,radio,"A vez en cuando, mi hij@ me provoca más enojó de lo normal.","1, Definitivamente no se aplica | 2, En realidad no | 3, Neutral, no seguro | 4, Se aplica algo | 5, Definitivamente se aplica",,,,,,"[parentself_number_children_study] = '3' or [parentself_number_children_study] = '4'",,,,pcrq_parentproxy_child_3,,
pcrq_19_parentproxy_child_3,pcrq,,radio,"Yo trato de ver las situaciones a través de los ojos de mi hij@.","1, Definitivamente no se aplica | 2, En realidad no | 3, Neutral, no seguro | 4, Se aplica algo | 5, Definitivamente se aplica",,,,,,"[parentself_number_children_study] = '3' or [parentself_number_children_study] = '4'",,,,pcrq_parentproxy_child_3,,
pcrq_20_parentproxy_child_3,pcrq,,radio,"Mi hij@ comparte abiertamente sus sentimientos y experiencias conmigo.","1, Definitivamente no se aplica | 2, En realidad no | 3, Neutral, no seguro | 4, Se aplica algo | 5, Definitivamente se aplica",,,,,,"[parentself_number_children_study] = '3' or [parentself_number_children_study] = '4'",,,,pcrq_parentproxy_child_3,,
pcrq_21_parentproxy_child_3,pcrq,,radio,"Tengo éxito en ajustándome a los comportamientos y acciones de mi hij@ cuando es necesario.","1, Definitivamente no se aplica | 2, En realidad no | 3, Neutral, no seguro | 4, Se aplica algo | 5, Definitivamente se aplica",,,,,,"[parentself_number_children_study] = '3' or [parentself_number_children_study] = '4'",,,,pcrq_parentproxy_child_3,,
pcrq_22_parentproxy_child_3,pcrq,,radio,"A menudo el comportamiento de mi hij@ es demasiado confuso para tratar resolverlo.","1, Definitivamente no se aplica | 2, En realidad no | 3, Neutral, no seguro | 4, Se aplica algo | 5, Definitivamente se aplica",,,,,,"[parentself_number_children_study] = '3' or [parentself_number_children_study] = '4'",,,,pcrq_parentproxy_child_3,,
pcrq_23_parentproxy_child_3,pcrq,,radio,"Cuando mi hij@ muestra un comportamiento difícil o opositor, a veces no sé cómo lidiar con el conflicto.","1, Definitivamente no se aplica | 2, En realidad no | 3, Neutral, no seguro | 4, Se aplica algo | 5, Definitivamente se aplica",,,,,,"[parentself_number_children_study] = '3' or [parentself_number_children_study] = '4'",,,,pcrq_parentproxy_child_3,,
pcrq_24_parentproxy_child_3,pcrq,,radio,"Cuando mi hij@ está enojado, le ayudó a entender sus sentimientos.","1, Definitivamente no se aplica | 2, En realidad no | 3, Neutral, no seguro | 4, Se aplica algo | 5, Definitivamente se aplica",,,,,,"[parentself_number_children_study] = '3' or [parentself_number_children_study] = '4'",,,,pcrq_parentproxy_child_3,,
pcrq_25_parentproxy_child_3,pcrq,,radio,"Mi hij@ y yo siempre batallamos el uno con el otro.","1, Definitivamente no se aplica | 2, En realidad no | 3, Neutral, no seguro | 4, Se aplica algo | 5, Definitivamente se aplica",,,,,,"[parentself_number_children_study] = '3' or [parentself_number_children_study] = '4'",,,,pcrq_parentproxy_child_3,,
pcrq_26_parentproxy_child_3,pcrq,,radio,"Mis interacciones con mi hij@ me hacen sentir efectivo y seguro de mi mismo como padre.","1, Definitivamente no se aplica | 2, En realidad no | 3, Neutral, no seguro | 4, Se aplica algo | 5, Definitivamente se aplica",,,,,,"[parentself_number_children_study] = '3' or [parentself_number_children_study] = '4'",,,,pcrq_parentproxy_child_3,,
pcrq_1_parentproxy_child_4,pcrq,"Por favor reflexiona sobre el grado en que cada una de las siguientes afirmaciones se aplica actualmente a su relación con Niñ@ 4. Con la escala debajo, marque la respuesta adecuada para cada artículo. ",radio,"Comparto una relación afectuosa y de cálida con mi hij@.","1, Definitivamente no se aplica | 2, En realidad no | 3, Neutral, no seguro | 4, Se aplica algo | 5, Definitivamente se aplica",,,,,,"[parentself_number_children_study] = '4'",,,,pcrq_parentproxy_child_4,,
pcrq_2_parentproxy_child_4,pcrq,,radio,"Mi hij@ me muestra y involucra en sus intereses","1, Definitivamente no se aplica | 2, En realidad no | 3, Neutral, no seguro | 4, Se aplica algo | 5, Definitivamente se aplica",,,,,,"[parentself_number_children_study] = '4'",,,,pcrq_parentproxy_child_4,,
pcrq_3_parentproxy_child_4,pcrq,,radio,"Mi hij@ busca confianza en mi al intentar cosas nuevas","1, Definitivamente no se aplica | 2, En realidad no | 3, Neutral, no seguro | 4, Se aplica algo | 5, Definitivamente se aplica",,,,,,"[parentself_number_children_study] = '4'",,,,pcrq_parentproxy_child_4,,
pcrq_4_parentproxy_child_4,pcrq,,radio,"Mi hij@ no quiere aceptar ayuda cuando la necesita.","1, Definitivamente no se aplica | 2, En realidad no | 3, Neutral, no seguro | 4, Se aplica algo | 5, Definitivamente se aplica",,,,,,"[parentself_number_children_study] = '4'",,,,pcrq_parentproxy_child_4,,
pcrq_5_parentproxy_child_4,pcrq,,radio,"Al usar su lenguaje corporal, mi hij@ puede mostrarme que quiere jugar, hablar, o interactuar.","1, Definitivamente no se aplica | 2, En realidad no | 3, Neutral, no seguro | 4, Se aplica algo | 5, Definitivamente se aplica",,,,,,"[parentself_number_children_study] = '4'",,,,pcrq_parentproxy_child_4,,
pcrq_6_parentproxy_child_4,pcrq,,radio,"Me pregunto mucho sobre qué estará pensando y sintiendo mi hij@.","1, Definitivamente no se aplica | 2, En realidad no | 3, Neutral, no seguro | 4, Se aplica algo | 5, Definitivamente se aplica",,,,,,"[parentself_number_children_study] = '4'",,,,pcrq_parentproxy_child_4,,
pcrq_7_parentproxy_child_4,pcrq,,radio,"Parece que yo tengo la necesidad para controlar y liderar las cosas y me cuesta retroceder.","1, Definitivamente no se aplica | 2, En realidad no | 3, Neutral, no seguro | 4, Se aplica algo | 5, Definitivamente se aplica",,,,,,"[parentself_number_children_study] = '4'",,,,pcrq_parentproxy_child_4,,
pcrq_8_parentproxy_child_4,pcrq,,radio,"Cuando estoy en casa con mi hij@, interactuamos y hablamos mucho.","1, Definitivamente no se aplica | 2, En realidad no | 3, Neutral, no seguro | 4, Se aplica algo | 5, Definitivamente se aplica",,,,,,"[parentself_number_children_study] = '4'",,,,pcrq_parentproxy_child_4,,
pcrq_9_parentproxy_child_4,pcrq,,radio,"Mi hij@ hace un seguimiento de mi ubicación en entornos nuevos","1, Definitivamente no se aplica | 2, En realidad no | 3, Neutral, no seguro | 4, Se aplica algo | 5, Definitivamente se aplica",,,,,,"[parentself_number_children_study] = '4'",,,,pcrq_parentproxy_child_4,,
pcrq_10_parentproxy_child_4,pcrq,,radio,"Mi hij@ depende demasiado en mi","1, Definitivamente no se aplica | 2, En realidad no | 3, Neutral, no seguro | 4, Se aplica algo | 5, Definitivamente se aplica",,,,,,"[parentself_number_children_study] = '4'",,,,pcrq_parentproxy_child_4,,
pcrq_11_parentproxy_child_4,pcrq,,radio,"Las emociones de mi hij@ hacia mi, pueden ser impredecible o pueden cambiar de repente.","1, Definitivamente no se aplica | 2, En realidad no | 3, Neutral, no seguro | 4, Se aplica algo | 5, Definitivamente se aplica",,,,,,"[parentself_number_children_study] = '4'",,,,pcrq_parentproxy_child_4,,
pcrq_12_parentproxy_child_4,pcrq,,radio,"Me resulta difícil entender las necesidades de mi hij@.","1, Definitivamente no se aplica | 2, En realidad no | 3, Neutral, no seguro | 4, Se aplica algo | 5, Definitivamente se aplica",,,,,,"[parentself_number_children_study] = '4'",,,,pcrq_parentproxy_child_4,,
pcrq_13_parentproxy_child_4,pcrq,,radio,"Mi hij@ a menudo recorre a mi en busca de consuelo y apoyo cuando se siente preocupado por algo","1, Definitivamente no se aplica | 2, En realidad no | 3, Neutral, no seguro | 4, Se aplica algo | 5, Definitivamente se aplica",,,,,,"[parentself_number_children_study] = '4'",,,,pcrq_parentproxy_child_4,,
pcrq_14_parentproxy_child_4,pcrq,,radio,"Cuando veo a mi hij@ molesto, trato de hacerle preguntas para que pueda entender mejor lo que está sintiendo.","1, Definitivamente no se aplica | 2, En realidad no | 3, Neutral, no seguro | 4, Se aplica algo | 5, Definitivamente se aplica",,,,,,"[parentself_number_children_study] = '4'",,,,pcrq_parentproxy_child_4,,
pcrq_15_parentproxy_child_4,pcrq,,radio,"Mi hij@ se enoja fácilmente conmigo","1, Definitivamente no se aplica | 2, En realidad no | 3, Neutral, no seguro | 4, Se aplica algo | 5, Definitivamente se aplica",,,,,,"[parentself_number_children_study] = '4'",,,,pcrq_parentproxy_child_4,,
pcrq_16_parentproxy_child_4,pcrq,,radio,"Mi hij@ se da cuenta cuando estoy molesto y intenta consolarme","1, Definitivamente no se aplica | 2, En realidad no | 3, Neutral, no seguro | 4, Se aplica algo | 5, Definitivamente se aplica",,,,,,"[parentself_number_children_study] = '4'",,,,pcrq_parentproxy_child_4,,
pcrq_17_parentproxy_child_4,pcrq,,radio,"Mi hij@ se siente incómodo con el afecto físico o tacto de mí.","1, Definitivamente no se aplica | 2, En realidad no | 3, Neutral, no seguro | 4, Se aplica algo | 5, Definitivamente se aplica",,,,,,"[parentself_number_children_study] = '4'",,,,pcrq_parentproxy_child_4,,
pcrq_18_parentproxy_child_4,pcrq,,radio,"De vez en cuando, mi hij@ me provoca más enojó de lo normal.","1, Definitivamente no se aplica | 2, En realidad no | 3, Neutral, no seguro | 4, Se aplica algo | 5, Definitivamente se aplica",,,,,,"[parentself_number_children_study] = '4'",,,,pcrq_parentproxy_child_4,,
pcrq_19_parentproxy_child_4,pcrq,,radio,"Yo trato de ver las situaciones a través de los ojos de mi hij@","1, Definitivamente no se aplica | 2, En realidad no | 3, Neutral, no seguro | 4, Se aplica algo | 5, Definitivamente se aplica",,,,,,"[parentself_number_children_study] = '4'",,,,pcrq_parentproxy_child_4,,
pcrq_20_parentproxy_child_4,pcrq,,radio,"Mi hij@ comparte abiertamente sus sentimientos y experiencias conmigo.","1, Definitivamente no se aplica | 2, En realidad no | 3, Neutral, no seguro | 4, Se aplica algo | 5, Definitivamente se aplica",,,,,,"[parentself_number_children_study] = '4'",,,,pcrq_parentproxy_child_4,,
pcrq_21_parentproxy_child_4,pcrq,,radio,"Tengo éxito en ajustándome a los comportamientos y acciones de mi hij@ cuando es necesario.","1, Definitivamente no se aplica | 2, En realidad no | 3, Neutral, no seguro | 4, Se aplica algo | 5, Definitivamente se aplica",,,,,,"[parentself_number_children_study] = '4'",,,,pcrq_parentproxy_child_4,,
pcrq_22_parentproxy_child_4,pcrq,,radio,"A menudo el comportamiento de mi hij@ es demasiado confuso para tratar resolverlo.","1, Definitivamente no se aplica | 2, En realidad no | 3, Neutral, no seguro | 4, Se aplica algo | 5, Definitivamente se aplica",,,,,,"[parentself_number_children_study] = '4'",,,,pcrq_parentproxy_child_4,,
pcrq_23_parentproxy_child_4,pcrq,,radio,"Cuando mi hij@ muestra un comportamiento difícil o opositor, a veces no sé cómo lidiar con el conflicto.","1, Definitivamente no se aplica | 2, En realidad no | 3, Neutral, no seguro | 4, Se aplica algo | 5, Definitivamente se aplica",,,,,,"[parentself_number_children_study] = '4'",,,,pcrq_parentproxy_child_4,,
pcrq_24_parentproxy_child_4,pcrq,,radio,"Cuando mi hij@ está enojado, le ayudó a entender sus sentimientos.","1, Definitivamente no se aplica | 2, En realidad no | 3, Neutral, no seguro | 4, Se aplica algo | 5, Definitivamente se aplica",,,,,,"[parentself_number_children_study] = '4'",,,,pcrq_parentproxy_child_4,,
pcrq_25_parentproxy_child_4,pcrq,,radio,"Mi hij@ y yo batallamos el uno con el otro.","1, Definitivamente no se aplica | 2, En realidad no | 3, Neutral, no seguro | 4, Se aplica algo | 5, Definitivamente se aplica",,,,,,"[parentself_number_children_study] = '4'",,,,pcrq_parentproxy_child_4,,
pcrq_26_parentproxy_child_4,pcrq,,radio,"Mis interacciones con mi hij@ me hacen sentir efectivo y seguro de mi mismo como padre.","1, Definitivamente no se aplica | 2, En realidad no | 3, Neutral, no seguro | 4, Se aplica algo | 5, Definitivamente se aplica",,,,,,"[parentself_number_children_study] = '4'",,,,pcrq_parentproxy_child_4,,
