"Variable / Field Name","Form Name","Section Header","Field Type","Field Label","Choices, Calculations, OR Slider Labels","Field Note","Text Validation Type OR Show Slider Number","Text Validation Min","Text Validation Max",Identifier?,"Branching Logic (Show field only if...)","Required Field?","Custom Alignment","Question Number (surveys only)","Matrix Group Name","Matrix Ranking?","Field Annotation"
stai_1_parentself,stai,"A number of statements which people have used to describe themselves are given below. Read each statement and then select the appropriate value to the right of the statement to indicate how you have felt IN THE PAST TWO WEEKS.

There are no right or wrong answers. Do not spend too much time on any one statement but give the answer which seems to describe your GENERAL feelings IN THE PAST TWO WEEKS best.",radio,"I feel calm.","0, Not at all | 1, Somewhat | 2, Moderately | 3, Very much so",,,,,,,,,,stai_matrix_1_parentself,,
stai_2_parentself,stai,,radio,"I feel secure.","0, Not at all | 1, Somewhat | 2, Moderately | 3, Very much so",,,,,,"[consent] != '1'",,,,stai_matrix_1_parentself,,
stai_3_parentself,stai,,radio,"I am tense.","0, Not at all | 1, Somewhat | 2, Moderately | 3, Very much so",,,,,,,,,,stai_matrix_1_parentself,,
stai_4_parentself,stai,,radio,"I feel strained.","0, Not at all | 1, Somewhat | 2, Moderately | 3, Very much so",,,,,,"[consent] != '1'",,,,stai_matrix_1_parentself,,
stai_5_parentself,stai,,radio,"I feel at ease.","0, Not at all | 1, Somewhat | 2, Moderately | 3, Very much so",,,,,,"[consent] != '1'",,,,stai_matrix_1_parentself,,
stai_6_parentself,stai,,radio,"I feel upset.","0, Not at all | 1, Somewhat | 2, Moderately | 3, Very much so",,,,,,,,,,stai_matrix_1_parentself,,
stai_7_parentself,stai,,radio,"I am presently worrying over possible misfortunes.","0, Not at all | 1, Somewhat | 2, Moderately | 3, Very much so",,,,,,"[consent] != '1'",,,,stai_matrix_1_parentself,,
stai_8_parentself,stai,,radio,"I feel satisfied.","0, Not at all | 1, Somewhat | 2, Moderately | 3, Very much so",,,,,,"[consent] != '1'",,,,stai_matrix_1_parentself,,
stai_9_parentself,stai,,radio,"I feel frightened.","0, Not at all | 1, Somewhat | 2, Moderately | 3, Very much so",,,,,,"[consent] != '1'",,,,stai_matrix_1_parentself,,
stai_10_parentself,stai,,radio,"I feel comfortable.","0, Not at all | 1, Somewhat | 2, Moderately | 3, Very much so",,,,,,"[consent] != '1'",,,,stai_matrix_1_parentself,,
stai_11_parentself,stai,,radio,"I feel self-confident.","0, Not at all | 1, Somewhat | 2, Moderately | 3, Very much so",,,,,,"[consent] != '1'",,,,stai_matrix_1_parentself,,
stai_12_parentself,stai,,radio,"I feel nervous.","0, Not at all | 1, Somewhat | 2, Moderately | 3, Very much so",,,,,,"[consent] != '1'",,,,stai_matrix_1_parentself,,
stai_13_parentself,stai,,radio,"I feel jittery.","0, Not at all | 1, Somewhat | 2, Moderately | 3, Very much so",,,,,,"[consent] != '1'",,,,stai_matrix_1_parentself,,
stai_14_parentself,stai,,radio,"I feel indecisive.","0, Not at all | 1, Somewhat | 2, Moderately | 3, Very much so",,,,,,"[consent] != '1'",,,,stai_matrix_1_parentself,,
stai_15_parentself,stai,,radio,"I am relaxed.","0, Not at all | 1, Somewhat | 2, Moderately | 3, Very much so",,,,,,,,,,stai_matrix_1_parentself,,
stai_16_parentself,stai,,radio,"I feel content.","0, Not at all | 1, Somewhat | 2, Moderately | 3, Very much so",,,,,,,,,,stai_matrix_1_parentself,,
stai_17_parentself,stai,,radio,"I am worried.","0, Not at all | 1, Somewhat | 2, Moderately | 3, Very much so",,,,,,,,,,stai_matrix_1_parentself,,
stai_18_parentself,stai,,radio,"I feel confused.","0, Not at all | 1, Somewhat | 2, Moderately | 3, Very much so",,,,,,"[consent] != '1'",,,,stai_matrix_1_parentself,,
stai_19_parentself,stai,,radio,"I feel steady.","0, Not at all | 1, Somewhat | 2, Moderately | 3, Very much so",,,,,,"[consent] != '1'",,,,stai_matrix_1_parentself,,
stai_20_parentself,stai,,radio,"I feel pleasant.","0, Not at all | 1, Somewhat | 2, Moderately | 3, Very much so",,,,,,"[consent] != '1'",,,,stai_matrix_1_parentself,,
stai_21_parentself,stai,"A number of statements which people have used to describe themselves are given below. Read each statement and then select the appropriate value to the right of the statement to indicate how you GENERALLY feel. 

There are no right or wrong answers. Do not spend too much time on any one statement but give the answer which seems to describe how you generally feel.",radio,"I feel pleasant.","1, Almost never | 2, Sometimes | 3, Often | 4, Almost always",,,,,,"[consent] != '1'",,,,stai_matrix_2_parentself,,
stai_22_parentself,stai,,radio,"I feel nervous and restless.","1, Almost never | 2, Sometimes | 3, Often | 4, Almost always",,,,,,"[consent] != '1'",,,,stai_matrix_2_parentself,,
stai_23_parentself,stai,,radio,"I feel satisfied with myself.","1, Almost never | 2, Sometimes | 3, Often | 4, Almost always",,,,,,"[consent] != '1'",,,,stai_matrix_2_parentself,,
stai_24_parentself,stai,,radio,"I wish I could be as happy as others seem to be.","1, Almost never | 2, Sometimes | 3, Often | 4, Almost always",,,,,,"[consent] != '1'",,,,stai_matrix_2_parentself,,
stai_25_parentself,stai,,radio,"I feel like a failure.","1, Almost never | 2, Sometimes | 3, Often | 4, Almost always",,,,,,"[consent] != '1'",,,,stai_matrix_2_parentself,,
stai_26_parentself,stai,,radio,"I feel rested.","1, Almost never | 2, Sometimes | 3, Often | 4, Almost always",,,,,,"[consent] != '1'",,,,stai_matrix_2_parentself,,
stai_27_parentself,stai,,radio,"I am ""calm, cool, and collected.""","1, Almost never | 2, Sometimes | 3, Often | 4, Almost always",,,,,,"[consent] != '1'",,,,stai_matrix_2_parentself,,
stai_28_parentself,stai,,radio,"I feel that difficulties are piling up so that I cannot overcome them.","1, Almost never | 2, Sometimes | 3, Often | 4, Almost always",,,,,,"[consent] != '1'",,,,stai_matrix_2_parentself,,
stai_29_parentself,stai,,radio,"I worry too much over something that really doesn't matter.","1, Almost never | 2, Sometimes | 3, Often | 4, Almost always",,,,,,"[consent] != '1'",,,,stai_matrix_2_parentself,,
stai_30_parentself,stai,,radio,"I am happy.","1, Almost never | 2, Sometimes | 3, Often | 4, Almost always",,,,,,"[consent] != '1'",,,,stai_matrix_2_parentself,,
stai_31_parentself,stai,,radio,"I have disturbing thoughts.","1, Almost never | 2, Sometimes | 3, Often | 4, Almost always",,,,,,"[consent] != '1'",,,,stai_matrix_2_parentself,,
stai_32_parentself,stai,,radio,"I lack self confidence.","1, Almost never | 2, Sometimes | 3, Often | 4, Almost always",,,,,,"[consent] != '1'",,,,stai_matrix_2_parentself,,
stai_33_parentself,stai,,radio,"I feel secure.","1, Almost never | 2, Sometimes | 3, Often | 4, Almost always",,,,,,"[consent] != '1'",,,,stai_matrix_2_parentself,,
stai_34_parentself,stai,,radio,"I make decisions easily.","1, Almost never | 2, Sometimes | 3, Often | 4, Almost always",,,,,,"[consent] != '1'",,,,stai_matrix_2_parentself,,
stai_35_parentself,stai,,radio,"I feel inadequate.","1, Almost never | 2, Sometimes | 3, Often | 4, Almost always",,,,,,"[consent] != '1'",,,,stai_matrix_2_parentself,,
stai_36_parentself,stai,,radio,"I am content.","1, Almost never | 2, Sometimes | 3, Often | 4, Almost always",,,,,,"[consent] != '1'",,,,stai_matrix_2_parentself,,
stai_37_parentself,stai,,radio,"Some unimportant thought runs through my mind and bothers me.","1, Almost never | 2, Sometimes | 3, Often | 4, Almost always",,,,,,"[consent] != '1'",,,,stai_matrix_2_parentself,,
stai_38_parentself,stai,,radio,"I take disappointments so keenly that I can't put them out of my mind.","1, Almost never | 2, Sometimes | 3, Often | 4, Almost always",,,,,,"[consent] != '1'",,,,stai_matrix_2_parentself,,
stai_39_parentself,stai,,radio,"I am a steady person.","1, Almost never | 2, Sometimes | 3, Often | 4, Almost always",,,,,,"[consent] != '1'",,,,stai_matrix_2_parentself,,
stai_40_parentself,stai,,radio,"I get in a state of tension or turmoil as I think over my recent concerns and interests.","1, Almost never | 2, Sometimes | 3, Often | 4, Almost always",,,,,,"[consent] != '1'",,,,stai_matrix_2_parentself,,
