"Variable / Field Name","Form Name","Section Header","Field Type","Field Label","Choices, Calculations, OR Slider Labels","Field Note","Text Validation Type OR Show Slider Number","Text Validation Min","Text Validation Max",Identifier?,"Branching Logic (Show field only if...)","Required Field?","Custom Alignment","Question Number (surveys only)","Matrix Group Name","Matrix Ranking?","Field Annotation"
rcads_instructions_parentproxy_child_1,rcads,,descriptive,"Please select the word that shows how often each of these things happens to your child (CHILD 1). 

There are no right or wrong answers.",,,,,,,,,,,,,
rcads_1_parentproxy_child_1,rcads,"The following questions refer to Child 1. ",radio,"My child feels sad or empty","0, Never | 1, Sometimes | 2, Often | 3, Always",,,,,,,,,,rcads_matrix_1_parentproxy_child_1,,
rcads_2_parentproxy_child_1,rcads,,radio,"My child worries when they think they have done poorly at something","0, Never | 1, Sometimes | 2, Often | 3, Always",,,,,,,,,,rcads_matrix_1_parentproxy_child_1,,
rcads_3_parentproxy_child_1,rcads,,radio,"My child feels afraid of being alone at home","0, Never | 1, Sometimes | 2, Often | 3, Always",,,,,,,,,,rcads_matrix_1_parentproxy_child_1,,
rcads_4_parentproxy_child_1,rcads,,radio,"Nothing is much fun for my child anymore","0, Never | 1, Sometimes | 2, Often | 3, Always",,,,,,,,,,rcads_matrix_1_parentproxy_child_1,,
rcads_5_parentproxy_child_1,rcads,,radio,"My child worries that something awful will happen to someone in the family","0, Never | 1, Sometimes | 2, Often | 3, Always",,,,,,,,,,rcads_matrix_1_parentproxy_child_1,,
rcads_6_parentproxy_child_1,rcads,,radio,"My child is afraid of being in crowded places (like shopping centers, the movies, buses, busy playgrounds)","0, Never | 1, Sometimes | 2, Often | 3, Always",,,,,,,,,,rcads_matrix_1_parentproxy_child_1,,
rcads_7_parentproxy_child_1,rcads,,radio,"My child worries what other people think of them","0, Never | 1, Sometimes | 2, Often | 3, Always",,,,,,,,,,rcads_matrix_1_parentproxy_child_1,,
rcads_8_parentproxy_child_1,rcads,,radio,"My child has trouble sleeping","0, Never | 1, Sometimes | 2, Often | 3, Always",,,,,,,,,,rcads_matrix_1_parentproxy_child_1,,
rcads_9_parentproxy_child_1,rcads,,radio,"My child feels scared to sleep on their own","0, Never | 1, Sometimes | 2, Often | 3, Always",,,,,,,,,,rcads_matrix_1_parentproxy_child_1,,
rcads_10_parentproxy_child_1,rcads,,radio,"My child has problems with their appetite","0, Never | 1, Sometimes | 2, Often | 3, Always",,,,,,,,,,rcads_matrix_1_parentproxy_child_1,,
rcads_11_parentproxy_child_1,rcads,,radio,"My child suddenly becomes dizzy or faint when there is no reason for this","0, Never | 1, Sometimes | 2, Often | 3, Always",,,,,,,,,,rcads_matrix_1_parentproxy_child_1,,
rcads_12_parentproxy_child_1,rcads,,radio,"My child has to do some things over and over again (like washing hands, cleaning, or putting things in a certain order)","0, Never | 1, Sometimes | 2, Often | 3, Always",,,,,,,,,,rcads_matrix_1_parentproxy_child_1,,
rcads_13_parentproxy_child_1,rcads,,radio,"My child has no energy for things","0, Never | 1, Sometimes | 2, Often | 3, Always",,,,,,,,,,rcads_matrix_1_parentproxy_child_1,,
rcads_14_parentproxy_child_1,rcads,,radio,"My child suddenly starts to tremble or shake when there is no reason for this","0, Never | 1, Sometimes | 2, Often | 3, Always",,,,,,,,,,rcads_matrix_1_parentproxy_child_1,,
rcads_15_parentproxy_child_1,rcads,,radio,"My child cannot think clearly","0, Never | 1, Sometimes | 2, Often | 3, Always",,,,,,,,,,rcads_matrix_1_parentproxy_child_1,,
rcads_16_parentproxy_child_1,rcads,,radio,"My child feels worthless","0, Never | 1, Sometimes | 2, Often | 3, Always",,,,,,,,,,rcads_matrix_1_parentproxy_child_1,,
rcads_17_parentproxy_child_1,rcads,,radio,"My child has to think of special thoughts (like numbers or words) to stop bad things from happening","0, Never | 1, Sometimes | 2, Often | 3, Always",,,,,,,,,,rcads_matrix_1_parentproxy_child_1,,
rcads_18_parentproxy_child_1,rcads,,radio,"My child thinks about death","0, Never | 1, Sometimes | 2, Often | 3, Always",,,,,,,,,,rcads_matrix_1_parentproxy_child_1,,
rcads_19_parentproxy_child_1,rcads,,radio,"My child feels like they don't want to move","0, Never | 1, Sometimes | 2, Often | 3, Always",,,,,,,,,,rcads_matrix_1_parentproxy_child_1,,
rcads_20_parentproxy_child_1,rcads,,radio,"My child worries that they will suddenly get a scared feeling when there is nothing to be afraid of","0, Never | 1, Sometimes | 2, Often | 3, Always",,,,,,,,,,rcads_matrix_1_parentproxy_child_1,,
rcads_21_parentproxy_child_1,rcads,,radio,"My child is tired a lot","0, Never | 1, Sometimes | 2, Often | 3, Always",,,,,,,,,,rcads_matrix_1_parentproxy_child_1,,
rcads_22_parentproxy_child_1,rcads,,radio,"My child feels afraid that they will make a fool of themself in front of people","0, Never | 1, Sometimes | 2, Often | 3, Always",,,,,,,,,,rcads_matrix_1_parentproxy_child_1,,
attention_check_5,rcads,,radio,"To ensure that you are giving this study your complete attentiveness, please select option 3, ""Often""","0, Never | 1, Sometimes | 2, Often | 3, Always",,,,,,,,,,rcads_matrix_1_parentproxy_child_1,,
rcads_23_parentproxy_child_1,rcads,,radio,"My child has to do some things in just the right way to stop bad things from happening","0, Never | 1, Sometimes | 2, Often | 3, Always",,,,,,,,,,rcads_matrix_1_parentproxy_child_1,,
rcads_24_parentproxy_child_1,rcads,,radio,"My child feels restless","0, Never | 1, Sometimes | 2, Often | 3, Always",,,,,,,,,,rcads_matrix_1_parentproxy_child_1,,
rcads_25_parentproxy_child_1,rcads,,radio,"My child worries that bad things will happen to them","0, Never | 1, Sometimes | 2, Often | 3, Always",,,,,,,,,,rcads_matrix_1_parentproxy_child_1,,
rcads_6_a_parentproxy_child_1,rcads,,yesno,"Is your child afraid of being in crowded places (like shopping centers, the movies, buses, busy playgrounds) because of fear of COVID-19 contamination? ",,,,,,,"[rcads_6_parentproxy_child_1]='1' or [rcads_6_parentproxy_child_1]='2' or [rcads_6_parentproxy_child_1]='3'",,,,,,
rcads_instructions_parentproxy_child_2,rcads,,descriptive,"Please select the word that shows how often each of these things happens to your child (CHILD 2). 

There are no right or wrong answers.",,,,,,,"[parentself_number_children_study] = '2' or [parentself_number_children_study] = '3' or [parentself_number_children_study] = '4'",,,,,,
rcads_1_parentproxy_child_2,rcads,"The following questions refer to Child 2. ",radio,"My child feels sad or empty","0, Never | 1, Sometimes | 2, Often | 3, Always",,,,,,"[parentself_number_children_study] = '2' or [parentself_number_children_study] = '3' or [parentself_number_children_study] = '4'",,,,rcads_matrix_1_parentproxy_child_2,,
rcads_2_parentproxy_child_2,rcads,,radio,"My child worries when they think they have done poorly at something","0, Never | 1, Sometimes | 2, Often | 3, Always",,,,,,"[parentself_number_children_study] = '2' or [parentself_number_children_study] = '3' or [parentself_number_children_study] = '4'",,,,rcads_matrix_1_parentproxy_child_2,,
rcads_3_parentproxy_child_2,rcads,,radio,"My child feels afraid of being alone at home","0, Never | 1, Sometimes | 2, Often | 3, Always",,,,,,"[parentself_number_children_study] = '2' or [parentself_number_children_study] = '3' or [parentself_number_children_study] = '4'",,,,rcads_matrix_1_parentproxy_child_2,,
rcads_4_parentproxy_child_2,rcads,,radio,"Nothing is much fun for my child anymore","0, Never | 1, Sometimes | 2, Often | 3, Always",,,,,,"[parentself_number_children_study] = '2' or [parentself_number_children_study] = '3' or [parentself_number_children_study] = '4'",,,,rcads_matrix_1_parentproxy_child_2,,
rcads_5_parentproxy_child_2,rcads,,radio,"My child worries that something awful will happen to someone in the family","0, Never | 1, Sometimes | 2, Often | 3, Always",,,,,,"[parentself_number_children_study] = '2' or [parentself_number_children_study] = '3' or [parentself_number_children_study] = '4'",,,,rcads_matrix_1_parentproxy_child_2,,
rcads_6_parentproxy_child_2,rcads,,radio,"My child is afraid of being in crowded places (like shopping centers, the movies, buses, busy playgrounds)","0, Never | 1, Sometimes | 2, Often | 3, Always",,,,,,"[parentself_number_children_study] = '2' or [parentself_number_children_study] = '3' or [parentself_number_children_study] = '4'",,,,rcads_matrix_1_parentproxy_child_2,,
rcads_7_parentproxy_child_2,rcads,,radio,"My child worries what other people think of them","0, Never | 1, Sometimes | 2, Often | 3, Always",,,,,,"[parentself_number_children_study] = '2' or [parentself_number_children_study] = '3' or [parentself_number_children_study] = '4'",,,,rcads_matrix_1_parentproxy_child_2,,
rcads_8_parentproxy_child_2,rcads,,radio,"My child has trouble sleeping","0, Never | 1, Sometimes | 2, Often | 3, Always",,,,,,"[parentself_number_children_study] = '2' or [parentself_number_children_study] = '3' or [parentself_number_children_study] = '4'",,,,rcads_matrix_1_parentproxy_child_2,,
rcads_9_parentproxy_child_2,rcads,,radio,"My child feels scared to sleep on their own","0, Never | 1, Sometimes | 2, Often | 3, Always",,,,,,"[parentself_number_children_study] = '2' or [parentself_number_children_study] = '3' or [parentself_number_children_study] = '4'",,,,rcads_matrix_1_parentproxy_child_2,,
rcads_10_parentproxy_child_2,rcads,,radio,"My child has problems with their appetite","0, Never | 1, Sometimes | 2, Often | 3, Always",,,,,,"[parentself_number_children_study] = '2' or [parentself_number_children_study] = '3' or [parentself_number_children_study] = '4'",,,,rcads_matrix_1_parentproxy_child_2,,
rcads_11_parentproxy_child_2,rcads,,radio,"My child suddenly becomes dizzy or faint when there is no reason for this","0, Never | 1, Sometimes | 2, Often | 3, Always",,,,,,"[parentself_number_children_study] = '2' or [parentself_number_children_study] = '3' or [parentself_number_children_study] = '4'",,,,rcads_matrix_1_parentproxy_child_2,,
rcads_12_parentproxy_child_2,rcads,,radio,"My child has to do some things over and over again (like washing hands, cleaning, or putting things in a certain order)","0, Never | 1, Sometimes | 2, Often | 3, Always",,,,,,"[parentself_number_children_study] = '2' or [parentself_number_children_study] = '3' or [parentself_number_children_study] = '4'",,,,rcads_matrix_1_parentproxy_child_2,,
rcads_13_parentproxy_child_2,rcads,,radio,"My child has no energy for things","0, Never | 1, Sometimes | 2, Often | 3, Always",,,,,,"[parentself_number_children_study] = '2' or [parentself_number_children_study] = '3' or [parentself_number_children_study] = '4'",,,,rcads_matrix_1_parentproxy_child_2,,
rcads_14_parentproxy_child_2,rcads,,radio,"My child suddenly starts to tremble or shake when there is no reason for this","0, Never | 1, Sometimes | 2, Often | 3, Always",,,,,,"[parentself_number_children_study] = '2' or [parentself_number_children_study] = '3' or [parentself_number_children_study] = '4'",,,,rcads_matrix_1_parentproxy_child_2,,
rcads_15_parentproxy_child_2,rcads,,radio,"My child cannot think clearly","0, Never | 1, Sometimes | 2, Often | 3, Always",,,,,,"[parentself_number_children_study] = '2' or [parentself_number_children_study] = '3' or [parentself_number_children_study] = '4'",,,,rcads_matrix_1_parentproxy_child_2,,
rcads_16_parentproxy_child_2,rcads,,radio,"My child feels worthless","0, Never | 1, Sometimes | 2, Often | 3, Always",,,,,,"[parentself_number_children_study] = '2' or [parentself_number_children_study] = '3' or [parentself_number_children_study] = '4'",,,,rcads_matrix_1_parentproxy_child_2,,
rcads_17_parentproxy_child_2,rcads,,radio,"My child has to think of special thoughts (like numbers or words) to stop bad things from happening","0, Never | 1, Sometimes | 2, Often | 3, Always",,,,,,"[parentself_number_children_study] = '2' or [parentself_number_children_study] = '3' or [parentself_number_children_study] = '4'",,,,rcads_matrix_1_parentproxy_child_2,,
rcads_18_parentproxy_child_2,rcads,,radio,"My child thinks about death","0, Never | 1, Sometimes | 2, Often | 3, Always",,,,,,"[parentself_number_children_study] = '2' or [parentself_number_children_study] = '3' or [parentself_number_children_study] = '4'",,,,rcads_matrix_1_parentproxy_child_2,,
rcads_19_parentproxy_child_2,rcads,,radio,"My child feels like they don't want to move","0, Never | 1, Sometimes | 2, Often | 3, Always",,,,,,"[parentself_number_children_study] = '2' or [parentself_number_children_study] = '3' or [parentself_number_children_study] = '4'",,,,rcads_matrix_1_parentproxy_child_2,,
rcads_20_parentproxy_child_2,rcads,,radio,"My child worries that they will suddenly get a scared feeling when there is nothing to be afraid of","0, Never | 1, Sometimes | 2, Often | 3, Always",,,,,,"[parentself_number_children_study] = '2' or [parentself_number_children_study] = '3' or [parentself_number_children_study] = '4'",,,,rcads_matrix_1_parentproxy_child_2,,
rcads_21_parentproxy_child_2,rcads,,radio,"My child is tired a lot","0, Never | 1, Sometimes | 2, Often | 3, Always",,,,,,"[parentself_number_children_study] = '2' or [parentself_number_children_study] = '3' or [parentself_number_children_study] = '4'",,,,rcads_matrix_1_parentproxy_child_2,,
rcads_22_parentproxy_child_2,rcads,,radio,"My child feels afraid that they will make a fool of themself in front of people","0, Never | 1, Sometimes | 2, Often | 3, Always",,,,,,"[parentself_number_children_study] = '2' or [parentself_number_children_study] = '3' or [parentself_number_children_study] = '4'",,,,rcads_matrix_1_parentproxy_child_2,,
rcads_23_parentproxy_child_2,rcads,,radio,"My child has to do some things in just the right way to stop bad things from happening","0, Never | 1, Sometimes | 2, Often | 3, Always",,,,,,"[parentself_number_children_study] = '2' or [parentself_number_children_study] = '3' or [parentself_number_children_study] = '4'",,,,rcads_matrix_1_parentproxy_child_2,,
rcads_24_parentproxy_child_2,rcads,,radio,"My child feels restless","0, Never | 1, Sometimes | 2, Often | 3, Always",,,,,,"[parentself_number_children_study] = '2' or [parentself_number_children_study] = '3' or [parentself_number_children_study] = '4'",,,,rcads_matrix_1_parentproxy_child_2,,
rcads_25_parentproxy_child_2,rcads,,radio,"My child worries that bad things will happen to them","0, Never | 1, Sometimes | 2, Often | 3, Always",,,,,,"[parentself_number_children_study] = '2' or [parentself_number_children_study] = '3' or [parentself_number_children_study] = '4'",,,,rcads_matrix_1_parentproxy_child_2,,
rcads_6_a_parentproxy_child_2,rcads,,yesno,"Is your child afraid of being in crowded places (like shopping centers, the movies, buses, busy playgrounds) because of fear of COVID-19 contamination? ",,,,,,,"[rcads_6_parentproxy_child_2]='1' or [rcads_6_parentproxy_child_2]='2' or [rcads_6_parentproxy_child_2]='3'",,,,,,
rcads_instructions_parentproxy_child_3,rcads,,descriptive,"Please select the word that shows how often each of these things happens to your child (CHILD 3). 

There are no right or wrong answers.",,,,,,,"[parentself_number_children_study] = '3' or [parentself_number_children_study] = '4'",,,,,,
rcads_1_parentproxy_child_3,rcads,"The following questions refer to Child 3. ",radio,"My child feels sad or empty","0, Never | 1, Sometimes | 2, Often | 3, Always",,,,,,"[parentself_number_children_study] = '3' or [parentself_number_children_study] = '4'",,,,rcads_matrix_1_parentproxy_child_3,,
rcads_2_parentproxy_child_3,rcads,,radio,"My child worries when they think they have done poorly at something","0, Never | 1, Sometimes | 2, Often | 3, Always",,,,,,"[parentself_number_children_study] = '3' or [parentself_number_children_study] = '4'",,,,rcads_matrix_1_parentproxy_child_3,,
rcads_3_parentproxy_child_3,rcads,,radio,"My child feels afraid of being alone at home","0, Never | 1, Sometimes | 2, Often | 3, Always",,,,,,"[parentself_number_children_study] = '3' or [parentself_number_children_study] = '4'",,,,rcads_matrix_1_parentproxy_child_3,,
rcads_4_parentproxy_child_3,rcads,,radio,"Nothing is much fun for my child anymore","0, Never | 1, Sometimes | 2, Often | 3, Always",,,,,,"[parentself_number_children_study] = '3' or [parentself_number_children_study] = '4'",,,,rcads_matrix_1_parentproxy_child_3,,
rcads_5_parentproxy_child_3,rcads,,radio,"My child worries that something awful will happen to someone in the family","0, Never | 1, Sometimes | 2, Often | 3, Always",,,,,,"[parentself_number_children_study] = '3' or [parentself_number_children_study] = '4'",,,,rcads_matrix_1_parentproxy_child_3,,
rcads_6_parentproxy_child_3,rcads,,radio,"My child is afraid of being in crowded places (like shopping centers, the movies, buses, busy playgrounds)","0, Never | 1, Sometimes | 2, Often | 3, Always",,,,,,"[parentself_number_children_study] = '3' or [parentself_number_children_study] = '4'",,,,rcads_matrix_1_parentproxy_child_3,,
rcads_7_parentproxy_child_3,rcads,,radio,"My child worries what other people think of them","0, Never | 1, Sometimes | 2, Often | 3, Always",,,,,,"[parentself_number_children_study] = '3' or [parentself_number_children_study] = '4'",,,,rcads_matrix_1_parentproxy_child_3,,
rcads_8_parentproxy_child_3,rcads,,radio,"My child has trouble sleeping","0, Never | 1, Sometimes | 2, Often | 3, Always",,,,,,"[parentself_number_children_study] = '3' or [parentself_number_children_study] = '4'",,,,rcads_matrix_1_parentproxy_child_3,,
rcads_9_parentproxy_child_3,rcads,,radio,"My child feels scared to sleep on their own","0, Never | 1, Sometimes | 2, Often | 3, Always",,,,,,"[parentself_number_children_study] = '3' or [parentself_number_children_study] = '4'",,,,rcads_matrix_1_parentproxy_child_3,,
rcads_10_parentproxy_child_3,rcads,,radio,"My child has problems with their appetite","0, Never | 1, Sometimes | 2, Often | 3, Always",,,,,,"[parentself_number_children_study] = '3' or [parentself_number_children_study] = '4'",,,,rcads_matrix_1_parentproxy_child_3,,
rcads_11_parentproxy_child_3,rcads,,radio,"My child suddenly becomes dizzy or faint when there is no reason for this","0, Never | 1, Sometimes | 2, Often | 3, Always",,,,,,"[parentself_number_children_study] = '3' or [parentself_number_children_study] = '4'",,,,rcads_matrix_1_parentproxy_child_3,,
rcads_12_parentproxy_child_3,rcads,,radio,"My child has to do some things over and over again (like washing hands, cleaning, or putting things in a certain order)","0, Never | 1, Sometimes | 2, Often | 3, Always",,,,,,"[parentself_number_children_study] = '3' or [parentself_number_children_study] = '4'",,,,rcads_matrix_1_parentproxy_child_3,,
rcads_13_parentproxy_child_3,rcads,,radio,"My child has no energy for things","0, Never | 1, Sometimes | 2, Often | 3, Always",,,,,,"[parentself_number_children_study] = '3' or [parentself_number_children_study] = '4'",,,,rcads_matrix_1_parentproxy_child_3,,
rcads_14_parentproxy_child_3,rcads,,radio,"My child suddenly starts to tremble or shake when there is no reason for this","0, Never | 1, Sometimes | 2, Often | 3, Always",,,,,,"[parentself_number_children_study] = '3' or [parentself_number_children_study] = '4'",,,,rcads_matrix_1_parentproxy_child_3,,
rcads_15_parentproxy_child_3,rcads,,radio,"My child cannot think clearly","0, Never | 1, Sometimes | 2, Often | 3, Always",,,,,,"[parentself_number_children_study] = '3' or [parentself_number_children_study] = '4'",,,,rcads_matrix_1_parentproxy_child_3,,
rcads_16_parentproxy_child_3,rcads,,radio,"My child feels worthless","0, Never | 1, Sometimes | 2, Often | 3, Always",,,,,,"[parentself_number_children_study] = '3' or [parentself_number_children_study] = '4'",,,,rcads_matrix_1_parentproxy_child_3,,
rcads_17_parentproxy_child_3,rcads,,radio,"My child has to think of special thoughts (like numbers or words) to stop bad things from happening","0, Never | 1, Sometimes | 2, Often | 3, Always",,,,,,"[parentself_number_children_study] = '3' or [parentself_number_children_study] = '4'",,,,rcads_matrix_1_parentproxy_child_3,,
rcads_18_parentproxy_child_3,rcads,,radio,"My child thinks about death","0, Never | 1, Sometimes | 2, Often | 3, Always",,,,,,"[parentself_number_children_study] = '3' or [parentself_number_children_study] = '4'",,,,rcads_matrix_1_parentproxy_child_3,,
rcads_19_parentproxy_child_3,rcads,,radio,"My child feels like they don't want to move","0, Never | 1, Sometimes | 2, Often | 3, Always",,,,,,"[parentself_number_children_study] = '3' or [parentself_number_children_study] = '4'",,,,rcads_matrix_1_parentproxy_child_3,,
rcads_20_parentproxy_child_3,rcads,,radio,"My child worries that they will suddenly get a scared feeling when there is nothing to be afraid of","0, Never | 1, Sometimes | 2, Often | 3, Always",,,,,,"[parentself_number_children_study] = '3' or [parentself_number_children_study] = '4'",,,,rcads_matrix_1_parentproxy_child_3,,
rcads_21_parentproxy_child_3,rcads,,radio,"My child is tired a lot","0, Never | 1, Sometimes | 2, Often | 3, Always",,,,,,"[parentself_number_children_study] = '3' or [parentself_number_children_study] = '4'",,,,rcads_matrix_1_parentproxy_child_3,,
rcads_22_parentproxy_child_3,rcads,,radio,"My child feels afraid that they will make a fool of themself in front of people","0, Never | 1, Sometimes | 2, Often | 3, Always",,,,,,"[parentself_number_children_study] = '3' or [parentself_number_children_study] = '4'",,,,rcads_matrix_1_parentproxy_child_3,,
rcads_23_parentproxy_child_3,rcads,,radio,"My child has to do some things in just the right way to stop bad things from happening","0, Never | 1, Sometimes | 2, Often | 3, Always",,,,,,"[parentself_number_children_study] = '3' or [parentself_number_children_study] = '4'",,,,rcads_matrix_1_parentproxy_child_3,,
rcads_24_parentproxy_child_3,rcads,,radio,"My child feels restless","0, Never | 1, Sometimes | 2, Often | 3, Always",,,,,,"[parentself_number_children_study] = '3' or [parentself_number_children_study] = '4'",,,,rcads_matrix_1_parentproxy_child_3,,
rcads_25_parentproxy_child_3,rcads,,radio,"My child worries that bad things will happen to them","0, Never | 1, Sometimes | 2, Often | 3, Always",,,,,,"[parentself_number_children_study] = '3' or [parentself_number_children_study] = '4'",,,,rcads_matrix_1_parentproxy_child_3,,
rcads_6_a_parentproxy_child_3,rcads,,yesno,"Is your child afraid of being in crowded places (like shopping centers, the movies, buses, busy playgrounds) because of fear of COVID-19 contamination? ",,,,,,,"[rcads_6_parentproxy_child_3]='1' or [rcads_6_parentproxy_child_3]='2' or [rcads_6_parentproxy_child_3]='3'",,,,,,
rcads_instructions_parentproxy_child_4,rcads,,descriptive,"Please select the word that shows how often each of these things happens to your child (CHILD 4). 

There are no right or wrong answers.",,,,,,,"[parentself_number_children_study] = '4'",,,,,,
rcads_1_parentproxy_child_4,rcads,"The following questions refer to Child 4. ",radio,"My child feels sad or empty","0, Never | 1, Sometimes | 2, Often | 3, Always",,,,,,"[parentself_number_children_study] = '4'",,,,rcads_matrix_1_parentproxy_child_4,,
rcads_2_parentproxy_child_4,rcads,,radio,"My child worries when they think they have done poorly at something","0, Never | 1, Sometimes | 2, Often | 3, Always",,,,,,"[parentself_number_children_study] = '4'",,,,rcads_matrix_1_parentproxy_child_4,,
rcads_3_parentproxy_child_4,rcads,,radio,"My child feels afraid of being alone at home","0, Never | 1, Sometimes | 2, Often | 3, Always",,,,,,"[parentself_number_children_study] = '4'",,,,rcads_matrix_1_parentproxy_child_4,,
rcads_4_parentproxy_child_4,rcads,,radio,"Nothing is much fun for my child anymore","0, Never | 1, Sometimes | 2, Often | 3, Always",,,,,,"[parentself_number_children_study] = '4'",,,,rcads_matrix_1_parentproxy_child_4,,
rcads_5_parentproxy_child_4,rcads,,radio,"My child worries that something awful will happen to someone in the family","0, Never | 1, Sometimes | 2, Often | 3, Always",,,,,,"[parentself_number_children_study] = '4'",,,,rcads_matrix_1_parentproxy_child_4,,
rcads_6_parentproxy_child_4,rcads,,radio,"My child is afraid of being in crowded places (like shopping centers, the movies, buses, busy playgrounds)","0, Never | 1, Sometimes | 2, Often | 3, Always",,,,,,"[parentself_number_children_study] = '4'",,,,rcads_matrix_1_parentproxy_child_4,,
rcads_7_parentproxy_child_4,rcads,,radio,"My child worries what other people think of them","0, Never | 1, Sometimes | 2, Often | 3, Always",,,,,,"[parentself_number_children_study] = '4'",,,,rcads_matrix_1_parentproxy_child_4,,
rcads_8_parentproxy_child_4,rcads,,radio,"My child has trouble sleeping","0, Never | 1, Sometimes | 2, Often | 3, Always",,,,,,"[parentself_number_children_study] = '4'",,,,rcads_matrix_1_parentproxy_child_4,,
rcads_9_parentproxy_child_4,rcads,,radio,"My child feels scared to sleep on their own","0, Never | 1, Sometimes | 2, Often | 3, Always",,,,,,"[parentself_number_children_study] = '4'",,,,rcads_matrix_1_parentproxy_child_4,,
rcads_10_parentproxy_child_4,rcads,,radio,"My child has problems with their appetite","0, Never | 1, Sometimes | 2, Often | 3, Always",,,,,,"[parentself_number_children_study] = '4'",,,,rcads_matrix_1_parentproxy_child_4,,
rcads_11_parentproxy_child_4,rcads,,radio,"My child suddenly becomes dizzy or faint when there is no reason for this","0, Never | 1, Sometimes | 2, Often | 3, Always",,,,,,"[parentself_number_children_study] = '4'",,,,rcads_matrix_1_parentproxy_child_4,,
rcads_12_parentproxy_child_4,rcads,,radio,"My child has to do some things over and over again (like washing hands, cleaning, or putting things in a certain order)","0, Never | 1, Sometimes | 2, Often | 3, Always",,,,,,"[parentself_number_children_study] = '4'",,,,rcads_matrix_1_parentproxy_child_4,,
rcads_13_parentproxy_child_4,rcads,,radio,"My child has no energy for things","0, Never | 1, Sometimes | 2, Often | 3, Always",,,,,,"[parentself_number_children_study] = '4'",,,,rcads_matrix_1_parentproxy_child_4,,
rcads_14_parentproxy_child_4,rcads,,radio,"My child suddenly starts to tremble or shake when there is no reason for this","0, Never | 1, Sometimes | 2, Often | 3, Always",,,,,,"[parentself_number_children_study] = '4'",,,,rcads_matrix_1_parentproxy_child_4,,
rcads_15_parentproxy_child_4,rcads,,radio,"My child cannot think clearly","0, Never | 1, Sometimes | 2, Often | 3, Always",,,,,,"[parentself_number_children_study] = '4'",,,,rcads_matrix_1_parentproxy_child_4,,
rcads_16_parentproxy_child_4,rcads,,radio,"My child feels worthless","0, Never | 1, Sometimes | 2, Often | 3, Always",,,,,,"[parentself_number_children_study] = '4'",,,,rcads_matrix_1_parentproxy_child_4,,
rcads_17_parentproxy_child_4,rcads,,radio,"My child has to think of special thoughts (like numbers or words) to stop bad things from happening","0, Never | 1, Sometimes | 2, Often | 3, Always",,,,,,"[parentself_number_children_study] = '4'",,,,rcads_matrix_1_parentproxy_child_4,,
rcads_18_parentproxy_child_4,rcads,,radio,"My child thinks about death","0, Never | 1, Sometimes | 2, Often | 3, Always",,,,,,"[parentself_number_children_study] = '4'",,,,rcads_matrix_1_parentproxy_child_4,,
rcads_19_parentproxy_child_4,rcads,,radio,"My child feels like they doesn't want to move","0, Never | 1, Sometimes | 2, Often | 3, Always",,,,,,"[parentself_number_children_study] = '4'",,,,rcads_matrix_1_parentproxy_child_4,,
rcads_20_parentproxy_child_4,rcads,,radio,"My child worries that they will suddenly get a scared feeling when there is nothing to be afraid of","0, Never | 1, Sometimes | 2, Often | 3, Always",,,,,,"[parentself_number_children_study] = '4'",,,,rcads_matrix_1_parentproxy_child_4,,
rcads_21_parentproxy_child_4,rcads,,radio,"My child is tired a lot","0, Never | 1, Sometimes | 2, Often | 3, Always",,,,,,"[parentself_number_children_study] = '4'",,,,rcads_matrix_1_parentproxy_child_4,,
rcads_22_parentproxy_child_4,rcads,,radio,"My child feels afraid that they will make a fool of themself in front of people","0, Never | 1, Sometimes | 2, Often | 3, Always",,,,,,"[parentself_number_children_study] = '4'",,,,rcads_matrix_1_parentproxy_child_4,,
rcads_23_parentproxy_child_4,rcads,,radio,"My child has to do some things in just the right way to stop bad things from happening","0, Never | 1, Sometimes | 2, Often | 3, Always",,,,,,"[parentself_number_children_study] = '4'",,,,rcads_matrix_1_parentproxy_child_4,,
rcads_24_parentproxy_child_4,rcads,,radio,"My child feels restless","0, Never | 1, Sometimes | 2, Often | 3, Always",,,,,,"[parentself_number_children_study] = '4'",,,,rcads_matrix_1_parentproxy_child_4,,
rcads_25_parentproxy_child_4,rcads,,radio,"My child worries that bad things will happen to them","0, Never | 1, Sometimes | 2, Often | 3, Always",,,,,,"[parentself_number_children_study] = '4'",,,,rcads_matrix_1_parentproxy_child_4,,
rcads_6_a_parentproxy_child_4,rcads,,yesno,"Is your child afraid of being in crowded places (like shopping centers, the movies, buses, busy playgrounds) because of fear of COVID-19 contamination? ",,,,,,,"[rcads_6_parentproxy_child_4]='1' or [rcads_6_parentproxy_child_4]='2' or [rcads_6_parentproxy_child_4]='3'",,,,,,
