"Variable / Field Name","Form Name","Section Header","Field Type","Field Label","Choices, Calculations, OR Slider Labels","Field Note","Text Validation Type OR Show Slider Number","Text Validation Min","Text Validation Max",Identifier?,"Branching Logic (Show field only if...)","Required Field?","Custom Alignment","Question Number (surveys only)","Matrix Group Name","Matrix Ranking?","Field Annotation"
pbq_1_parentself,pbq,"Please read each statement and indicate how much you agree or disagree with it.",radio,"I believe I can regulate my child's stress","1, Strongly disagree | 2, Disagree | 3, Slightly disagree | 4, Neither agree nor disagree | 5, Slightly agree | 6, Agree | 7, Strongly agree",,,,,,,,,,pbq_matrix_1,,
pbq_2_parentself,pbq,,radio,"I believe I can think of ways to help my child when they're having problems","1, Strongly disagree | 2, Disagree | 3, Slightly disagree | 4, Neither agree nor disagree | 5, Slightly agree | 6, Agree | 7, Strongly agree",,,,,,,,,,pbq_matrix_1,,
pbq_3_parentself,pbq,,radio,"Please select option two (disagree) for this item","1, Strongly disagree | 2, Disagree | 3, Slightly disagree | 4, Neither agree nor disagree | 5, Slightly agree | 6, Agree | 7, Strongly agree",,,,,,,,,,pbq_matrix_1,,
pbq_4_parentself,pbq,,radio,"I believe I can help him/her understand his/her feelings when they are distressed","1, Strongly disagree | 2, Disagree | 3, Slightly disagree | 4, Neither agree nor disagree | 5, Slightly agree | 6, Agree | 7, Strongly agree",,,,,,,,,,pbq_matrix_1,,
pbq_5_parentself,pbq,,radio,"I believe I can handle most of the ups and downs of being a parent on most days","1, Strongly disagree | 2, Disagree | 3, Slightly disagree | 4, Neither agree nor disagree | 5, Slightly agree | 6, Agree | 7, Strongly agree",,,,,,,,,,pbq_matrix_1,,
pbq_6_parentself,pbq,,radio,"I believe if I try to ask my child questions when I see them in distress, he/she can better understand what he/she is feeling","1, Strongly disagree | 2, Disagree | 3, Slightly disagree | 4, Neither agree nor disagree | 5, Slightly agree | 6, Agree | 7, Strongly agree",,,,,,,,,,pbq_matrix_1,,
pbq_1_parentproxy_child_1,pbq,"The following questions refer to Child 1.

Please indicate how many times in the PAST TWO WEEKS you engaged in any of the following behaviors with Child 1.",radio,"Used physical touch to regulate my child's stress","0, Never | 1, Once | 2, Several times a week | 3, Once a day | 4, Multiple times a day | 5, Almost constantly",,,,,,,,,,pbq_matrix_2,,
pbq_2_parentproxy_child_1,pbq,,radio,"Limited my child's media usage","0, Never | 1, Once | 2, Several times a week | 3, Once a day | 4, Multiple times a day | 5, Almost constantly",,,,,,,,,,pbq_matrix_2,,
pbq_3_parentproxy_child_1,pbq,,radio,"Had conversations about COVID-19 at home","0, Never | 1, Once | 2, Several times a week | 3, Once a day | 4, Multiple times a day | 5, Almost constantly",,,,,,,,,,pbq_matrix_2,,
pbq_4_parentproxy_child_1,pbq,,radio,"Tried to explain COVID-19 in a way he/she will understand","0, Never | 1, Once | 2, Several times a week | 3, Once a day | 4, Multiple times a day | 5, Almost constantly",,,,,,,,,,pbq_matrix_2,,
pbq_5_parentproxy_child_1,pbq,,radio,"Established daily routines for my child","0, Never | 1, Once | 2, Several times a week | 3, Once a day | 4, Multiple times a day | 5, Almost constantly",,,,,,,,,,pbq_matrix_2,,
pbq_6_parentproxy_child_1,pbq,,radio,"Set aside time to listen to my child's concerns","0, Never | 1, Once | 2, Several times a week | 3, Once a day | 4, Multiple times a day | 5, Almost constantly",,,,,,,,,,pbq_matrix_2,,
pbq_7_parentproxy_child_1,pbq,,radio,"Tried to help my child focus on positive things in life","0, Never | 1, Once | 2, Several times a week | 3, Once a day | 4, Multiple times a day | 5, Almost constantly",,,,,,,,,,pbq_matrix_2,,
pbq_8_parentproxy_child_1,pbq,,radio,"Suggested activities they enjoy doing at home","0, Never | 1, Once | 2, Several times a week | 3, Once a day | 4, Multiple times a day | 5, Almost constantly",,,,,,,,,,pbq_matrix_2,,
pbq_9_parentproxy_child_1,pbq,,radio,"Suggested doing some exercise","0, Never | 1, Once | 2, Several times a week | 3, Once a day | 4, Multiple times a day | 5, Almost constantly",,,,,,,,,,pbq_matrix_2,,
pbq_10_parentproxy_child_1,pbq,,radio,"Tried to help them get more sleep","0, Never | 1, Once | 2, Several times a week | 3, Once a day | 4, Multiple times a day | 5, Almost constantly",,,,,,,,,,pbq_matrix_2,,
pbq_11_parentproxy_child_1,pbq,,radio,"Organized a fun activity with family members","0, Never | 1, Once | 2, Several times a week | 3, Once a day | 4, Multiple times a day | 5, Almost constantly",,,,,,,,,,pbq_matrix_2,,
pbq_12_parentproxy_child_1,pbq,,radio,"Tried to help think of the problem in a different way so it didn't seem as bad","0, Never | 1, Once | 2, Several times a week | 3, Once a day | 4, Multiple times a day | 5, Almost constantly",,,,,,,,,,pbq_matrix_2,,
pbq_13_parentproxy_child_1,pbq,,radio,"Encouraged them to talk about their feelings with others like family, friends, or trusted others","0, Never | 1, Once | 2, Several times a week | 3, Once a day | 4, Multiple times a day | 5, Almost constantly",,,,,,,,,,pbq_matrix_2,,
pbq_14_parentproxy_child_1,pbq,,radio,"Suggested turning to religious or spiritual beliefs, or meditating","0, Never | 1, Once | 2, Several times a week | 3, Once a day | 4, Multiple times a day | 5, Almost constantly",,,,,,,,,,pbq_matrix_2,,
pbq_15_parentproxy_child_1,pbq,,radio,"Scheduled an appointment with a psychologist, therapist, or other mental health support service","0, Never | 1, Once | 2, Several times a week | 3, Once a day | 4, Multiple times a day | 5, Almost constantly",,,,,,,,,,pbq_matrix_2,,
pbq_16_parentproxy_child_1,pbq,,radio,Other,"0, Never | 1, Once | 2, Several times a week | 3, Once a day | 4, Multiple times a day | 5, Almost constantly",,,,,,,,,,pbq_matrix_2,,
pbq_16_other_parentproxy_child_1,pbq,,notes,"What other ways you have been helping your child cope with COVID-19 and the Safer-at-Home orders? 

Please use this space below to tell us what else you have been doing.",,,,,,,"[pbq_16_parentproxy_child_1] = '1' or [pbq_16_parentproxy_child_1] = '2' or [pbq_16_parentproxy_child_1] = '3' or [pbq_16_parentproxy_child_1] = '4' or [pbq_16_parentproxy_child_1] = '5'",,,,,,
