"Variable / Field Name","Form Name","Section Header","Field Type","Field Label","Choices, Calculations, OR Slider Labels","Field Note","Text Validation Type OR Show Slider Number","Text Validation Min","Text Validation Max",Identifier?,"Branching Logic (Show field only if...)","Required Field?","Custom Alignment","Question Number (surveys only)","Matrix Group Name","Matrix Ranking?","Field Annotation"
stai_1_parentself,stai_a9b0,"A number of statements which people have used to describe themselves are given below. Read each statement and then select the appropriate value to the right of the statement to indicate how you feel right NOW, that is at this moment. 

There are no right or wrong answers. Do not spend too much time on any one statement but give the answer which seems to describe your present feelings best.",radio,"I feel calm.","0, Almost Never | 1, Sometimes | 2, Often | 3, Almost Always",,,,,,,,,,stai_matrix_1_parentself,,
stai_2_parentself,stai_a9b0,,radio,"I feel secure.","0, Almost Never | 1, Sometimes | 2, Often | 3, Almost Always",,,,,,,,,,stai_matrix_1_parentself,,
stai_3_parentself,stai_a9b0,,radio,"I am tense.","0, Almost Never | 1, Sometimes | 2, Often | 3, Almost Always",,,,,,,,,,stai_matrix_1_parentself,,
stai_4_parentself,stai_a9b0,,radio,"I feel strained.","0, Almost Never | 1, Sometimes | 2, Often | 3, Almost Always",,,,,,,,,,stai_matrix_1_parentself,,
stai_5_parentself,stai_a9b0,,radio,"I feel at ease.","0, Almost Never | 1, Sometimes | 2, Often | 3, Almost Always",,,,,,,,,,stai_matrix_1_parentself,,
stai_6_parentself,stai_a9b0,,radio,"I feel upset.","0, Almost Never | 1, Sometimes | 2, Often | 3, Almost Always",,,,,,,,,,stai_matrix_1_parentself,,
stai_7_parentself,stai_a9b0,,radio,"I am presently worrying over possible misfortunes.","0, Almost Never | 1, Sometimes | 2, Often | 3, Almost Always",,,,,,,,,,stai_matrix_1_parentself,,
stai_8_parentself,stai_a9b0,,radio,"I feel satisfied.","0, Almost Never | 1, Sometimes | 2, Often | 3, Almost Always",,,,,,,,,,stai_matrix_1_parentself,,
stai_9_parentself,stai_a9b0,,radio,"I feel frightened.","0, Almost Never | 1, Sometimes | 2, Often | 3, Almost Always",,,,,,,,,,stai_matrix_1_parentself,,
stai_10_parentself,stai_a9b0,,radio,"I feel comfortable.","0, Almost Never | 1, Sometimes | 2, Often | 3, Almost Always",,,,,,,,,,stai_matrix_1_parentself,,
stai_11_parentself,stai_a9b0,,radio,"I feel self-confident.","0, Almost Never | 1, Sometimes | 2, Often | 3, Almost Always",,,,,,,,,,stai_matrix_1_parentself,,
stai_12_parentself,stai_a9b0,,radio,"I feel nervous.","0, Almost Never | 1, Sometimes | 2, Often | 3, Almost Always",,,,,,,,,,stai_matrix_1_parentself,,
stai_13_parentself,stai_a9b0,,radio,"I feel jittery.","0, Almost Never | 1, Sometimes | 2, Often | 3, Almost Always",,,,,,,,,,stai_matrix_1_parentself,,
stai_14_parentself,stai_a9b0,,radio,"I feel indecisive.","0, Almost Never | 1, Sometimes | 2, Often | 3, Almost Always",,,,,,,,,,stai_matrix_1_parentself,,
stai_15_parentself,stai_a9b0,,radio,"I am relaxed.","0, Almost Never | 1, Sometimes | 2, Often | 3, Almost Always",,,,,,,,,,stai_matrix_1_parentself,,
stai_16_parentself,stai_a9b0,,radio,"I feel content.","0, Almost Never | 1, Sometimes | 2, Often | 3, Almost Always",,,,,,,,,,stai_matrix_1_parentself,,
stai_17_parentself,stai_a9b0,,radio,"I am worried.","0, Almost Never | 1, Sometimes | 2, Often | 3, Almost Always",,,,,,,,,,stai_matrix_1_parentself,,
stai_18_parentself,stai_a9b0,,radio,"I feel confused.","0, Almost Never | 1, Sometimes | 2, Often | 3, Almost Always",,,,,,,,,,stai_matrix_1_parentself,,
stai_19_parentself,stai_a9b0,,radio,"I feel steady.","0, Almost Never | 1, Sometimes | 2, Often | 3, Almost Always",,,,,,,,,,stai_matrix_1_parentself,,
stai_20_parentself,stai_a9b0,,radio,"I feel pleasant.","0, Almost Never | 1, Sometimes | 2, Often | 3, Almost Always",,,,,,,,,,stai_matrix_1_parentself,,
stai_21_parentself,stai_a9b0,"A number of statements which people have used to describe themselves are given below. Read each statement and then select the appropriate value to the right of the statement to indicate how you GENERALLY feel. 

There are no right or wrong answers. Do not spend too much time on any one statement but give the answer which seems to describe your present feelings best.",radio,"I feel pleasant.","0, Almost Never | 1, Sometimes | 2, Often | 3, Almost Always",,,,,,,,,,stai_matrix_2_parentself,,
stai_22_parentself,stai_a9b0,,radio,"I feel nervous and restless.","0, Almost Never | 1, Sometimes | 2, Often | 3, Almost Always",,,,,,,,,,stai_matrix_2_parentself,,
stai_23_parentself,stai_a9b0,,radio,"I feel satisfied with myself.","0, Almost Never | 1, Sometimes | 2, Often | 3, Almost Always",,,,,,,,,,stai_matrix_2_parentself,,
stai_24_parentself,stai_a9b0,,radio,"I wish I could be as happy as others seem to be.","0, Almost Never | 1, Sometimes | 2, Often | 3, Almost Always",,,,,,,,,,stai_matrix_2_parentself,,
stai_25_parentself,stai_a9b0,,radio,"I feel like a failure.","0, Almost Never | 1, Sometimes | 2, Often | 3, Almost Always",,,,,,,,,,stai_matrix_2_parentself,,
stai_26_parentself,stai_a9b0,,radio,"I feel rested.","0, Almost Never | 1, Sometimes | 2, Often | 3, Almost Always",,,,,,,,,,stai_matrix_2_parentself,,
stai_27_parentself,stai_a9b0,,radio,"I am ""calm, cool, and collected.""","0, Almost Never | 1, Sometimes | 2, Often | 3, Almost Always",,,,,,,,,,stai_matrix_2_parentself,,
stai_28_parentself,stai_a9b0,,radio,"I feel that difficulties are piling up so that I cannot overcome them.","0, Almost Never | 1, Sometimes | 2, Often | 3, Almost Always",,,,,,,,,,stai_matrix_2_parentself,,
stai_29_parentself,stai_a9b0,,radio,"I worry too much over something that really doesn't matter.","0, Almost Never | 1, Sometimes | 2, Often | 3, Almost Always",,,,,,,,,,stai_matrix_2_parentself,,
stai_30_parentself,stai_a9b0,,radio,"I am happy.","0, Almost Never | 1, Sometimes | 2, Often | 3, Almost Always",,,,,,,,,,stai_matrix_2_parentself,,
stai_31_parentself,stai_a9b0,,radio,"I have disturbing thoughts.","0, Almost Never | 1, Sometimes | 2, Often | 3, Almost Always",,,,,,,,,,stai_matrix_2_parentself,,
stai_32_parentself,stai_a9b0,,radio,"I lack self confidence.","0, Almost Never | 1, Sometimes | 2, Often | 3, Almost Always",,,,,,,,,,stai_matrix_2_parentself,,
stai_33_parentself,stai_a9b0,,radio,"I feel secure.","0, Almost Never | 1, Sometimes | 2, Often | 3, Almost Always",,,,,,,,,,stai_matrix_2_parentself,,
stai_34_parentself,stai_a9b0,,radio,"I make decisions easily.","0, Almost Never | 1, Sometimes | 2, Often | 3, Almost Always",,,,,,,,,,stai_matrix_2_parentself,,
stai_35_parentself,stai_a9b0,,radio,"I feel inadequate.","0, Almost Never | 1, Sometimes | 2, Often | 3, Almost Always",,,,,,,,,,stai_matrix_2_parentself,,
stai_36_parentself,stai_a9b0,,radio,"I am content.","0, Almost Never | 1, Sometimes | 2, Often | 3, Almost Always",,,,,,,,,,stai_matrix_2_parentself,,
stai_37_parentself,stai_a9b0,,radio,"Some unimportant thought runs through my mind and bothers me.","0, Almost Never | 1, Sometimes | 2, Often | 3, Almost Always",,,,,,,,,,stai_matrix_2_parentself,,
stai_38_parentself,stai_a9b0,,radio,"I take disappointments so keenly that I can't put them out of my mind.","0, Almost Never | 1, Sometimes | 2, Often | 3, Almost Always",,,,,,,,,,stai_matrix_2_parentself,,
stai_39_parentself,stai_a9b0,,radio,"I am a steady person.","0, Almost Never | 1, Sometimes | 2, Often | 3, Almost Always",,,,,,,,,,stai_matrix_2_parentself,,
stai_40_parentself,stai_a9b0,,radio,"I get in a state of tension or turmoil as I think over my recent concerns and interests.","0, Almost Never | 1, Sometimes | 2, Often | 3, Almost Always",,,,,,,,,,stai_matrix_2_parentself,,
