"Variable / Field Name","Form Name","Section Header","Field Type","Field Label","Choices, Calculations, OR Slider Labels","Field Note","Text Validation Type OR Show Slider Number","Text Validation Min","Text Validation Max",Identifier?,"Branching Logic (Show field only if...)","Required Field?","Custom Alignment","Question Number (surveys only)","Matrix Group Name","Matrix Ranking?","Field Annotation"
panas_1_continue,panas_1,,descriptive,"<div class=""rich-text-field-label""><h3 style=""text-align: center;"">At the end of the survey, you will automatically be redirected to a Google Form to input your email address for the gift card drawing. <br /><br />Please click submit on the final ""Resources"" page to be redirected.<br /><br />Click submit to begin.</h3></div>",,,,,,,,,,,,,
panas_1_1_parentself,panas_1,"Indicate how you feel right now.",radio,Interested,"1, Very slightly or not at all | 2, A little | 3, Moderately | 4, Quite a bit | 5, Extremely",,,,,,"[consent] != '1'",,,,panas_1_matrix_1,,
panas_1_2_parentself,panas_1,,radio,Distressed,"1, Very slightly or not at all | 2, A little | 3, Moderately | 4, Quite a bit | 5, Extremely",,,,,,"[consent] != '1'",,,,panas_1_matrix_1,,
panas_1_3_parentself,panas_1,,radio,Excited,"1, Very slightly or not at all | 2, A little | 3, Moderately | 4, Quite a bit | 5, Extremely",,,,,,"[consent] != '1'",,,,panas_1_matrix_1,,
panas_1_4_parentself,panas_1,,radio,Upset,"1, Very slightly or not at all | 2, A little | 3, Moderately | 4, Quite a bit | 5, Extremely",,,,,,"[consent] != '1'",,,,panas_1_matrix_1,,
panas_1_5_parentself,panas_1,,radio,Strong,"1, Very slightly or not at all | 2, A little | 3, Moderately | 4, Quite a bit | 5, Extremely",,,,,,"[consent] != '1'",,,,panas_1_matrix_1,,
panas_1_6_parentself,panas_1,,radio,Guilty,"1, Very slightly or not at all | 2, A little | 3, Moderately | 4, Quite a bit | 5, Extremely",,,,,,"[consent] != '1'",,,,panas_1_matrix_1,,
panas_1_7_parentself,panas_1,,radio,Scared,"1, Very slightly or not at all | 2, A little | 3, Moderately | 4, Quite a bit | 5, Extremely",,,,,,"[consent] != '1'",,,,panas_1_matrix_1,,
panas_1_8_parentself,panas_1,,radio,Hostile,"1, Very slightly or not at all | 2, A little | 3, Moderately | 4, Quite a bit | 5, Extremely",,,,,,"[consent] != '1'",,,,panas_1_matrix_1,,
panas_1_9_parentself,panas_1,,radio,Enthusiastic,"1, Very slightly or not at all | 2, A little | 3, Moderately | 4, Quite a bit | 5, Extremely",,,,,,"[consent] != '1'",,,,panas_1_matrix_1,,
panas_1_10_parentself,panas_1,,radio,Proud,"1, Very slightly or not at all | 2, A little | 3, Moderately | 4, Quite a bit | 5, Extremely",,,,,,"[consent] != '1'",,,,panas_1_matrix_1,,
panas_1_11_parentself,panas_1,,radio,Irritable,"1, Very slightly or not at all | 2, A little | 3, Moderately | 4, Quite a bit | 5, Extremely",,,,,,"[consent] != '1'",,,,panas_1_matrix_1,,
panas_1_12_parentself,panas_1,,radio,Alert,"1, Very slightly or not at all | 2, A little | 3, Moderately | 4, Quite a bit | 5, Extremely",,,,,,"[consent] != '1'",,,,panas_1_matrix_1,,
panas_1_13_parentself,panas_1,,radio,Ashamed,"1, Very slightly or not at all | 2, A little | 3, Moderately | 4, Quite a bit | 5, Extremely",,,,,,"[consent] != '1'",,,,panas_1_matrix_1,,
panas_1_14_parentself,panas_1,,radio,Inspired,"1, Very slightly or not at all | 2, A little | 3, Moderately | 4, Quite a bit | 5, Extremely",,,,,,"[consent] != '1'",,,,panas_1_matrix_1,,
panas_1_15_parentself,panas_1,,radio,Nervous,"1, Very slightly or not at all | 2, A little | 3, Moderately | 4, Quite a bit | 5, Extremely",,,,,,"[consent] != '1'",,,,panas_1_matrix_1,,
panas_1_16_parentself,panas_1,,radio,Determined,"1, Very slightly or not at all | 2, A little | 3, Moderately | 4, Quite a bit | 5, Extremely",,,,,,"[consent] != '1'",,,,panas_1_matrix_1,,
panas_1_17_parentself,panas_1,,radio,Attentive,"1, Very slightly or not at all | 2, A little | 3, Moderately | 4, Quite a bit | 5, Extremely",,,,,,"[consent] != '1'",,,,panas_1_matrix_1,,
panas_1_18_parentself,panas_1,,radio,Jittery,"1, Very slightly or not at all | 2, A little | 3, Moderately | 4, Quite a bit | 5, Extremely",,,,,,"[consent] != '1'",,,,panas_1_matrix_1,,
panas_1_19_parentself,panas_1,,radio,Active,"1, Very slightly or not at all | 2, A little | 3, Moderately | 4, Quite a bit | 5, Extremely",,,,,,"[consent] != '1'",,,,panas_1_matrix_1,,
panas_1_20_parentself,panas_1,,radio,Afraid,"1, Very slightly or not at all | 2, A little | 3, Moderately | 4, Quite a bit | 5, Extremely",,,,,,"[consent] != '1'",,,,panas_1_matrix_1,,
