﻿"Variable / Field Name","Form Name","Section Header","Field Type","Field Label","Choices, Calculations, OR Slider Labels","Field Note","Text Validation Type OR Show Slider Number","Text Validation Min","Text Validation Max",Identifier?,"Branching Logic (Show field only if...)","Required Field?","Custom Alignment","Question Number (surveys only)","Matrix Group Name","Matrix Ranking?","Field Annotation"
child_1_race,demographics,Demographics,checkbox,"What is Child 1's race?

(Select all that apply)","1, White (non-hispanic) | 2, Hispanic | 3, Asian-American | 4, African American/Black | 5, Native Hawaiian or other Pacific Islander | 6, American Indian or Alaskan Native",,,,,,,,,,,,
child_1_ethnicity,demographics,,radio,"What is Child 1's ethnicity?","1, Hispanic or Latinx | 0, Not Hispanic or Latinx",,,,,,,,,,,,
child_1_primary_caregiver_race,demographics,,checkbox,"What is Child 1's primary caregiver's race?

(Select all that apply)","1, White (non-hispanic) | 2, Hispanic | 3, Asian-American | 4, African American/Black | 5, Native Hawaiian or other Pacific Islander | 6, American Indian or Alaskan Native",,,,,,,,,,,,
child_1_primary_caregiver_ethnicity,demographics,,radio,"What is Child 1's primary caregiver's ethnicity?","1, Hispanic or Latinx | 0, Not Hispanic or Latinx",,,,,,,,,,,,
child_1_secondary_caregiver_race,demographics,,checkbox,"What is Child 1's secondary caregiver's race?

(Select all that apply)","1, White (non-hispanic) | 2, Hispanic | 3, Asian-American | 4, African American/Black | 5, Native Hawaiian or other Pacific Islander | 6, American Indian or Alaskan Native",,,,,,,,,,,,
child_1_secondary_caregiver_ethnicity,demographics,,radio,"What is Child 1's secondary caregiver's ethnicity?","1, Hispanic or Latinx | 0, Not Hispanic or Latinx",,,,,,,,,,,,
primary_caregiver_education_child_1,demographics,,radio,"What is Child 1's primary caregiver's education?

Please select the highest level completed. ","1, Elementary school | 2, High school or equivalent | 3, Vocational/technical school | 4, Some college | 5, Bachelor's degree | 6, Master's degree | 7, Doctoral degree | 8, Professional degree | 9, Other",,,,,,,,,,,,
primary_caregiver_education_other_child_1,demographics,,text,"Other (please describe)",,,,,,,"[primary_caregiver_education_child_1] = '9'",,,,,,
secondary_caregiver_education_child_1,demographics,,radio,"What is Child 1's secondary caregiver's education?

Please select the highest level completed. ","1, Elementary school | 2, High school or equivalent | 3, Vocational/technical school | 4, Some college | 5, Bachelor's degree | 6, Master's degree | 7, Doctoral degree | 8, Professional degree | 9, Other",,,,,,,,,,,,
secondary_caregiver_education_other_child_1,demographics,,text,"Other (please describe)",,,,,,,"[secondary_caregiver_education_child_1] = '9'",,,,,,
primary_caregiver_age_child_1,demographics,,text,"Child 1's primary caregiver's age",,,,,,,,,,,,,
secondary_caregiver_age_child_1,demographics,,text,"Child 1's secondary caregiver's age",,,,,,,,,,,,,
primary_caregiver_occupation_child_1,demographics,,text,"Child 1's primary caregiver's occupation",,,,,,,,,,,,,
primary_caregiver_income_child_1,demographics,,dropdown,"Child 1's primary caregiver's income","1, Less than $17,999 | 2, $18,000 - $24,999 | 3, $25,000 - $49,999 | 4, $50,000 - $99,999 | 5, $100,000 - $149,999 | 6, $150,000 or more",,,,,,,,,,,,
secondary_caregiver_occupation_child_1,demographics,,text,"Child 1's secondary caregiver's occupation",,,,,,,,,,,,,
secondary_caregiver_income_child_1,demographics,,dropdown,"Child 1's secondary caregiver's income","1, Less than $17,999 | 2, $18,000 - $24,999 | 3, $25,000 - $49,999 | 4, $50,000 - $99,999 | 5, $100,000 - $149,999 | 6, $150,000 or more",,,,,,,,,,,,
participant_subjective_social_status_usa_ladder,demographics,,descriptive,"Think of this ladder as representing where people stand in the United States. At the top of the ladder are the people who are the best off - those who have the most money, the most education, and the most respected jobs. At the bottom are the people who are the worst off - those who have the least money, least education, the least respected jobs, or no job. The higher up you are on this ladder, the closer you are to the people at the very top; the lower you are, the closer you are to the people at the very bottom.",,,,,,,,,,,,,
participant_subjective_social_status_usa,demographics,,dropdown,"Where would you place your family on this ladder?

Please select the rung where you think your family stands at this time in your life relative to other people in the United States. ","1, 1 | 2, 2 | 3, 3 | 4, 4 | 5, 5 | 6, 6 | 7, 7 | 8, 8 | 9, 9 | 10, 10",,,,,,,,,,,,
participant_subjective_social_status_community_ladder,demographics,,descriptive,"Think of this ladder as representing where people stand in their communities.​ 

People define community in different ways; please define it in whatever way is most meaningful to you. At the ​top​ of the ladder are people who have the highest standing in their community. At the ​bottom​ are the people who have the lowest standing in their community. ",,,,,,,,,,,,,
participant_subjective_social_status_community,demographics,,dropdown,"Where would you place your family on this ladder?

Please select the rung where you think your family stands at this time in your life relative to other people in your community.","1, 1 | 2, 2 | 3, 3 | 4, 4 | 5, 5 | 6, 6 | 7, 7 | 8, 8 | 9, 9 | 10, 10",,,,,,,,,,,,
