"Variable / Field Name","Form Name","Section Header","Field Type","Field Label","Choices, Calculations, OR Slider Labels","Field Note","Text Validation Type OR Show Slider Number","Text Validation Min","Text Validation Max",Identifier?,"Branching Logic (Show field only if...)","Required Field?","Custom Alignment","Question Number (surveys only)","Matrix Group Name","Matrix Ranking?","Field Annotation"
pcrq_1_parentproxy_child_1,pcrq,"Please reflect on the degree to which each of the following statements currently apply to your relationship with CHILD 1. Using the scale below, select the appropriate number for each item.",radio,"I share an affectionate, warm relationship with my child.","1, Definitely does not apply | 2, Not really | 3, Neutral, not sure | 4, Applies somewhat | 5, Definitely applies",,,,,,,,,,pcrq_parentproxy_child_1,,
pcrq_2_parentproxy_child_1,pcrq,,radio,"My child brings, shows, and involves me in their interests.","1, Definitely does not apply | 2, Not really | 3, Neutral, not sure | 4, Applies somewhat | 5, Definitely applies",,,,,,,,,,pcrq_parentproxy_child_1,,
pcrq_3_parentproxy_child_1,pcrq,,radio,"My child looks to me for reassurance when trying new things.","1, Definitely does not apply | 2, Not really | 3, Neutral, not sure | 4, Applies somewhat | 5, Definitely applies",,,,,,,,,,pcrq_parentproxy_child_1,,
pcrq_4_parentproxy_child_1,pcrq,,radio,"My child does not want to accept help when they need it.","1, Definitely does not apply | 2, Not really | 3, Neutral, not sure | 4, Applies somewhat | 5, Definitely applies",,,,,,,,,,pcrq_parentproxy_child_1,,
pcrq_5_parentproxy_child_1,pcrq,,radio,"By using their body language, my child is able to show me they want to play, talk, or interact.","1, Definitely does not apply | 2, Not really | 3, Neutral, not sure | 4, Applies somewhat | 5, Definitely applies",,,,,,,,,,pcrq_parentproxy_child_1,,
pcrq_6_parentproxy_child_1,pcrq,,radio,"I wonder a lot about what my child is thinking and feeling.","1, Definitely does not apply | 2, Not really | 3, Neutral, not sure | 4, Applies somewhat | 5, Definitely applies",,,,,,,,,,pcrq_parentproxy_child_1,,
pcrq_7_parentproxy_child_1,pcrq,,radio,"I seem to have a need to control and lead things and have a hard time backing off.","1, Definitely does not apply | 2, Not really | 3, Neutral, not sure | 4, Applies somewhat | 5, Definitely applies",,,,,,,,,,pcrq_parentproxy_child_1,,
pcrq_8_parentproxy_child_1,pcrq,,radio,"When I'm at home together with my child, we interact and talk to each a lot.","1, Definitely does not apply | 2, Not really | 3, Neutral, not sure | 4, Applies somewhat | 5, Definitely applies",,,,,,,,,,pcrq_parentproxy_child_1,,
pcrq_9_parentproxy_child_1,pcrq,,radio,"My child keeps track of my location in new surroundings.","1, Definitely does not apply | 2, Not really | 3, Neutral, not sure | 4, Applies somewhat | 5, Definitely applies",,,,,,,,,,pcrq_parentproxy_child_1,,
pcrq_10_parentproxy_child_1,pcrq,,radio,"My child is overly dependent on me","1, Definitely does not apply | 2, Not really | 3, Neutral, not sure | 4, Applies somewhat | 5, Definitely applies",,,,,,,,,,pcrq_parentproxy_child_1,,
pcrq_11_parentproxy_child_1,pcrq,,radio,"My child's feelings toward me can be unpredictable or can change suddenly.","1, Definitely does not apply | 2, Not really | 3, Neutral, not sure | 4, Applies somewhat | 5, Definitely applies",,,,,,,,,,pcrq_parentproxy_child_1,,
pcrq_12_parentproxy_child_1,pcrq,,radio,"I find it hard to understand the needs of my child.","1, Definitely does not apply | 2, Not really | 3, Neutral, not sure | 4, Applies somewhat | 5, Definitely applies",,,,,,,,,,pcrq_parentproxy_child_1,,
pcrq_13_parentproxy_child_1,pcrq,,radio,"My child often turns to me for comfort and support when they are troubled about something.","1, Definitely does not apply | 2, Not really | 3, Neutral, not sure | 4, Applies somewhat | 5, Definitely applies",,,,,,,,,,pcrq_parentproxy_child_1,,
pcrq_14_parentproxy_child_1,pcrq,,radio,"When I see my child upset, I try to ask them questions so that they can better understand what they are feeling.","1, Definitely does not apply | 2, Not really | 3, Neutral, not sure | 4, Applies somewhat | 5, Definitely applies",,,,,,,,,,pcrq_parentproxy_child_1,,
pcrq_15_parentproxy_child_1,pcrq,,radio,"My child easily becomes angry at me.","1, Definitely does not apply | 2, Not really | 3, Neutral, not sure | 4, Applies somewhat | 5, Definitely applies",,,,,,,,,,pcrq_parentproxy_child_1,,
pcrq_16_parentproxy_child_1,pcrq,,radio,"My child recognizes when I am upset and attempts to comfort me.","1, Definitely does not apply | 2, Not really | 3, Neutral, not sure | 4, Applies somewhat | 5, Definitely applies",,,,,,,,,,pcrq_parentproxy_child_1,,
pcrq_17_parentproxy_child_1,pcrq,,radio,"My child is uncomfortable with physical affection or touch from me.","1, Definitely does not apply | 2, Not really | 3, Neutral, not sure | 4, Applies somewhat | 5, Definitely applies",,,,,,,,,,pcrq_parentproxy_child_1,,
pcrq_18_parentproxy_child_1,pcrq,,radio,"Now and then, my child elicits more anger in me than I would like.","1, Definitely does not apply | 2, Not really | 3, Neutral, not sure | 4, Applies somewhat | 5, Definitely applies",,,,,,,,,,pcrq_parentproxy_child_1,,
pcrq_19_parentproxy_child_1,pcrq,,radio,"I try to see situations through the eyes of my child.","1, Definitely does not apply | 2, Not really | 3, Neutral, not sure | 4, Applies somewhat | 5, Definitely applies",,,,,,,,,,pcrq_parentproxy_child_1,,
pcrq_20_parentproxy_child_1,pcrq,,radio,"My child openly shares their feelings and experiences with me.","1, Definitely does not apply | 2, Not really | 3, Neutral, not sure | 4, Applies somewhat | 5, Definitely applies",,,,,,,,,,pcrq_parentproxy_child_1,,
pcrq_21_parentproxy_child_1,pcrq,,radio,"I succeed in adjusting to my child's behaviors and actions when necessary.","1, Definitely does not apply | 2, Not really | 3, Neutral, not sure | 4, Applies somewhat | 5, Definitely applies",,,,,,,,,,pcrq_parentproxy_child_1,,
attention_check_2,pcrq,,radio,"To ensure that you are giving this study your complete attentiveness, please select option 2, ""Not really""","1, Definitely does not apply | 2, Not really | 3, Neutral, not sure | 4, Applies somewhat | 5, Definitely applies",,,,,,,,,,pcrq_parentproxy_child_1,,
pcrq_22_parentproxy_child_1,pcrq,,radio,"Often, my child's behavior is too confusing to bother figuring out.","1, Definitely does not apply | 2, Not really | 3, Neutral, not sure | 4, Applies somewhat | 5, Definitely applies",,,,,,,,,,pcrq_parentproxy_child_1,,
pcrq_23_parentproxy_child_1,pcrq,,radio,"When my child shows difficult or oppositional behavior, I sometimes don't know how to cope with the conflict.","1, Definitely does not apply | 2, Not really | 3, Neutral, not sure | 4, Applies somewhat | 5, Definitely applies",,,,,,,,,,pcrq_parentproxy_child_1,,
pcrq_24_parentproxy_child_1,pcrq,,radio,"When my child is upset, I help them understand their feelings.","1, Definitely does not apply | 2, Not really | 3, Neutral, not sure | 4, Applies somewhat | 5, Definitely applies",,,,,,,,,,pcrq_parentproxy_child_1,,
pcrq_25_parentproxy_child_1,pcrq,,radio,"My child and I always seem to be struggling with each other.","1, Definitely does not apply | 2, Not really | 3, Neutral, not sure | 4, Applies somewhat | 5, Definitely applies",,,,,,,,,,pcrq_parentproxy_child_1,,
pcrq_26_parentproxy_child_1,pcrq,,radio,"My interactions with my child make me feel effective and confident as a parent.","1, Definitely does not apply | 2, Not really | 3, Neutral, not sure | 4, Applies somewhat | 5, Definitely applies",,,,,,,,,,pcrq_parentproxy_child_1,,
pcrq_1_parentproxy_child_2,pcrq,"Please reflect on the degree to which each of the following statements currently apply to your relationship with CHILD 2. Using the scale below, select the appropriate number for each item.",radio,"I share an affectionate, warm relationship with my child.","1, Definitely does not apply | 2, Not really | 3, Neutral, not sure | 4, Applies somewhat | 5, Definitely applies",,,,,,"[parentself_number_children_study] = '2' or [parentself_number_children_study] = '3' or [parentself_number_children_study] = '4'",,,,pcrq_parentproxy_child_2,,
pcrq_2_parentproxy_child_2,pcrq,,radio,"My child brings, shows, and involves me in their interests.","1, Definitely does not apply | 2, Not really | 3, Neutral, not sure | 4, Applies somewhat | 5, Definitely applies",,,,,,"[parentself_number_children_study] = '2' or [parentself_number_children_study] = '3' or [parentself_number_children_study] = '4'",,,,pcrq_parentproxy_child_2,,
pcrq_3_parentproxy_child_2,pcrq,,radio,"My child looks to me for reassurance when trying new things.","1, Definitely does not apply | 2, Not really | 3, Neutral, not sure | 4, Applies somewhat | 5, Definitely applies",,,,,,"[parentself_number_children_study] = '2' or [parentself_number_children_study] = '3' or [parentself_number_children_study] = '4'",,,,pcrq_parentproxy_child_2,,
pcrq_4_parentproxy_child_2,pcrq,,radio,"My child does not want to accept help when they need it.","1, Definitely does not apply | 2, Not really | 3, Neutral, not sure | 4, Applies somewhat | 5, Definitely applies",,,,,,"[parentself_number_children_study] = '2' or [parentself_number_children_study] = '3' or [parentself_number_children_study] = '4'",,,,pcrq_parentproxy_child_2,,
pcrq_5_parentproxy_child_2,pcrq,,radio,"By using their body language, my child is able to show me they want to play, talk, or interact.","1, Definitely does not apply | 2, Not really | 3, Neutral, not sure | 4, Applies somewhat | 5, Definitely applies",,,,,,"[parentself_number_children_study] = '2' or [parentself_number_children_study] = '3' or [parentself_number_children_study] = '4'",,,,pcrq_parentproxy_child_2,,
pcrq_6_parentproxy_child_2,pcrq,,radio,"I wonder a lot about what my child is thinking and feeling.","1, Definitely does not apply | 2, Not really | 3, Neutral, not sure | 4, Applies somewhat | 5, Definitely applies",,,,,,"[parentself_number_children_study] = '2' or [parentself_number_children_study] = '3' or [parentself_number_children_study] = '4'",,,,pcrq_parentproxy_child_2,,
pcrq_7_parentproxy_child_2,pcrq,,radio,"I seem to have a need to control and lead things and have a hard time backing off.","1, Definitely does not apply | 2, Not really | 3, Neutral, not sure | 4, Applies somewhat | 5, Definitely applies",,,,,,"[parentself_number_children_study] = '2' or [parentself_number_children_study] = '3' or [parentself_number_children_study] = '4'",,,,pcrq_parentproxy_child_2,,
pcrq_8_parentproxy_child_2,pcrq,,radio,"When I'm at home together with my child, we interact and talk to each a lot.","1, Definitely does not apply | 2, Not really | 3, Neutral, not sure | 4, Applies somewhat | 5, Definitely applies",,,,,,"[parentself_number_children_study] = '2' or [parentself_number_children_study] = '3' or [parentself_number_children_study] = '4'",,,,pcrq_parentproxy_child_2,,
pcrq_9_parentproxy_child_2,pcrq,,radio,"My child keeps track of my location in new surroundings.","1, Definitely does not apply | 2, Not really | 3, Neutral, not sure | 4, Applies somewhat | 5, Definitely applies",,,,,,"[parentself_number_children_study] = '2' or [parentself_number_children_study] = '3' or [parentself_number_children_study] = '4'",,,,pcrq_parentproxy_child_2,,
pcrq_10_parentproxy_child_2,pcrq,,radio,"My child is overly dependent on me","1, Definitely does not apply | 2, Not really | 3, Neutral, not sure | 4, Applies somewhat | 5, Definitely applies",,,,,,"[parentself_number_children_study] = '2' or [parentself_number_children_study] = '3' or [parentself_number_children_study] = '4'",,,,pcrq_parentproxy_child_2,,
pcrq_11_parentproxy_child_2,pcrq,,radio,"My child's feelings toward me can be unpredictable or can change suddenly.","1, Definitely does not apply | 2, Not really | 3, Neutral, not sure | 4, Applies somewhat | 5, Definitely applies",,,,,,"[parentself_number_children_study] = '2' or [parentself_number_children_study] = '3' or [parentself_number_children_study] = '4'",,,,pcrq_parentproxy_child_2,,
pcrq_12_parentproxy_child_2,pcrq,,radio,"I find it hard to understand the needs of my child.","1, Definitely does not apply | 2, Not really | 3, Neutral, not sure | 4, Applies somewhat | 5, Definitely applies",,,,,,"[parentself_number_children_study] = '2' or [parentself_number_children_study] = '3' or [parentself_number_children_study] = '4'",,,,pcrq_parentproxy_child_2,,
pcrq_13_parentproxy_child_2,pcrq,,radio,"My child often turns to me for comfort and support when they are troubled about something.","1, Definitely does not apply | 2, Not really | 3, Neutral, not sure | 4, Applies somewhat | 5, Definitely applies",,,,,,"[parentself_number_children_study] = '2' or [parentself_number_children_study] = '3' or [parentself_number_children_study] = '4'",,,,pcrq_parentproxy_child_2,,
pcrq_14_parentproxy_child_2,pcrq,,radio,"When I see my child upset, I try to ask them questions so that they can better understand what they are feeling.","1, Definitely does not apply | 2, Not really | 3, Neutral, not sure | 4, Applies somewhat | 5, Definitely applies",,,,,,"[parentself_number_children_study] = '2' or [parentself_number_children_study] = '3' or [parentself_number_children_study] = '4'",,,,pcrq_parentproxy_child_2,,
pcrq_15_parentproxy_child_2,pcrq,,radio,"My child easily becomes angry at me.","1, Definitely does not apply | 2, Not really | 3, Neutral, not sure | 4, Applies somewhat | 5, Definitely applies",,,,,,"[parentself_number_children_study] = '2' or [parentself_number_children_study] = '3' or [parentself_number_children_study] = '4'",,,,pcrq_parentproxy_child_2,,
pcrq_16_parentproxy_child_2,pcrq,,radio,"My child recognizes when I am upset and attempts to comfort me.","1, Definitely does not apply | 2, Not really | 3, Neutral, not sure | 4, Applies somewhat | 5, Definitely applies",,,,,,"[parentself_number_children_study] = '2' or [parentself_number_children_study] = '3' or [parentself_number_children_study] = '4'",,,,pcrq_parentproxy_child_2,,
pcrq_17_parentproxy_child_2,pcrq,,radio,"My child is uncomfortable with physical affection or touch from me.","1, Definitely does not apply | 2, Not really | 3, Neutral, not sure | 4, Applies somewhat | 5, Definitely applies",,,,,,"[parentself_number_children_study] = '2' or [parentself_number_children_study] = '3' or [parentself_number_children_study] = '4'",,,,pcrq_parentproxy_child_2,,
pcrq_18_parentproxy_child_2,pcrq,,radio,"Now and then, my child elicits more anger in me than I would like.","1, Definitely does not apply | 2, Not really | 3, Neutral, not sure | 4, Applies somewhat | 5, Definitely applies",,,,,,"[parentself_number_children_study] = '2' or [parentself_number_children_study] = '3' or [parentself_number_children_study] = '4'",,,,pcrq_parentproxy_child_2,,
pcrq_19_parentproxy_child_2,pcrq,,radio,"I try to see situations through the eyes of my child.","1, Definitely does not apply | 2, Not really | 3, Neutral, not sure | 4, Applies somewhat | 5, Definitely applies",,,,,,"[parentself_number_children_study] = '2' or [parentself_number_children_study] = '3' or [parentself_number_children_study] = '4'",,,,pcrq_parentproxy_child_2,,
pcrq_20_parentproxy_child_2,pcrq,,radio,"My child openly shares their feelings and experiences with me.","1, Definitely does not apply | 2, Not really | 3, Neutral, not sure | 4, Applies somewhat | 5, Definitely applies",,,,,,"[parentself_number_children_study] = '2' or [parentself_number_children_study] = '3' or [parentself_number_children_study] = '4'",,,,pcrq_parentproxy_child_2,,
pcrq_21_parentproxy_child_2,pcrq,,radio,"I succeed in adjusting to my child's behaviors and actions when necessary.","1, Definitely does not apply | 2, Not really | 3, Neutral, not sure | 4, Applies somewhat | 5, Definitely applies",,,,,,"[parentself_number_children_study] = '2' or [parentself_number_children_study] = '3' or [parentself_number_children_study] = '4'",,,,pcrq_parentproxy_child_2,,
pcrq_22_parentproxy_child_2,pcrq,,radio,"Often, my child's behavior is too confusing to bother figuring out.","1, Definitely does not apply | 2, Not really | 3, Neutral, not sure | 4, Applies somewhat | 5, Definitely applies",,,,,,"[parentself_number_children_study] = '2' or [parentself_number_children_study] = '3' or [parentself_number_children_study] = '4'",,,,pcrq_parentproxy_child_2,,
pcrq_23_parentproxy_child_2,pcrq,,radio,"When my child shows difficult or oppositional behavior, I sometimes don't know how to cope with the conflict.","1, Definitely does not apply | 2, Not really | 3, Neutral, not sure | 4, Applies somewhat | 5, Definitely applies",,,,,,"[parentself_number_children_study] = '2' or [parentself_number_children_study] = '3' or [parentself_number_children_study] = '4'",,,,pcrq_parentproxy_child_2,,
pcrq_24_parentproxy_child_2,pcrq,,radio,"When my child is upset, I help them understand their feelings.","1, Definitely does not apply | 2, Not really | 3, Neutral, not sure | 4, Applies somewhat | 5, Definitely applies",,,,,,"[parentself_number_children_study] = '2' or [parentself_number_children_study] = '3' or [parentself_number_children_study] = '4'",,,,pcrq_parentproxy_child_2,,
pcrq_25_parentproxy_child_2,pcrq,,radio,"My child and I always seem to be struggling with each other.","1, Definitely does not apply | 2, Not really | 3, Neutral, not sure | 4, Applies somewhat | 5, Definitely applies",,,,,,"[parentself_number_children_study] = '2' or [parentself_number_children_study] = '3' or [parentself_number_children_study] = '4'",,,,pcrq_parentproxy_child_2,,
pcrq_26_parentproxy_child_2,pcrq,,radio,"My interactions with my child make me feel effective and confident as a parent.","1, Definitely does not apply | 2, Not really | 3, Neutral, not sure | 4, Applies somewhat | 5, Definitely applies",,,,,,"[parentself_number_children_study] = '2' or [parentself_number_children_study] = '3' or [parentself_number_children_study] = '4'",,,,pcrq_parentproxy_child_2,,
pcrq_1_parentproxy_child_3,pcrq,"Please reflect on the degree to which each of the following statements currently apply to your relationship with CHILD 3. Using the scale below, select the appropriate number for each item.",radio,"I share an affectionate, warm relationship with my child.","1, Definitely does not apply | 2, Not really | 3, Neutral, not sure | 4, Applies somewhat | 5, Definitely applies",,,,,,"[parentself_number_children_study] = '3' or [parentself_number_children_study] = '4'",,,,pcrq_parentproxy_child_3,,
pcrq_2_parentproxy_child_3,pcrq,,radio,"My child brings, shows, and involves me in their interests.","1, Definitely does not apply | 2, Not really | 3, Neutral, not sure | 4, Applies somewhat | 5, Definitely applies",,,,,,"[parentself_number_children_study] = '3' or [parentself_number_children_study] = '4'",,,,pcrq_parentproxy_child_3,,
pcrq_3_parentproxy_child_3,pcrq,,radio,"My child looks to me for reassurance when trying new things.","1, Definitely does not apply | 2, Not really | 3, Neutral, not sure | 4, Applies somewhat | 5, Definitely applies",,,,,,"[parentself_number_children_study] = '3' or [parentself_number_children_study] = '4'",,,,pcrq_parentproxy_child_3,,
pcrq_4_parentproxy_child_3,pcrq,,radio,"My child does not want to accept help when they need it.","1, Definitely does not apply | 2, Not really | 3, Neutral, not sure | 4, Applies somewhat | 5, Definitely applies",,,,,,"[parentself_number_children_study] = '3' or [parentself_number_children_study] = '4'",,,,pcrq_parentproxy_child_3,,
pcrq_5_parentproxy_child_3,pcrq,,radio,"By using their body language, my child is able to show me they want to play, talk, or interact.","1, Definitely does not apply | 2, Not really | 3, Neutral, not sure | 4, Applies somewhat | 5, Definitely applies",,,,,,"[parentself_number_children_study] = '3' or [parentself_number_children_study] = '4'",,,,pcrq_parentproxy_child_3,,
pcrq_6_parentproxy_child_3,pcrq,,radio,"I wonder a lot about what my child is thinking and feeling.","1, Definitely does not apply | 2, Not really | 3, Neutral, not sure | 4, Applies somewhat | 5, Definitely applies",,,,,,"[parentself_number_children_study] = '3' or [parentself_number_children_study] = '4'",,,,pcrq_parentproxy_child_3,,
pcrq_7_parentproxy_child_3,pcrq,,radio,"I seem to have a need to control and lead things and have a hard time backing off.","1, Definitely does not apply | 2, Not really | 3, Neutral, not sure | 4, Applies somewhat | 5, Definitely applies",,,,,,"[parentself_number_children_study] = '3' or [parentself_number_children_study] = '4'",,,,pcrq_parentproxy_child_3,,
pcrq_8_parentproxy_child_3,pcrq,,radio,"When I'm at home together with my child, we interact and talk to each a lot.","1, Definitely does not apply | 2, Not really | 3, Neutral, not sure | 4, Applies somewhat | 5, Definitely applies",,,,,,"[parentself_number_children_study] = '3' or [parentself_number_children_study] = '4'",,,,pcrq_parentproxy_child_3,,
pcrq_9_parentproxy_child_3,pcrq,,radio,"My child keeps track of my location in new surroundings.","1, Definitely does not apply | 2, Not really | 3, Neutral, not sure | 4, Applies somewhat | 5, Definitely applies",,,,,,"[parentself_number_children_study] = '3' or [parentself_number_children_study] = '4'",,,,pcrq_parentproxy_child_3,,
pcrq_10_parentproxy_child_3,pcrq,,radio,"My child is overly dependent on me","1, Definitely does not apply | 2, Not really | 3, Neutral, not sure | 4, Applies somewhat | 5, Definitely applies",,,,,,"[parentself_number_children_study] = '3' or [parentself_number_children_study] = '4'",,,,pcrq_parentproxy_child_3,,
pcrq_11_parentproxy_child_3,pcrq,,radio,"My child's feelings toward me can be unpredictable or can change suddenly.","1, Definitely does not apply | 2, Not really | 3, Neutral, not sure | 4, Applies somewhat | 5, Definitely applies",,,,,,"[parentself_number_children_study] = '3' or [parentself_number_children_study] = '4'",,,,pcrq_parentproxy_child_3,,
pcrq_12_parentproxy_child_3,pcrq,,radio,"I find it hard to understand the needs of my child.","1, Definitely does not apply | 2, Not really | 3, Neutral, not sure | 4, Applies somewhat | 5, Definitely applies",,,,,,"[parentself_number_children_study] = '3' or [parentself_number_children_study] = '4'",,,,pcrq_parentproxy_child_3,,
pcrq_13_parentproxy_child_3,pcrq,,radio,"My child often turns to me for comfort and support when they are troubled about something.","1, Definitely does not apply | 2, Not really | 3, Neutral, not sure | 4, Applies somewhat | 5, Definitely applies",,,,,,"[parentself_number_children_study] = '3' or [parentself_number_children_study] = '4'",,,,pcrq_parentproxy_child_3,,
pcrq_14_parentproxy_child_3,pcrq,,radio,"When I see my child upset, I try to ask them questions so that they can better understand what they are feeling.","1, Definitely does not apply | 2, Not really | 3, Neutral, not sure | 4, Applies somewhat | 5, Definitely applies",,,,,,"[parentself_number_children_study] = '3' or [parentself_number_children_study] = '4'",,,,pcrq_parentproxy_child_3,,
pcrq_15_parentproxy_child_3,pcrq,,radio,"My child easily becomes angry at me.","1, Definitely does not apply | 2, Not really | 3, Neutral, not sure | 4, Applies somewhat | 5, Definitely applies",,,,,,"[parentself_number_children_study] = '3' or [parentself_number_children_study] = '4'",,,,pcrq_parentproxy_child_3,,
pcrq_16_parentproxy_child_3,pcrq,,radio,"My child recognizes when I am upset and attempts to comfort me.","1, Definitely does not apply | 2, Not really | 3, Neutral, not sure | 4, Applies somewhat | 5, Definitely applies",,,,,,"[parentself_number_children_study] = '3' or [parentself_number_children_study] = '4'",,,,pcrq_parentproxy_child_3,,
pcrq_17_parentproxy_child_3,pcrq,,radio,"My child is uncomfortable with physical affection or touch from me.","1, Definitely does not apply | 2, Not really | 3, Neutral, not sure | 4, Applies somewhat | 5, Definitely applies",,,,,,"[parentself_number_children_study] = '3' or [parentself_number_children_study] = '4'",,,,pcrq_parentproxy_child_3,,
pcrq_18_parentproxy_child_3,pcrq,,radio,"Now and then, my child elicits more anger in me than I would like.","1, Definitely does not apply | 2, Not really | 3, Neutral, not sure | 4, Applies somewhat | 5, Definitely applies",,,,,,"[parentself_number_children_study] = '3' or [parentself_number_children_study] = '4'",,,,pcrq_parentproxy_child_3,,
pcrq_19_parentproxy_child_3,pcrq,,radio,"I try to see situations through the eyes of my child.","1, Definitely does not apply | 2, Not really | 3, Neutral, not sure | 4, Applies somewhat | 5, Definitely applies",,,,,,"[parentself_number_children_study] = '3' or [parentself_number_children_study] = '4'",,,,pcrq_parentproxy_child_3,,
pcrq_20_parentproxy_child_3,pcrq,,radio,"My child openly shares their feelings and experiences with me.","1, Definitely does not apply | 2, Not really | 3, Neutral, not sure | 4, Applies somewhat | 5, Definitely applies",,,,,,"[parentself_number_children_study] = '3' or [parentself_number_children_study] = '4'",,,,pcrq_parentproxy_child_3,,
pcrq_21_parentproxy_child_3,pcrq,,radio,"I succeed in adjusting to my child's behaviors and actions when necessary.","1, Definitely does not apply | 2, Not really | 3, Neutral, not sure | 4, Applies somewhat | 5, Definitely applies",,,,,,"[parentself_number_children_study] = '3' or [parentself_number_children_study] = '4'",,,,pcrq_parentproxy_child_3,,
pcrq_22_parentproxy_child_3,pcrq,,radio,"Often, my child's behavior is too confusing to bother figuring out.","1, Definitely does not apply | 2, Not really | 3, Neutral, not sure | 4, Applies somewhat | 5, Definitely applies",,,,,,"[parentself_number_children_study] = '3' or [parentself_number_children_study] = '4'",,,,pcrq_parentproxy_child_3,,
pcrq_23_parentproxy_child_3,pcrq,,radio,"When my child shows difficult or oppositional behavior, I sometimes don't know how to cope with the conflict.","1, Definitely does not apply | 2, Not really | 3, Neutral, not sure | 4, Applies somewhat | 5, Definitely applies",,,,,,"[parentself_number_children_study] = '3' or [parentself_number_children_study] = '4'",,,,pcrq_parentproxy_child_3,,
pcrq_24_parentproxy_child_3,pcrq,,radio,"When my child is upset, I help them understand their feelings.","1, Definitely does not apply | 2, Not really | 3, Neutral, not sure | 4, Applies somewhat | 5, Definitely applies",,,,,,"[parentself_number_children_study] = '3' or [parentself_number_children_study] = '4'",,,,pcrq_parentproxy_child_3,,
pcrq_25_parentproxy_child_3,pcrq,,radio,"My child and I always seem to be struggling with each other.","1, Definitely does not apply | 2, Not really | 3, Neutral, not sure | 4, Applies somewhat | 5, Definitely applies",,,,,,"[parentself_number_children_study] = '3' or [parentself_number_children_study] = '4'",,,,pcrq_parentproxy_child_3,,
pcrq_26_parentproxy_child_3,pcrq,,radio,"My interactions with my child make me feel effective and confident as a parent.","1, Definitely does not apply | 2, Not really | 3, Neutral, not sure | 4, Applies somewhat | 5, Definitely applies",,,,,,"[parentself_number_children_study] = '3' or [parentself_number_children_study] = '4'",,,,pcrq_parentproxy_child_3,,
pcrq_1_parentproxy_child_4,pcrq,"Please reflect on the degree to which each of the following statements currently apply to your relationship with CHILD 4. Using the scale below, select the appropriate number for each item.",radio,"I share an affectionate, warm relationship with my child.","1, Definitely does not apply | 2, Not really | 3, Neutral, not sure | 4, Applies somewhat | 5, Definitely applies",,,,,,"[parentself_number_children_study] = '4'",,,,pcrq_parentproxy_child_4,,
pcrq_2_parentproxy_child_4,pcrq,,radio,"My child brings, shows, and involves me in their interests.","1, Definitely does not apply | 2, Not really | 3, Neutral, not sure | 4, Applies somewhat | 5, Definitely applies",,,,,,"[parentself_number_children_study] = '4'",,,,pcrq_parentproxy_child_4,,
pcrq_3_parentproxy_child_4,pcrq,,radio,"My child looks to me for reassurance when trying new things.","1, Definitely does not apply | 2, Not really | 3, Neutral, not sure | 4, Applies somewhat | 5, Definitely applies",,,,,,"[parentself_number_children_study] = '4'",,,,pcrq_parentproxy_child_4,,
pcrq_4_parentproxy_child_4,pcrq,,radio,"My child does not want to accept help when they need it.","1, Definitely does not apply | 2, Not really | 3, Neutral, not sure | 4, Applies somewhat | 5, Definitely applies",,,,,,"[parentself_number_children_study] = '4'",,,,pcrq_parentproxy_child_4,,
pcrq_5_parentproxy_child_4,pcrq,,radio,"By using their body language, my child is able to show me they want to play, talk, or interact.","1, Definitely does not apply | 2, Not really | 3, Neutral, not sure | 4, Applies somewhat | 5, Definitely applies",,,,,,"[parentself_number_children_study] = '4'",,,,pcrq_parentproxy_child_4,,
pcrq_6_parentproxy_child_4,pcrq,,radio,"I wonder a lot about what my child is thinking and feeling.","1, Definitely does not apply | 2, Not really | 3, Neutral, not sure | 4, Applies somewhat | 5, Definitely applies",,,,,,"[parentself_number_children_study] = '4'",,,,pcrq_parentproxy_child_4,,
pcrq_7_parentproxy_child_4,pcrq,,radio,"I seem to have a need to control and lead things and have a hard time backing off.","1, Definitely does not apply | 2, Not really | 3, Neutral, not sure | 4, Applies somewhat | 5, Definitely applies",,,,,,"[parentself_number_children_study] = '4'",,,,pcrq_parentproxy_child_4,,
pcrq_8_parentproxy_child_4,pcrq,,radio,"When I'm at home together with my child, we interact and talk to each a lot.","1, Definitely does not apply | 2, Not really | 3, Neutral, not sure | 4, Applies somewhat | 5, Definitely applies",,,,,,"[parentself_number_children_study] = '4'",,,,pcrq_parentproxy_child_4,,
pcrq_9_parentproxy_child_4,pcrq,,radio,"My child keeps track of my location in new surroundings.","1, Definitely does not apply | 2, Not really | 3, Neutral, not sure | 4, Applies somewhat | 5, Definitely applies",,,,,,"[parentself_number_children_study] = '4'",,,,pcrq_parentproxy_child_4,,
pcrq_10_parentproxy_child_4,pcrq,,radio,"My child is overly dependent on me","1, Definitely does not apply | 2, Not really | 3, Neutral, not sure | 4, Applies somewhat | 5, Definitely applies",,,,,,"[parentself_number_children_study] = '4'",,,,pcrq_parentproxy_child_4,,
pcrq_11_parentproxy_child_4,pcrq,,radio,"My child's feelings toward me can be unpredictable or can change suddenly.","1, Definitely does not apply | 2, Not really | 3, Neutral, not sure | 4, Applies somewhat | 5, Definitely applies",,,,,,"[parentself_number_children_study] = '4'",,,,pcrq_parentproxy_child_4,,
pcrq_12_parentproxy_child_4,pcrq,,radio,"I find it hard to understand the needs of my child.","1, Definitely does not apply | 2, Not really | 3, Neutral, not sure | 4, Applies somewhat | 5, Definitely applies",,,,,,"[parentself_number_children_study] = '4'",,,,pcrq_parentproxy_child_4,,
pcrq_13_parentproxy_child_4,pcrq,,radio,"My child often turns to me for comfort and support when they are troubled about something.","1, Definitely does not apply | 2, Not really | 3, Neutral, not sure | 4, Applies somewhat | 5, Definitely applies",,,,,,"[parentself_number_children_study] = '4'",,,,pcrq_parentproxy_child_4,,
pcrq_14_parentproxy_child_4,pcrq,,radio,"When I see my child upset, I try to ask them questions so that they can better understand what they are feeling.","1, Definitely does not apply | 2, Not really | 3, Neutral, not sure | 4, Applies somewhat | 5, Definitely applies",,,,,,"[parentself_number_children_study] = '4'",,,,pcrq_parentproxy_child_4,,
pcrq_15_parentproxy_child_4,pcrq,,radio,"My child easily becomes angry at me.","1, Definitely does not apply | 2, Not really | 3, Neutral, not sure | 4, Applies somewhat | 5, Definitely applies",,,,,,"[parentself_number_children_study] = '4'",,,,pcrq_parentproxy_child_4,,
pcrq_16_parentproxy_child_4,pcrq,,radio,"My child recognizes when I am upset and attempts to comfort me.","1, Definitely does not apply | 2, Not really | 3, Neutral, not sure | 4, Applies somewhat | 5, Definitely applies",,,,,,"[parentself_number_children_study] = '4'",,,,pcrq_parentproxy_child_4,,
pcrq_17_parentproxy_child_4,pcrq,,radio,"My child is uncomfortable with physical affection or touch from me.","1, Definitely does not apply | 2, Not really | 3, Neutral, not sure | 4, Applies somewhat | 5, Definitely applies",,,,,,"[parentself_number_children_study] = '4'",,,,pcrq_parentproxy_child_4,,
pcrq_18_parentproxy_child_4,pcrq,,radio,"Now and then, my child elicits more anger in me than I would like.","1, Definitely does not apply | 2, Not really | 3, Neutral, not sure | 4, Applies somewhat | 5, Definitely applies",,,,,,"[parentself_number_children_study] = '4'",,,,pcrq_parentproxy_child_4,,
pcrq_19_parentproxy_child_4,pcrq,,radio,"I try to see situations through the eyes of my child.","1, Definitely does not apply | 2, Not really | 3, Neutral, not sure | 4, Applies somewhat | 5, Definitely applies",,,,,,"[parentself_number_children_study] = '4'",,,,pcrq_parentproxy_child_4,,
pcrq_20_parentproxy_child_4,pcrq,,radio,"My child openly shares their feelings and experiences with me.","1, Definitely does not apply | 2, Not really | 3, Neutral, not sure | 4, Applies somewhat | 5, Definitely applies",,,,,,"[parentself_number_children_study] = '4'",,,,pcrq_parentproxy_child_4,,
pcrq_21_parentproxy_child_4,pcrq,,radio,"I succeed in adjusting to my child's behaviors and actions when necessary.","1, Definitely does not apply | 2, Not really | 3, Neutral, not sure | 4, Applies somewhat | 5, Definitely applies",,,,,,"[parentself_number_children_study] = '4'",,,,pcrq_parentproxy_child_4,,
pcrq_22_parentproxy_child_4,pcrq,,radio,"Often, my child's behavior is too confusing to bother figuring out.","1, Definitely does not apply | 2, Not really | 3, Neutral, not sure | 4, Applies somewhat | 5, Definitely applies",,,,,,"[parentself_number_children_study] = '4'",,,,pcrq_parentproxy_child_4,,
pcrq_23_parentproxy_child_4,pcrq,,radio,"When my child shows difficult or oppositional behavior, I sometimes don't know how to cope with the conflict.","1, Definitely does not apply | 2, Not really | 3, Neutral, not sure | 4, Applies somewhat | 5, Definitely applies",,,,,,"[parentself_number_children_study] = '4'",,,,pcrq_parentproxy_child_4,,
pcrq_24_parentproxy_child_4,pcrq,,radio,"When my child is upset, I help them understand their feelings.","1, Definitely does not apply | 2, Not really | 3, Neutral, not sure | 4, Applies somewhat | 5, Definitely applies",,,,,,"[parentself_number_children_study] = '4'",,,,pcrq_parentproxy_child_4,,
pcrq_25_parentproxy_child_4,pcrq,,radio,"My child and I always seem to be struggling with each other.","1, Definitely does not apply | 2, Not really | 3, Neutral, not sure | 4, Applies somewhat | 5, Definitely applies",,,,,,"[parentself_number_children_study] = '4'",,,,pcrq_parentproxy_child_4,,
pcrq_26_parentproxy_child_4,pcrq,,radio,"My interactions with my child make me feel effective and confident as a parent.","1, Definitely does not apply | 2, Not really | 3, Neutral, not sure | 4, Applies somewhat | 5, Definitely applies",,,,,,"[parentself_number_children_study] = '4'",,,,pcrq_parentproxy_child_4,,
