"Variable / Field Name","Form Name","Section Header","Field Type","Field Label","Choices, Calculations, OR Slider Labels","Field Note","Text Validation Type OR Show Slider Number","Text Validation Min","Text Validation Max",Identifier?,"Branching Logic (Show field only if...)","Required Field?","Custom Alignment","Question Number (surveys only)","Matrix Group Name","Matrix Ranking?","Field Annotation"
rcads_instructions_parentproxy_child_1,rcads,,descriptive,"Please select the word that shows how often each of these things happens to your child (CHILD 1). 

There are no right or wrong answers.",,,,,,,,,,,,,
rcads_1_parentproxy_child_1,rcads,"The following questions refer to Child 1. ",radio,"My child worries about things","0, Never | 1, Sometimes | 2, Often | 3, Always",,,,,,,,,,rcads_matrix_1_parentproxy_child_1,,
rcads_2_parentproxy_child_1,rcads,,radio,"My child feels sad or empty","0, Never | 1, Sometimes | 2, Often | 3, Always",,,,,,,,,,rcads_matrix_1_parentproxy_child_1,,
rcads_3_parentproxy_child_1,rcads,,radio,"When my child has a problem, they get a funny feeling in their stomach","0, Never | 1, Sometimes | 2, Often | 3, Always",,,,,,,,,,rcads_matrix_1_parentproxy_child_1,,
rcads_4_parentproxy_child_1,rcads,,radio,"My child worries when they think they have done poorly at something","0, Never | 1, Sometimes | 2, Often | 3, Always",,,,,,,,,,rcads_matrix_1_parentproxy_child_1,,
rcads_5_parentproxy_child_1,rcads,,radio,"My child feels afraid of being alone at home","0, Never | 1, Sometimes | 2, Often | 3, Always",,,,,,,,,,rcads_matrix_1_parentproxy_child_1,,
rcads_6_parentproxy_child_1,rcads,,radio,"Nothing is much fun for my child anymore","0, Never | 1, Sometimes | 2, Often | 3, Always",,,,,,,,,,rcads_matrix_1_parentproxy_child_1,,
rcads_7_parentproxy_child_1,rcads,,radio,"My child feels scared when taking a test","0, Never | 1, Sometimes | 2, Often | 3, Always",,,,,,,,,,rcads_matrix_1_parentproxy_child_1,,
rcads_8_parentproxy_child_1,rcads,,radio,"My child worries when he/she thinks someone is angry with him/her","0, Never | 1, Sometimes | 2, Often | 3, Always",,,,,,,,,,rcads_matrix_1_parentproxy_child_1,,
rcads_9_parentproxy_child_1,rcads,,radio,"My child worries about being away from me","0, Never | 1, Sometimes | 2, Often | 3, Always",,,,,,,,,,rcads_matrix_1_parentproxy_child_1,,
rcads_10_parentproxy_child_1,rcads,,radio,"My child is bothered by bad or silly thoughts or pictures in his/her mind","0, Never | 1, Sometimes | 2, Often | 3, Always",,,,,,,,,,rcads_matrix_1_parentproxy_child_1,,
rcads_11_parentproxy_child_1,rcads,,radio,"My child has trouble sleeping","0, Never | 1, Sometimes | 2, Often | 3, Always",,,,,,,,,,rcads_matrix_1_parentproxy_child_1,,
rcads_12_parentproxy_child_1,rcads,,radio,"My child worries about doing badly at school","0, Never | 1, Sometimes | 2, Often | 3, Always",,,,,,,,,,rcads_matrix_1_parentproxy_child_1,,
rcads_13_parentproxy_child_1,rcads,,radio,"My child worries that something awful will happen to someone in the family","0, Never | 1, Sometimes | 2, Often | 3, Always",,,,,,,,,,rcads_matrix_1_parentproxy_child_1,,
rcads_14_parentproxy_child_1,rcads,,radio,"My child suddenly feels as if he/she can't breathe when there is no reason for this","0, Never | 1, Sometimes | 2, Often | 3, Always",,,,,,,,,,rcads_matrix_1_parentproxy_child_1,,
rcads_15_parentproxy_child_1,rcads,,radio,"My child has problems with his/her appetite","0, Never | 1, Sometimes | 2, Often | 3, Always",,,,,,,,,,rcads_matrix_1_parentproxy_child_1,,
rcads_16_parentproxy_child_1,rcads,,radio,"My child has to keep checking that he/she has done things right (like the switch is off, or the door is locked)","0, Never | 1, Sometimes | 2, Often | 3, Always",,,,,,,,,,rcads_matrix_1_parentproxy_child_1,,
rcads_17_parentproxy_child_1,rcads,,radio,"My child feels scared to sleep on his/her own","0, Never | 1, Sometimes | 2, Often | 3, Always",,,,,,,,,,rcads_matrix_1_parentproxy_child_1,,
rcads_18_parentproxy_child_1,rcads,,radio,"My child has trouble going to school in the mornings because of feeling nervous or afraid","0, Never | 1, Sometimes | 2, Often | 3, Always",,,,,,,,,,rcads_matrix_1_parentproxy_child_1,,
rcads_19_parentproxy_child_1,rcads,,radio,"My child has no energy for things","0, Never | 1, Sometimes | 2, Often | 3, Always",,,,,,,,,,rcads_matrix_1_parentproxy_child_1,,
rcads_20_parentproxy_child_1,rcads,,radio,"My child worries about looking foolish","0, Never | 1, Sometimes | 2, Often | 3, Always",,,,,,,,,,rcads_matrix_1_parentproxy_child_1,,
rcads_21_parentproxy_child_1,rcads,,radio,"My child is tired a lot","0, Never | 1, Sometimes | 2, Often | 3, Always",,,,,,,,,,rcads_matrix_1_parentproxy_child_1,,
rcads_22_parentproxy_child_1,rcads,,radio,"My child worries that bad things will happen to him/her","0, Never | 1, Sometimes | 2, Often | 3, Always",,,,,,,,,,rcads_matrix_1_parentproxy_child_1,,
rcads_23_parentproxy_child_1,rcads,,radio,"My child can't seem to get bad or silly thoughts out of his/her head","0, Never | 1, Sometimes | 2, Often | 3, Always",,,,,,,,,,rcads_matrix_1_parentproxy_child_1,,
rcads_24_parentproxy_child_1,rcads,,radio,"When my child has a problem, his/her heart beats really fast","0, Never | 1, Sometimes | 2, Often | 3, Always",,,,,,,,,,rcads_matrix_1_parentproxy_child_1,,
rcads_25_parentproxy_child_1,rcads,,radio,"My child cannot think clearly","0, Never | 1, Sometimes | 2, Often | 3, Always",,,,,,,,,,rcads_matrix_1_parentproxy_child_1,,
rcads_26_parentproxy_child_1,rcads,,radio,"My child suddenly starts to tremble or shake when there is no reason for this","0, Never | 1, Sometimes | 2, Often | 3, Always",,,,,,,,,,rcads_matrix_1_parentproxy_child_1,,
rcads_27_parentproxy_child_1,rcads,,radio,"My child worries that something bad will happen to him/her","0, Never | 1, Sometimes | 2, Often | 3, Always",,,,,,,,,,rcads_matrix_1_parentproxy_child_1,,
rcads_28_parentproxy_child_1,rcads,,radio,"When my child has a problem, he/she feels shaky","0, Never | 1, Sometimes | 2, Often | 3, Always",,,,,,,,,,rcads_matrix_1_parentproxy_child_1,,
rcads_29_parentproxy_child_1,rcads,,radio,"My child feels worthless","0, Never | 1, Sometimes | 2, Often | 3, Always",,,,,,,,,,rcads_matrix_1_parentproxy_child_1,,
rcads_30_parentproxy_child_1,rcads,,radio,"My child worries about making mistakes","0, Never | 1, Sometimes | 2, Often | 3, Always",,,,,,,,,,rcads_matrix_1_parentproxy_child_1,,
rcads_31_parentproxy_child_1,rcads,,radio,"My child has to think of special thoughts (like numbers or words) to stop bad things from happening","0, Never | 1, Sometimes | 2, Often | 3, Always",,,,,,,,,,rcads_matrix_1_parentproxy_child_1,,
rcads_32_parentproxy_child_1,rcads,,radio,"My child worries what other people think of him/her","0, Never | 1, Sometimes | 2, Often | 3, Always",,,,,,,,,,rcads_matrix_1_parentproxy_child_1,,
rcads_33_parentproxy_child_1,rcads,,radio,"My child is afraid of being in crowded places (like shopping centers, the movies, buses, busy playgrounds)","0, Never | 1, Sometimes | 2, Often | 3, Always",,,,,,,,,,rcads_matrix_1_parentproxy_child_1,,
rcads_34_parentproxy_child_1,rcads,,radio,"All of a sudden my child will feel really scared for no reason at all","0, Never | 1, Sometimes | 2, Often | 3, Always",,,,,,,,,,rcads_matrix_1_parentproxy_child_1,,
rcads_35_parentproxy_child_1,rcads,,radio,"My child worries about what is going to happen","0, Never | 1, Sometimes | 2, Often | 3, Always",,,,,,,,,,rcads_matrix_1_parentproxy_child_1,,
rcads_36_parentproxy_child_1,rcads,,radio,"My child suddenly becomes dizzy or faint when there is no reason for this","0, Never | 1, Sometimes | 2, Often | 3, Always",,,,,,,,,,rcads_matrix_1_parentproxy_child_1,,
rcads_37_parentproxy_child_1,rcads,,radio,"My child thinks about death","0, Never | 1, Sometimes | 2, Often | 3, Always",,,,,,,,,,rcads_matrix_1_parentproxy_child_1,,
rcads_38_parentproxy_child_1,rcads,,radio,"My child feels afraid if he/she have to talk in front of the class","0, Never | 1, Sometimes | 2, Often | 3, Always",,,,,,,,,,rcads_matrix_1_parentproxy_child_1,,
rcads_39_parentproxy_child_1,rcads,,radio,"My child's heart suddenly starts to beat too quickly for no reason","0, Never | 1, Sometimes | 2, Often | 3, Always",,,,,,,,,,rcads_matrix_1_parentproxy_child_1,,
rcads_40_parentproxy_child_1,rcads,,radio,"My child feels like he/she doesn't want to move","0, Never | 1, Sometimes | 2, Often | 3, Always",,,,,,,,,,rcads_matrix_1_parentproxy_child_1,,
rcads_41_parentproxy_child_1,rcads,,radio,"My child worries that he/she will suddenly get a scared feeling when there is nothing to be afraid of","0, Never | 1, Sometimes | 2, Often | 3, Always",,,,,,,,,,rcads_matrix_1_parentproxy_child_1,,
rcads_42_parentproxy_child_1,rcads,,radio,"My child has to do some things over and over again (like washing hands, cleaning, or putting things in a certain order)","0, Never | 1, Sometimes | 2, Often | 3, Always",,,,,,,,,,rcads_matrix_1_parentproxy_child_1,,
rcads_43_parentproxy_child_1,rcads,,radio,"My child feels afraid that he/she will make a fool of him/herself in front of people","0, Never | 1, Sometimes | 2, Often | 3, Always",,,,,,,,,,rcads_matrix_1_parentproxy_child_1,,
rcads_44_parentproxy_child_1,rcads,,radio,"My child has to do some things in just the right way to stop bad things from happening","0, Never | 1, Sometimes | 2, Often | 3, Always",,,,,,,,,,rcads_matrix_1_parentproxy_child_1,,
rcads_45_parentproxy_child_1,rcads,,radio,"My child worries when in bed at night","0, Never | 1, Sometimes | 2, Often | 3, Always",,,,,,,,,,rcads_matrix_1_parentproxy_child_1,,
rcads_46_parentproxy_child_1,rcads,,radio,"My child would feel scared if he/she had to stay away from home overnight","0, Never | 1, Sometimes | 2, Often | 3, Always",,,,,,,,,,rcads_matrix_1_parentproxy_child_1,,
rcads_47_parentproxy_child_1,rcads,,radio,"My child feels restless","0, Never | 1, Sometimes | 2, Often | 3, Always",,,,,,,,,,rcads_matrix_1_parentproxy_child_1,,
