"Variable / Field Name","Form Name","Section Header","Field Type","Field Label","Choices, Calculations, OR Slider Labels","Field Note","Text Validation Type OR Show Slider Number","Text Validation Min","Text Validation Max",Identifier?,"Branching Logic (Show field only if...)","Required Field?","Custom Alignment","Question Number (surveys only)","Matrix Group Name","Matrix Ranking?","Field Annotation"
soi_instructions,soi,,descriptive,"Please read each item and answer the following question about your child.",,,,,,,,,,,,,
soi_1_parentproxy_child_1,soi,"Child 1",radio,"I warn my child about COVID-19","1, Almost Never or Never True | 2, Not Very Often True | 3, Sometimes True | 4, Often True | 5, Almost Always or Always True | 0, Don't know, Not applicable",,,,,,,,,,soi_parentproxy_matrix_1_child_1,,
soi_2_parentproxy_child_1,soi,,radio,"My child hears scary things about COVID-19 when watching television","1, Almost Never or Never True | 2, Not Very Often True | 3, Sometimes True | 4, Often True | 5, Almost Always or Always True | 0, Don't know, Not applicable",,,,,,,,,,soi_parentproxy_matrix_1_child_1,,
soi_3_parentproxy_child_1,soi,,radio,"When my child was in school, they saw posters hanging in the school about how to prevent contamination with COVID-19","1, Almost Never or Never True | 2, Not Very Often True | 3, Sometimes True | 4, Often True | 5, Almost Always or Always True | 0, Don't know, Not applicable",,,,,,,,,,soi_parentproxy_matrix_1_child_1,,
soi_4_parentproxy_child_1,soi,,radio,"My child knows someone who is infected with COVID-19","1, Almost Never or Never True | 2, Not Very Often True | 3, Sometimes True | 4, Often True | 5, Almost Always or Always True | 0, Don't know, Not applicable",,,,,,,,,,soi_parentproxy_matrix_1_child_1,,
soi_5_parentproxy_child_1,soi,,radio,"I tell my child about the dangers of COVID-19","1, Almost Never or Never True | 2, Not Very Often True | 3, Sometimes True | 4, Often True | 5, Almost Always or Always True | 0, Don't know, Not applicable",,,,,,,,,,soi_parentproxy_matrix_1_child_1,,
soi_6_parentproxy_child_1,soi,,radio,"My child receives newsletters or emails from school about COVID-19","1, Almost Never or Never True | 2, Not Very Often True | 3, Sometimes True | 4, Often True | 5, Almost Always or Always True | 0, Don't know, Not applicable",,,,,,,,,,soi_parentproxy_matrix_1_child_1,,
soi_7_parentproxy_child_1,soi,,radio,"My child's friends talk to them about the dangers of COVID-19","1, Almost Never or Never True | 2, Not Very Often True | 3, Sometimes True | 4, Often True | 5, Almost Always or Always True | 0, Don't know, Not applicable",,,,,,,,,,soi_parentproxy_matrix_1_child_1,,
soi_8_parentproxy_child_1,soi,,radio,"My child sees warnings about COVID-19 on social media","1, Almost Never or Never True | 2, Not Very Often True | 3, Sometimes True | 4, Often True | 5, Almost Always or Always True | 0, Don't know, Not applicable",,,,,,,,,,soi_parentproxy_matrix_1_child_1,,
soi_9_parentproxy_child_1,soi,,radio,"My child hears about how to prevent contamination with COVID-19 from me","1, Almost Never or Never True | 2, Not Very Often True | 3, Sometimes True | 4, Often True | 5, Almost Always or Always True | 0, Don't know, Not applicable",,,,,,,,,,soi_parentproxy_matrix_1_child_1,,
soi_parentproxy_continue,soi,,yesno,"Are any of these responses different for your other children?

(Only the children you are completing this survey for)",,,,,,,"[parentself_number_children_study] = '2' or [parentself_number_children_study] = '3' or [parentself_number_children_study] = '4'",,,,,,
soi_parentproxy_continue_instructions,soi,,descriptive,"Please fill in the sections that are different for your other children (you may leave the sections that are the same between children blank if you wish).",,,,,,,"[soi_parentproxy_continue] = '1'",,,,,,
soi_1_parentproxy_child_2,soi,"Child 2",radio,"I warn my child about COVID-19","1, Almost Never or Never True | 2, Not Very Often True | 3, Sometimes True | 4, Often True | 5, Almost Always or Always True | 0, Don't know, Not applicable",,,,,,"([parentself_number_children_study] = '2'  or [parentself_number_children_study] = '3'  or [parentself_number_children_study] = '4') and [soi_parentproxy_continue] = '1'",,,,soi_parentproxy_matrix_1_child_2,,
soi_2_parentproxy_child_2,soi,,radio,"My child hears scary things about COVID-19 when watching television","1, Almost Never or Never True | 2, Not Very Often True | 3, Sometimes True | 4, Often True | 5, Almost Always or Always True | 0, Don't know, Not applicable",,,,,,"([parentself_number_children_study] = '2'  or [parentself_number_children_study] = '3'  or [parentself_number_children_study] = '4') and [soi_parentproxy_continue] = '1'",,,,soi_parentproxy_matrix_1_child_2,,
soi_3_parentproxy_child_2,soi,,radio,"When my child was in school, they saw posters hanging in the school about how to prevent contamination with COVID-19","1, Almost Never or Never True | 2, Not Very Often True | 3, Sometimes True | 4, Often True | 5, Almost Always or Always True | 0, Don't know, Not applicable",,,,,,"([parentself_number_children_study] = '2'  or [parentself_number_children_study] = '3'  or [parentself_number_children_study] = '4') and [soi_parentproxy_continue] = '1'",,,,soi_parentproxy_matrix_1_child_2,,
soi_4_parentproxy_child_2,soi,,radio,"My child knows someone who is infected with COVID-19","1, Almost Never or Never True | 2, Not Very Often True | 3, Sometimes True | 4, Often True | 5, Almost Always or Always True | 0, Don't know, Not applicable",,,,,,"([parentself_number_children_study] = '2'  or [parentself_number_children_study] = '3'  or [parentself_number_children_study] = '4') and [soi_parentproxy_continue] = '1'",,,,soi_parentproxy_matrix_1_child_2,,
soi_5_parentproxy_child_2,soi,,radio,"I tell my child about the dangers of COVID-19","1, Almost Never or Never True | 2, Not Very Often True | 3, Sometimes True | 4, Often True | 5, Almost Always or Always True | 0, Don't know, Not applicable",,,,,,"([parentself_number_children_study] = '2'  or [parentself_number_children_study] = '3'  or [parentself_number_children_study] = '4') and [soi_parentproxy_continue] = '1'",,,,soi_parentproxy_matrix_1_child_2,,
soi_6_parentproxy_child_2,soi,,radio,"My child receives newsletters or emails from school about COVID-19","1, Almost Never or Never True | 2, Not Very Often True | 3, Sometimes True | 4, Often True | 5, Almost Always or Always True | 0, Don't know, Not applicable",,,,,,"([parentself_number_children_study] = '2'  or [parentself_number_children_study] = '3'  or [parentself_number_children_study] = '4') and [soi_parentproxy_continue] = '1'",,,,soi_parentproxy_matrix_1_child_2,,
soi_7_parentproxy_child_2,soi,,radio,"My child's friends talk to them about the dangers of COVID-19","1, Almost Never or Never True | 2, Not Very Often True | 3, Sometimes True | 4, Often True | 5, Almost Always or Always True | 0, Don't know, Not applicable",,,,,,"([parentself_number_children_study] = '2'  or [parentself_number_children_study] = '3'  or [parentself_number_children_study] = '4') and [soi_parentproxy_continue] = '1'",,,,soi_parentproxy_matrix_1_child_2,,
soi_8_parentproxy_child_2,soi,,radio,"My child sees warnings about COVID-19 on social media","1, Almost Never or Never True | 2, Not Very Often True | 3, Sometimes True | 4, Often True | 5, Almost Always or Always True | 0, Don't know, Not applicable",,,,,,"([parentself_number_children_study] = '2'  or [parentself_number_children_study] = '3'  or [parentself_number_children_study] = '4') and [soi_parentproxy_continue] = '1'",,,,soi_parentproxy_matrix_1_child_2,,
soi_9_parentproxy_child_2,soi,,radio,"My child hears about how to prevent contamination with COVID-19 from me","1, Almost Never or Never True | 2, Not Very Often True | 3, Sometimes True | 4, Often True | 5, Almost Always or Always True | 0, Don't know, Not applicable",,,,,,"([parentself_number_children_study] = '2'  or [parentself_number_children_study] = '3'  or [parentself_number_children_study] = '4') and [soi_parentproxy_continue] = '1'",,,,soi_parentproxy_matrix_1_child_2,,
soi_1_parentproxy_child_3,soi,"Child 3",radio,"I warn my child about COVID-19","1, Almost Never or Never True | 2, Not Very Often True | 3, Sometimes True | 4, Often True | 5, Almost Always or Always True | 0, Don't know, Not applicable",,,,,,"([parentself_number_children_study] = '3'  or [parentself_number_children_study] = '4') and [soi_parentproxy_continue] = '1'",,,,soi_parentproxy_matrix_1_child_3,,
soi_2_parentproxy_child_3,soi,,radio,"My child hears scary things about COVID-19 when watching television","1, Almost Never or Never True | 2, Not Very Often True | 3, Sometimes True | 4, Often True | 5, Almost Always or Always True | 0, Don't know, Not applicable",,,,,,"([parentself_number_children_study] = '3'  or [parentself_number_children_study] = '4') and [soi_parentproxy_continue] = '1'",,,,soi_parentproxy_matrix_1_child_3,,
soi_3_parentproxy_child_3,soi,,radio,"When my child was in school, they saw posters hanging in the school about how to prevent contamination with COVID-19","1, Almost Never or Never True | 2, Not Very Often True | 3, Sometimes True | 4, Often True | 5, Almost Always or Always True | 0, Don't know, Not applicable",,,,,,"([parentself_number_children_study] = '3'  or [parentself_number_children_study] = '4') and [soi_parentproxy_continue] = '1'",,,,soi_parentproxy_matrix_1_child_3,,
soi_4_parentproxy_child_3,soi,,radio,"My child knows someone who is infected with COVID-19","1, Almost Never or Never True | 2, Not Very Often True | 3, Sometimes True | 4, Often True | 5, Almost Always or Always True | 0, Don't know, Not applicable",,,,,,"([parentself_number_children_study] = '3'  or [parentself_number_children_study] = '4') and [soi_parentproxy_continue] = '1'",,,,soi_parentproxy_matrix_1_child_3,,
soi_5_parentproxy_child_3,soi,,radio,"I tell my child about the dangers of COVID-19","1, Almost Never or Never True | 2, Not Very Often True | 3, Sometimes True | 4, Often True | 5, Almost Always or Always True | 0, Don't know, Not applicable",,,,,,"([parentself_number_children_study] = '3'  or [parentself_number_children_study] = '4') and [soi_parentproxy_continue] = '1'",,,,soi_parentproxy_matrix_1_child_3,,
soi_6_parentproxy_child_3,soi,,radio,"My child receives newsletters or emails from school about COVID-19","1, Almost Never or Never True | 2, Not Very Often True | 3, Sometimes True | 4, Often True | 5, Almost Always or Always True | 0, Don't know, Not applicable",,,,,,"([parentself_number_children_study] = '3'  or [parentself_number_children_study] = '4') and [soi_parentproxy_continue] = '1'",,,,soi_parentproxy_matrix_1_child_3,,
soi_7_parentproxy_child_3,soi,,radio,"My child's friends talk to them about the dangers of COVID-19","1, Almost Never or Never True | 2, Not Very Often True | 3, Sometimes True | 4, Often True | 5, Almost Always or Always True | 0, Don't know, Not applicable",,,,,,"([parentself_number_children_study] = '3'  or [parentself_number_children_study] = '4') and [soi_parentproxy_continue] = '1'",,,,soi_parentproxy_matrix_1_child_3,,
soi_8_parentproxy_child_3,soi,,radio,"My child sees warnings about COVID-19 on social media","1, Almost Never or Never True | 2, Not Very Often True | 3, Sometimes True | 4, Often True | 5, Almost Always or Always True | 0, Don't know, Not applicable",,,,,,"([parentself_number_children_study] = '3'  or [parentself_number_children_study] = '4') and [soi_parentproxy_continue] = '1'",,,,soi_parentproxy_matrix_1_child_3,,
soi_9_parentproxy_child_3,soi,,radio,"My child hears about how to prevent contamination with COVID-19 from me","1, Almost Never or Never True | 2, Not Very Often True | 3, Sometimes True | 4, Often True | 5, Almost Always or Always True | 0, Don't know, Not applicable",,,,,,"([parentself_number_children_study] = '3'  or [parentself_number_children_study] = '4') and [soi_parentproxy_continue] = '1'",,,,soi_parentproxy_matrix_1_child_3,,
soi_1_parentproxy_child_4,soi,"Child 4",radio,"I warn my child about COVID-19","1, Almost Never or Never True | 2, Not Very Often True | 3, Sometimes True | 4, Often True | 5, Almost Always or Always True | 0, Don't know, Not applicable",,,,,,"([parentself_number_children_study] = '4') and [soi_parentproxy_continue] = '1'",,,,soi_parentproxy_matrix_1_child_4,,
soi_2_parentproxy_child_4,soi,,radio,"My child hears scary things about COVID-19 when watching television","1, Almost Never or Never True | 2, Not Very Often True | 3, Sometimes True | 4, Often True | 5, Almost Always or Always True | 0, Don't know, Not applicable",,,,,,"([parentself_number_children_study] = '4') and [soi_parentproxy_continue] = '1'",,,,soi_parentproxy_matrix_1_child_4,,
soi_3_parentproxy_child_4,soi,,radio,"When my child was in school, they saw posters hanging in the school about how to prevent contamination with COVID-19","1, Almost Never or Never True | 2, Not Very Often True | 3, Sometimes True | 4, Often True | 5, Almost Always or Always True | 0, Don't know, Not applicable",,,,,,"([parentself_number_children_study] = '4') and [soi_parentproxy_continue] = '1'",,,,soi_parentproxy_matrix_1_child_4,,
soi_4_parentproxy_child_4,soi,,radio,"My child knows someone who is infected with COVID-19","1, Almost Never or Never True | 2, Not Very Often True | 3, Sometimes True | 4, Often True | 5, Almost Always or Always True | 0, Don't know, Not applicable",,,,,,"([parentself_number_children_study] = '4') and [soi_parentproxy_continue] = '1'",,,,soi_parentproxy_matrix_1_child_4,,
soi_5_parentproxy_child_4,soi,,radio,"I tell my child about the dangers of COVID-19","1, Almost Never or Never True | 2, Not Very Often True | 3, Sometimes True | 4, Often True | 5, Almost Always or Always True | 0, Don't know, Not applicable",,,,,,"([parentself_number_children_study] = '4') and [soi_parentproxy_continue] = '1'",,,,soi_parentproxy_matrix_1_child_4,,
soi_6_parentproxy_child_4,soi,,radio,"My child receives newsletters or emails from school about COVID-19","1, Almost Never or Never True | 2, Not Very Often True | 3, Sometimes True | 4, Often True | 5, Almost Always or Always True | 0, Don't know, Not applicable",,,,,,"([parentself_number_children_study] = '4') and [soi_parentproxy_continue] = '1'",,,,soi_parentproxy_matrix_1_child_4,,
soi_7_parentproxy_child_4,soi,,radio,"My child's friends talk to them about the dangers of COVID-19","1, Almost Never or Never True | 2, Not Very Often True | 3, Sometimes True | 4, Often True | 5, Almost Always or Always True | 0, Don't know, Not applicable",,,,,,"([parentself_number_children_study] = '4') and [soi_parentproxy_continue] = '1'",,,,soi_parentproxy_matrix_1_child_4,,
soi_8_parentproxy_child_4,soi,,radio,"My child sees warnings about COVID-19 on social media","1, Almost Never or Never True | 2, Not Very Often True | 3, Sometimes True | 4, Often True | 5, Almost Always or Always True | 0, Don't know, Not applicable",,,,,,"([parentself_number_children_study] = '4') and [soi_parentproxy_continue] = '1'",,,,soi_parentproxy_matrix_1_child_4,,
soi_9_parentproxy_child_4,soi,,radio,"My child hears about how to prevent contamination with COVID-19 from me","1, Almost Never or Never True | 2, Not Very Often True | 3, Sometimes True | 4, Often True | 5, Almost Always or Always True | 0, Don't know, Not applicable",,,,,,"([parentself_number_children_study] = '4') and [soi_parentproxy_continue] = '1'",,,,soi_parentproxy_matrix_1_child_4,,
