﻿"Variable / Field Name","Form Name","Section Header","Field Type","Field Label","Choices, Calculations, OR Slider Labels","Field Note","Text Validation Type OR Show Slider Number","Text Validation Min","Text Validation Max",Identifier?,"Branching Logic (Show field only if...)","Required Field?","Custom Alignment","Question Number (surveys only)","Matrix Group Name","Matrix Ranking?","Field Annotation"
participant_id,participant,,text,"Participant ID",,,,,,,,,,,,,
welcome,participant,,descriptive,,,,,,,,,,,,,,
information_sheet,participant,,descriptive,"Por favor revise la hoja de información. ",,,,,,,,,,,,,
consent_information,participant,,descriptive,"Este estudio busca explorar cómo el brote de COVID-19 ha influido a los cuidadores, niños, y familias. Este estudio involucra una variedad de cuestionarios con respecto a los impactos de COVID-19 en padres y niños. Los padres y niños no se beneficiarán directamente de participar en este estudio. Sin embargo, los resultados contribuirán a una mejor comprensión del impacto que COVID-19 está teniendo en las familias y se utilizarán para crear más recursos para las familias en el futuro.
 
Su participación tomará aproximadamente 35 minutos. Le pedimos que complete los cuestionarios al mismo tiempo. Sin embargo, tiene la oportunidad de guardar la encuesta y volver más tarde para completarla.

Al final del estudio (el 31 de Julio), vamos a realizar un sorteo dónde 20 personas ganarán una tarjeta de regalo de $100 Visa. Por favor recuerde anotar su correo electrónico al final del estudio para entrar a la rifa.",,,,,,,,,,,,,
pup_participation,participant,,radio,"¿Le gustaría participar en este estudio?
","1, Sí | 0, No",,,,,,,y,,,,,
no_participation,participant,,descriptive,"<div class=""rich-text-field-label""><div class=""page"" style=""font-weight: normal;"" title=""Page 1""> <div class=""section""> <div class=""layoutArea""> <div class=""column""> <p><span style=""font-size: 11pt; font-family: ArialMT;"">¡Gracias por su interés en el estudio ""Parenting Under Pressure!"" Si no quiere participar, todavía </span><span style=""font-family: ArialMT; font-size: 14.6667px;"">puede </span><span style=""font-family: ArialMT; font-size: 11pt;"">entrar en la rifa para la oportunidad de ganar $100 en una tarjeta de regalo.</span></p> </div> </div> </div> </div> <p><span style=""font-family: ArialMT; font-size: 11pt; font-weight: normal;"">Haga <a href=""https://docs.google.com/forms/d/e/1FAIpQLSe3gRqro_fkT3Ns0ZjZ13mUXqc9XqxiV0V0vAFLy38QkWURAg/viewform"">clic aquí</a> para entrar. </span></p> <div class=""page"" style=""font-weight: normal;"" title=""Page 1""> <div class=""section""> <div class=""layoutArea""> <div class=""column""> <p><span style=""font-size: 11pt; font-family: ArialMT;"">Por favor cierra esta ventana después de haber sido redirigido a la forma de Google. Gracias.</span></p> </div> </div> </div> </div></div>",,,,,,,"[pup_participation] = ""0""",,,,,,
inclusion_1,participant,,radio,"¿Puede leer y escribir en español?","1, Sí | 0, No",,,,,,,y,,,,,
inclusion_2,participant,,radio,"¿Tiene hijos entre las edades de 6-17 años?","1, Sí | 0, No",,,,,,,y,,,,,
not_eligible,participant,,descriptive,"<div class=""rich-text-field-label""><div class=""page"" style=""font-weight: normal;"" title=""Page 1""> <div class=""section""> <div class=""layoutArea""> <div class=""column""> <p><span style=""font-size: 11pt; font-family: ArialMT;"">¡Gracias por su interés en el estudio ""Parenting Under Pressure!"" Desafortunadamente, parece que usted no es elegible para participar en este estudio. Sin embargo, t</span><span style=""font-family: ArialMT; font-size: 14.6667px;"">odavía</span><span style=""font-family: ArialMT; font-size: 11pt;""> puede entrar en la rifa para tener la oportunidad de ganar $100 en una tarjeta de regalo.</span></p> </div> </div> </div> </div> <p><span style=""font-family: ArialMT; font-size: 11pt; font-weight: normal;"">Haga <a href=""https://docs.google.com/forms/d/e/1FAIpQLSe3gRqro_fkT3Ns0ZjZ13mUXqc9XqxiV0V0vAFLy38QkWURAg/viewform"">clic aquí</a> para entrar.</span></p> <p><span style=""font-family: ArialMT; font-size: 11pt; font-weight: normal;"">Por favor cierra esta ventana después de haber sido redirigido a la forma de Google. Gracias.</span></p></div>",,,,,,,"[inclusion_1] = ""0"" or [inclusion_2] = ""0""",,,,,,
consent,participant,,radio,,"1, Sí, yo doy mi consentimiento para participar en esta investigación.",,,,,,"[pup_participation] = ""1"" and [inclusion_1] = ""1"" and [inclusion_2] = ""1""",y,,,,,
pup_no_reverse,participant,,descriptive,"TENGA EN CUENTA: En esta encuesta, no puede volver para cambiar sus respuestas. Por favor asegúrese que haya completado cada página y esté listo para continuar antes de pasar a la próxima página.",,,,,,,,,,,,,
panas_1_continue,participant,,descriptive,"<div class=""rich-text-field-label""><h3 style=""text-align: center;""><span style=""box-sizing: border-box; color: rgba(0, 0, 0, 0.88); font-family: -apple-system, ''Helvetica Neue'', Helvetica, ''Segoe UI'', Roboto, Ubuntu, Arial, sans-serif; font-size: 18px; text-align: start;"">Al final de la encuesta, se le redirigirá automáticamente a un formulario de Google para anotar su correo electrónico y entrar a la rifa.</span><br style=""box-sizing: border-box; color: rgba(0, 0, 0, 0.88); font-family: -apple-system, ''Helvetica Neue'', Helvetica, ''Segoe UI'', Roboto, Ubuntu, Arial, sans-serif; font-size: 18px; font-weight: 400; text-align: start;"" /><br style=""box-sizing: border-box; color: rgba(0, 0, 0, 0.88); font-family: -apple-system, ''Helvetica Neue'', Helvetica, ''Segoe UI'', Roboto, Ubuntu, Arial, sans-serif; font-size: 18px; font-weight: 400; text-align: start;"" /><span style=""box-sizing: border-box; color: rgba(0, 0, 0, 0.88); font-family: -apple-system, ''Helvetica Neue'', Helvetica, ''Segoe UI'', Roboto, Ubuntu, Arial, sans-serif; font-size: 18px; text-align: start;"">Haga clic en ""Enviar"" en la página final ""Recursos"" para ser redirigido.</span><br style=""box-sizing: border-box; color: rgba(0, 0, 0, 0.88); font-family: -apple-system, ''Helvetica Neue'', Helvetica, ''Segoe UI'', Roboto, Ubuntu, Arial, sans-serif; font-size: 18px; font-weight: 400; text-align: start;"" /><br style=""box-sizing: border-box; color: rgba(0, 0, 0, 0.88); font-family: -apple-system, ''Helvetica Neue'', Helvetica, ''Segoe UI'', Roboto, Ubuntu, Arial, sans-serif; font-size: 18px; font-weight: 400; text-align: start;"" /><span style=""box-sizing: border-box; color: rgba(0, 0, 0, 0.88); font-family: -apple-system, ''Helvetica Neue'', Helvetica, ''Segoe UI'', Roboto, Ubuntu, Arial, sans-serif; font-size: 18px; text-align: start;"">Haga clic en ""Enviar"" para comenzar.</span></h3></div>",,,,,,,,,,,,,
image,participant,,descriptive,,,,,,,,,,,,,,
