﻿"Variable / Field Name","Form Name","Section Header","Field Type","Field Label","Choices, Calculations, OR Slider Labels","Field Note","Text Validation Type OR Show Slider Number","Text Validation Min","Text Validation Max",Identifier?,"Branching Logic (Show field only if...)","Required Field?","Custom Alignment","Question Number (surveys only)","Matrix Group Name","Matrix Ranking?","Field Annotation"
demographics_title,demographics,,descriptive,Demografía,,,,,,,,,,,,,
participant_subjective_social_status_usa_ladder,demographics,,descriptive,"Piense en esta escalera como una representación de la situación de las personas en los Estados Unidos. En la parte de arriba de la escalera están las personas que están en mejor situación: las que tienen la mayor cantidad de dinero, la mayor educación y los trabajos más respetados. Los de abajo están las personas que están en peor situación: las que tienen menos dinero, menos educación, los trabajos menos respetados o no tienen trabajo. Cuanto más alto estés en esta escalera, más cerca estarás de las personas mas superior; cuanto más bajo eres, más cerca estás de las personas muy abajo",,,,,,,,,,,,,
participant_subjective_social_status_usa,demographics,,dropdown,"¿Dónde colocarías a tu familia en esta escalera?

Seleccione el escalón donde cree que está su familia en este momento de su vida en comparación con otras personas en los Estados Unidos","1, 1 | 2, 2 | 3, 3 | 4, 4 | 5, 5 | 6, 6 | 7, 7 | 8, 8 | 9, 9 | 10, 10",,,,,,,,,,,,
participant_subjective_social_status_community_ladder,demographics,,descriptive,"Piense en esta escalera como una representación de la posición de las personas en sus comunidades.
Las personas definen comunidad de diferentes maneras; por favor defínalo de la manera que más te convenga. En la parte superior de la escalera están las personas que tienen el mayor apoyo en su comunidad. En la parte de abajo están las personas que tienen la posición más baja en su comunidad",,,,,,,,,,,,,
participant_subjective_social_status_community,demographics,,dropdown,"¿Dónde colocarías a tu familia en esta escalera?

Seleccione el escalón donde cree que está su familia en este momento de su vida en comparación con otras personas en su comunidad","1, 1 | 2, 2 | 3, 3 | 4, 4 | 5, 5 | 6, 6 | 7, 7 | 8, 8 | 9, 9 | 10, 10",,,,,,,,,,,,
child_1_race,demographics,,checkbox,"¿Cuál es la raza del Niñ@ 1?

(Seleccione todos los que correspondan)","1, Blanco (no Hispano) | 2, Hispano | 3, Asiático-Americano | 4, Afroamericano o raza negra | 5, Hawaiano nativo o otro isleño del Pacífico | 6, Indio americano o nativo de Alaska",,,,,,,,,,,,
child_1_ethnicity,demographics,,radio,"¿Cuál es la etnicidad del niñ@ 1?","1, Hispano o Latinx | 2, No hispano o Latinx",,,,,,,,,,,,
child_1_primary_caregiver_race,demographics,,checkbox,"Raza del cuidador principal de niñ@ 1 (elija todos los que aplican)","1, Blanco (no hispano) | 2, Hispano | 3, Asiático-Americano | 4, Afroamericano o raza negra | 5, Nativo Hawaiano u otro isleño del Pacífico, | 6, Indio Americano o Nativo de Alaska",,,,,,,,,,,,
child_1_primary_caregiver_ethnicity,demographics,,radio,"Etnicidad del cuidador principal de niñ@ 1","1, Hispano o Latinx | 0, No Hispano o Latinx",,,,,,,,,,,,
child_1_secondary_caregiver_race,demographics,,checkbox,"Raza del cuidador secundario de niñ@ 1
(elija todos los que aplican)","1, Blanco (no hispano) | 2, Hispano | 3, Asiático-americano | 4, Afroamericano o raza negra | 5, Nativo hawaiano o otro isleño del Pacífico | 6, Indio americano o nativo de Alaska","no responda sí no le aplica",,,,,,,,,,,
child_1_secondary_caregiver_ethnicity,demographics,,radio,"Etnicidad del cuidador secundario de niñ@ 1","1, Hispano o Latinx | 0, No Hispano o Latinx","no responda sí no le aplica",,,,,,,,,,,
primary_caregiver_education_child_1,demographics,,radio,"La educación del cuidador principal de niñ@ 1 (elija el nivel más alto completado)","1, Escuela primaria | 2, Escuela secundaria o escuela equivalente | 3, Vocacional/técnica | 4, Alguna universidad | 5, Una licenciatura | 6, Una maestría | 7, Un doctorado | 8, Un título profesional | 9, Otro (Especifique a continuación)",,,,,,,,,,,,
primary_caregiver_education_other_child_1,demographics,,text,"Otro (por favor describe):",,"Indique 'NA' si no es aplicable",,,,,"[primary_caregiver_education_child_1] = '9'",,,,,,
secondary_caregiver_education_child_1,demographics,,radio,"La educación del cuidador secundario de niñ@ 1 (elija el nivel más alto completado)","1, Escuela primaria | 2, Escuela secundaria o escuela equivalente | 3, Vocacional/técnica | 4, Alguna universidad | 5, Una licenciatura | 6, Una maestría | 7, Un doctorado | 8, Un título profesional | 9, Otro (Especifique a continuación)",,,,,,,,,,,,
secondary_caregiver_education_other_child_1,demographics,,text,"Otro (por favor describe):",,,,,,,"[secondary_caregiver_education_child_1] = '9'",,,,,,
primary_caregiver_age_child_1,demographics,,text,"La edad del cuidador principal de niñ@ 1",,,,,,,,,,,,,
secondary_caregiver_age_child_1,demographics,,text,"La edad del cuidador secundario de niñ@ 1",,"Indique 'NA' si no es aplicable",,,,,,,,,,,
primary_caregiver_occupation_child_1,demographics,,text,"La profesión del cuidador principal de niñ@ 1",,,,,,,,,,,,,
primary_caregiver_income_child_1,demographics,,dropdown,"Ingresos anuales del cuidador principal de niñ@ 1","1, Menos que $17,999 | 2, $18,000 - $24,999 | 3, $25,000 - $49,999 | 4, $50,000 - $99,999 | 5, $100,000 - $149,999 | 6, $150,000 o más",,,,,,,,,,,,
secondary_caregiver_occupation_child_1,demographics,,text,"La profesión del cuidador secundario de niñ@ 1",,"Indique 'NA' si no es aplicable",,,,,,,,,,,
secondary_caregiver_income_child_1,demographics,,dropdown,"Ingresos anuales del cuidador secundario de niñ@ 1","0, No se aplica | 1, Menos que $17,999 | 2, $18,000 - $24,999 | 3, $25,000 - $49,999 | 4, $50,000 - $99,999 | 5, $100,000 - $149,999 | 6, $150,000 o más",,,,,,,,,,,,
demographics_parentproxy_continue,demographics,,radio,"¿Alguna de estas respuestas son diferente para sus otros hijos?

(Solo los niños para los que está completando esta encuesta)","1, Sí | 0, No",,,,,,"[parentself_number_children_study] = '2' or [parentself_number_children_study] = '3' or [parentself_number_children_study] = '4'",,,,,,
demographics_parentproxy_continue_instructions,demographics,,descriptive,"Por favor rellene las secciones que son diferentes para sus otros hijos (puede dejar las secciones que son las mismas entre los niños en blanco si lo desea).",,,,,,,"[demographics_parentproxy_continue] = '1'",,,,,,
child_2_race,demographics," ",checkbox,"Raza del niñ@ 2
(Todo que se aplica)","1, Blanco (no hispano) | 2, Hispano | 3, Asiático-americano | 4, Afroamericano o raza negra | 5, Nativo hawaiano o otro isleño del Pacífico | 6, Indio americano o nativo de Alaska",,,,,,"([parentself_number_children_study] = '2'  or [parentself_number_children_study] = '3'  or [parentself_number_children_study] = '4') and [demographics_parentproxy_continue] = '1'",,,,,,
child_2_ethnicity,demographics,,radio,"Etnicidad del niñ@ 2","1, Hispano o Latinx | 0, No Hispano or Latinx",,,,,,"([parentself_number_children_study] = '2'  or [parentself_number_children_study] = '3'  or [parentself_number_children_study] = '4') and [demographics_parentproxy_continue] = '1'",,,,,,
child_2_primary_caregiver_race,demographics,,checkbox,"Raza del cuidador principal de niñ@ 2 (elija todos los que se aplican)","1, Blanco (no hispano) | 2, Hispano | 3, Asiático-americano | 4, Afroamericano o raza negra | 5, Nativo hawaiano o otro isleño del Pacífico | 6, Indio americano o nativo de Alaska",,,,,,"([parentself_number_children_study] = '2'  or [parentself_number_children_study] = '3'  or [parentself_number_children_study] = '4') and [demographics_parentproxy_continue] = '1'",,,,,,
child_2_primary_caregiver_ethnicity,demographics,,radio,"Etnicidad del cuidador principal de niñ@ 2","1, Hispano o Latinx | 0, No Hispano or Latinx",,,,,,"([parentself_number_children_study] = '2'  or [parentself_number_children_study] = '3'  or [parentself_number_children_study] = '4') and [demographics_parentproxy_continue] = '1'",,,,,,
child_2_secondary_caregiver_race,demographics,,checkbox,"Raza del cuidador secundario de niñ@ 2 (elija todos los que se aplican)","1, Blanco (no hispano) | 2, Hispano | 3, Asiático-americano | 4, Afroamericano o raza negra | 5, Nativo hawaiano o otro isleño del Pacífico | 6, Indio americano o nativo de Alaska","no responda sí no le aplica",,,,,"([parentself_number_children_study] = '2'  or [parentself_number_children_study] = '3'  or [parentself_number_children_study] = '4') and [demographics_parentproxy_continue] = '1'",,,,,,
child_2_secondary_caregiver_ethnicity,demographics,,radio,"Etnicidad del cuidador secundario de niñ@ 2","1, Hispano o Latinx | 0, No Hispano o Latinx","no responda sí no le aplica",,,,,"([parentself_number_children_study] = '2'  or [parentself_number_children_study] = '3'  or [parentself_number_children_study] = '4') and [demographics_parentproxy_continue] = '1'",,,,,,
primary_caregiver_education_child_2,demographics,,radio,"La educación del cuidador principal de niñ@ 2 (elija el nivel más alto completado)","1, Escuela primaria | 2, Escuela secundaria o escuela equivalente | 3, Vocacional/técnica | 4, Alguna universidad | 5, Una licenciatura | 6, Una maestría | 7, Un doctorado | 8, Un título profesional | 9, Otro (Especifique a continuación)",,,,,,"([parentself_number_children_study] = '2'  or [parentself_number_children_study] = '3'  or [parentself_number_children_study] = '4') and [demographics_parentproxy_continue] = '1'",,,,,,
primary_caregiver_education_other_child_2,demographics,,text,"Otro (por favor describe):",,"Indique 'NA' si no es aplicable",,,,,"[primary_caregiver_education_child_2] = '9'",,,,,,
secondary_caregiver_education_child_2,demographics,,radio,"La educación del cuidador secundario de niñ@ 2 (elija el nivel más alto completado)","1, Escuela primaria | 2, Escuela secundaria o escuela equivalente | 3, Vocacional/técnica | 4, Alguna universidad | 5, Una licenciatura | 6, Una maestría | 7, Un doctorado | 8, Un título profesional | 9, Otro (Especifique a continuación)",,,,,,"([parentself_number_children_study] = '2'  or [parentself_number_children_study] = '3'  or [parentself_number_children_study] = '4') and [demographics_parentproxy_continue] = '1'",,,,,,
secondary_caregiver_education_other_child_2,demographics,,text,"Otro (por favor describe):",,,,,,,"[secondary_caregiver_education_child_2] = '9'",,,,,,
primary_caregiver_age_child_2,demographics,,text,"La edad del cuidador principal de niñ@ 2",,,,,,,"([parentself_number_children_study] = '2'  or [parentself_number_children_study] = '3'  or [parentself_number_children_study] = '4') and [demographics_parentproxy_continue] = '1'",,,,,,
secondary_caregiver_age_child_2,demographics,,text,"La edad del cuidador secundario de niñ@ 2",,"Indique 'NA' si no es aplicable",,,,,"([parentself_number_children_study] = '2'  or [parentself_number_children_study] = '3'  or [parentself_number_children_study] = '4') and [demographics_parentproxy_continue] = '1'",,,,,,
primary_caregiver_occupation_child_2,demographics,,text,"La profesión del cuidador principal de niñ@ 2",,,,,,,"([parentself_number_children_study] = '2'  or [parentself_number_children_study] = '3'  or [parentself_number_children_study] = '4') and [demographics_parentproxy_continue] = '1'",,,,,,
primary_caregiver_income_child_2,demographics,,dropdown,"Ingresos anuales del cuidador principal de niñ@ 2","1, Menos que $17,999 | 2, $18,000 - $24,999 | 3, $25,000 - $49,999 | 4, $50,000 - $99,999 | 5, $100,000 - $149,999 | 6, $150,000 o más",,,,,,"([parentself_number_children_study] = '2'  or [parentself_number_children_study] = '3'  or [parentself_number_children_study] = '4') and [demographics_parentproxy_continue] = '1'",,,,,,
secondary_caregiver_occupation_child_2,demographics,,text,"La profesión del cuidador secundario de niñ@ 2",,"Indique 'NA' si no es aplicable",,,,,"([parentself_number_children_study] = '2'  or [parentself_number_children_study] = '3'  or [parentself_number_children_study] = '4') and [demographics_parentproxy_continue] = '1'",,,,,,
secondary_caregiver_income_child_2,demographics,,dropdown,"Ingresos anuales del cuidador secundario de niñ@ 2","0, No se aplica | 1, menos que $17,999 | 2, $18,000 - $24,999 | 3, $25,000 - $49,999 | 4, $50,000 - $99,999 | 5, $100,000 - $149,999 | 6, $150,000 o más",,,,,,"([parentself_number_children_study] = '2'  or [parentself_number_children_study] = '3'  or [parentself_number_children_study] = '4') and [demographics_parentproxy_continue] = '1'",,,,,,
child_3_race,demographics," ",checkbox,"Raza del niñ@ 3","1, Blanco (no hispano) | 2, Hispano | 3, Asiático-americano | 4, Afroamericano o raza negra | 5, Nativo hawaiano o otro isleño del Pacífico | 6, Indio americano o nativo de Alaska",,,,,,"([parentself_number_children_study] =  '3'  or [parentself_number_children_study] = '4') and [demographics_parentproxy_continue] = '1'",,,,,,
child_3_ethnicity,demographics,,radio,"Etnicidad del niñ@ 3","1, Hispano o Latinx | 0, No Hispanio o Latinx",,,,,,"([parentself_number_children_study] =  '3'  or [parentself_number_children_study] = '4') and [demographics_parentproxy_continue] = '1'",,,,,,
child_3_primary_caregiver_race,demographics,,checkbox,"Raza del cuidador principal de niñ@ 3 (elija todos los que se aplican)","1, Blanco (no hispano) | 2, Hispano | 3, Asiático-americano | 4, Afroamericano o raza negra | 5, Nativo hawaiano o otro isleño del Pacífico | 6, Indio americano o nativo de Alaska",,,,,,"([parentself_number_children_study] =  '3'  or [parentself_number_children_study] = '4') and [demographics_parentproxy_continue] = '1'",,,,,,
child_3_primary_caregiver_ethnicity,demographics,,radio,"Etnicidad del cuidador principal de niñ@ 3","1, Hispano o Latinx | 0, No Hispano or Latinx",,,,,,"([parentself_number_children_study] =  '3'  or [parentself_number_children_study] = '4') and [demographics_parentproxy_continue] = '1'",,,,,,
child_3_secondary_caregiver_race,demographics,,checkbox,"Raza del cuidador secundario de niñ@ 3 (elija todos los que aplican)","1, Blanco (no hispano) | 2, Hispano | 3, Asiático-americano | 4, Afroamericano o raza negra | 5, Nativo hawaiano o otro isleño del Pacífico | 6, Indio americano o nativo de Alaska","no responda sí no le aplica",,,,,"([parentself_number_children_study] =  '3'  or [parentself_number_children_study] = '4') and [demographics_parentproxy_continue] = '1'",,,,,,
child_3_secondary_caregiver_ethnicity,demographics,,radio,"Etnicidad del cuidador secundario de niñ@ 3","1, Hispano o Latinx | 0, No Hispano o Latinx","no responda sí no le aplica",,,,,"([parentself_number_children_study] =  '3'  or [parentself_number_children_study] = '4') and [demographics_parentproxy_continue] = '1'",,,,,,
primary_caregiver_education_child_3,demographics,,radio,"La educación del cuidador principal de niñ@ 3 (elija el nivel más alto completado)","1, Escuela primaria | 2, Escuela secundaria o escuela equivalente | 3, Vocacional/técnica | 4, Alguna universidad | 5, Una licenciatura | 6, Una maestría | 7, Un doctorado | 8, Un título profesional | 9, Otro (Especifique a continuación)",,,,,,"([parentself_number_children_study] =  '3'  or [parentself_number_children_study] = '4') and [demographics_parentproxy_continue] = '1'",,,,,,
primary_caregiver_education_other_child_3,demographics,,text,"Otro (por favor describe):",,"Indique 'NA' si no es aplicable",,,,,"[primary_caregiver_education_child_3] = '9'",,,,,,
secondary_caregiver_education_child_3,demographics,,radio,"La educación del cuidador secundario de niñ@ 3 (elija el nivel más alto completado)","1, Escuela primaria | 2, Escuela secundaria o escuela equivalente | 3, Vocacional/técnica | 4, Alguna universidad | 5, Una licenciatura | 6, Una maestría | 7, Un doctorado | 8, Un título profesional | 9, Otro (Especifique a continuación)",,,,,,"([parentself_number_children_study] =  '3'  or [parentself_number_children_study] = '4') and [demographics_parentproxy_continue] = '1'",,,,,,
secondary_caregiver_education_other_child_3,demographics,,text,"Otro (por favor describe)",,,,,,,"[secondary_caregiver_education_child_3] = '9'",,,,,,
primary_caregiver_age_child_3,demographics,,text,"La edad del cuidador principal de niñ@ 3",,,,,,,"([parentself_number_children_study] =  '3'  or [parentself_number_children_study] = '4') and [demographics_parentproxy_continue] = '1'",,,,,,
secondary_caregiver_age_child_3,demographics,,text,"La edad del cuidador secundario de niñ@ 3",,"Indique 'NA' si no es aplicable",,,,,"([parentself_number_children_study] =  '3'  or [parentself_number_children_study] = '4') and [demographics_parentproxy_continue] = '1'",,,,,,
primary_caregiver_occupation_child_3,demographics,,text,"La profesión del cuidador principal de niñ@ 3",,,,,,,"([parentself_number_children_study] =  '3'  or [parentself_number_children_study] = '4') and [demographics_parentproxy_continue] = '1'",,,,,,
primary_caregiver_income_child_3,demographics,,dropdown,"Ingresos anuales del cuidador principal de niñ@ 3","1, Menos que $17,999 | 2, $18,000 - $24,999 | 3, $25,000 - $49,999 | 4, $50,000 - $99,999 | 5, $100,000 - $149,999 | 6, $150,000 o más",,,,,,"([parentself_number_children_study] =  '3'  or [parentself_number_children_study] = '4') and [demographics_parentproxy_continue] = '1'",,,,,,
secondary_caregiver_occupation_child_3,demographics,,text,"La profesión del cuidador secundario de niñ@ 3",,"Indique 'NA' si no es aplicable",,,,,"([parentself_number_children_study] =  '3'  or [parentself_number_children_study] = '4') and [demographics_parentproxy_continue] = '1'",,,,,,
secondary_caregiver_income_child_3,demographics,,dropdown,"Ingresos anuales del cuidador secundario de niñ@ 3","0, No se aplica | 1, Menos que $17,999 | 2, $18,000 - $24,999 | 3, $25,000 - $49,999 | 4, $50,000 - $99,999 | 5, $100,000 - $149,999 | 6, $150,000 o más",,,,,,"([parentself_number_children_study] =  '3'  or [parentself_number_children_study] = '4') and [demographics_parentproxy_continue] = '1'",,,,,,
child_4_race,demographics," ",checkbox,"Raza del niñ@ 4","1, Blanco (no hispano) | 2, Hispano | 3, Asiático-americano | 4, Afroamericano o raza negra | 5, Nativo hawaiano o otro isleño del Pacífico | 6, Indio americano o nativo de Alaska",,,,,,"([parentself_number_children_study] = '4') and [demographics_parentproxy_continue] = '1'",,,,,,
child_4_ethnicity,demographics,,radio,"Etnicidad del niñ@ 4","1, Hispano o Latinx | 0, No Hispano o Latinx",,,,,,"([parentself_number_children_study] = '4') and [demographics_parentproxy_continue] = '1'",,,,,,
child_4_primary_caregiver_race,demographics,,checkbox,"Raza del cuidador principal de niñ@ 4 (elija todos los que se aplican)","1, Blanco (no hispano) | 2, Hispano | 3, Asiático-americano | 4, Afroamericano o raza negra | 5, Nativo hawaiano o otro isleño del Pacífico | 6, Indio americano o nativo de Alaska",,,,,,"([parentself_number_children_study] = '4') and [demographics_parentproxy_continue] = '1'",,,,,,
child_4_primary_caregiver_ethnicity,demographics,,radio,"Etnicidad del cuidador principal de niñ@ 4","1, Hispano o Latinx | 0, No Hispano o Latinx",,,,,,"([parentself_number_children_study] = '4') and [demographics_parentproxy_continue] = '1'",,,,,,
child_4_secondary_caregiver_race,demographics,,checkbox,"Raza del cuidador secundario de niñ@ 4 (elija todos los que se aplican)","1, Blanco (no hispano) | 2, Hispano | 3, Asiático-americano | 4, Afroamericano o raza negra | 5, Nativo hawaiano o otro isleño del Pacífico | 6, Indio americano o nativo de Alaska","no responda sí no le aplica",,,,,"([parentself_number_children_study] = '4') and [demographics_parentproxy_continue] = '1'",,,,,,
child_4_secondary_caregiver_ethnicity,demographics,,radio,"Etnicidad del cuidador secundario de niñ@ 4","1, Hispano o Latinx | 0, No Hispano o Latinx","no responda sí no le aplica",,,,,"([parentself_number_children_study] = '4') and [demographics_parentproxy_continue] = '1'",,,,,,
primary_caregiver_education_child_4,demographics,,radio,"La educación del cuidador principal de niñ@ 4 (elija el nivel más alto completado)","1, Escuela primaria | 2, Escuela secundaria o escuela equivalente | 3, Vocacional/técnica | 4, Alguna universidad | 5, Una licenciatura | 6, Una maestría | 7, Un doctorado | 8, Un título profesional | 9, Otro (Especifique a continuación)",,,,,,"([parentself_number_children_study] = '4') and [demographics_parentproxy_continue] = '1'",,,,,,
primary_caregiver_education_other_child_4,demographics,,text,"Otro (por favor describe)",,"Indique 'NA' si no es aplicable",,,,,"[primary_caregiver_education_child_4] = '9'",,,,,,
secondary_caregiver_education_child_4,demographics,,radio,"La educación del cuidador secundario de niñ@ 4 (elija el nivel más alto completado)","1, Escuela primaria | 2, Escuela secundaria o escuela equivalente | 3, Vocacional/técnica | 4, Alguna universidad | 5, Una licenciatura | 6, Una maestría | 7, Un doctorado | 8, Un título profesional | 9, Otro (Especifique a continuación)",,,,,,"([parentself_number_children_study] = '4') and [demographics_parentproxy_continue] = '1'",,,,,,
secondary_caregiver_education_other_child_4,demographics,,text,"Otro (por favor describe)",,,,,,,"[secondary_caregiver_education_child_4] = '9'",,,,,,
primary_caregiver_age_child_4,demographics,,text,"La edad del cuidador principal de niñ@ 4",,,,,,,"([parentself_number_children_study] = '4') and [demographics_parentproxy_continue] = '1'",,,,,,
secondary_caregiver_age_child_4,demographics,,text,"La edad del cuidador secundario de niñ@ 4",,"Indique 'NA' si no es aplicable",,,,,"([parentself_number_children_study] = '4') and [demographics_parentproxy_continue] = '1'",,,,,,
primary_caregiver_occupation_child_4,demographics,,text,"La profesión del cuidador principal de niñ@ 4",,,,,,,"([parentself_number_children_study] = '4') and [demographics_parentproxy_continue] = '1'",,,,,,
primary_caregiver_income_child_4,demographics,,dropdown,"Ingresos anuales del cuidador principal de niñ@ 4","1, Menos que $17,999 | 2, $18,000 - $24,999 | 3, $25,000 - $49,999 | 4, $50,000 - $99,999 | 5, $100,000 - $149,999 | 6, $150,000 o más",,,,,,"([parentself_number_children_study] = '4') and [demographics_parentproxy_continue] = '1'",,,,,,
secondary_caregiver_occupation_child_4,demographics,,text,"La profesión del cuidador secundario de niñ@ 4",,"Indique 'NA' si no es aplicable",,,,,"([parentself_number_children_study] = '4') and [demographics_parentproxy_continue] = '1'",,,,,,
secondary_caregiver_income_child_4,demographics,,dropdown,"Ingresos anuales del cuidador secundario","0, No se aplica | 1, Menos que $17,999 | 2, $18,000 - $24,999 | 3, $25,000 - $49,999 | 4, $50,000 - $99,999 | 5, $100,000 - $149,999 | 6, $150,000 o más",,,,,,"([parentself_number_children_study] = '4') and [demographics_parentproxy_continue] = '1'",,,,,,
