﻿"Variable / Field Name","Form Name","Section Header","Field Type","Field Label","Choices, Calculations, OR Slider Labels","Field Note","Text Validation Type OR Show Slider Number","Text Validation Min","Text Validation Max",Identifier?,"Branching Logic (Show field only if...)","Required Field?","Custom Alignment","Question Number (surveys only)","Matrix Group Name","Matrix Ranking?","Field Annotation"
five_1_parentself,five,"Indique con qué frecuencia se ha sentido asustado o preocupado por cada una de las siguientes afirmaciones durante la última semana en una escala abajo.",radio,"Tengo miedo a contraer una enfermedad grave o un virus.","0, No estoy asustado o preocupado por esto en absoluto. | 1, Estoy asustado o preocupado por esto algunas veces. | 2, Estoy asustado o preocupado por esto la mayor parte del tiempo. | 3, Estoy asustado o preocupado por esto todo el tiempo.",,,,,,,,,,five_parentself_matrix_1,,
five_2_parentself,five,,radio,"Tengo miedo de enfermarme mucho si me contagio con una enfermedad grave o un virus.","0, No estoy asustado o preocupado por esto en absoluto. | 1, Estoy asustado o preocupado por esto algunas veces. | 2, Estoy asustado o preocupado por esto la mayor parte del tiempo. | 3, Estoy asustado o preocupado por esto todo el tiempo.",,,,,,,,,,five_parentself_matrix_1,,
five_3_parentself,five,,radio,"Tengo miedo de ir al hospital por una enfermedad grave o un virus.","0, No estoy asustado o preocupado por esto en absoluto. | 1, Estoy asustado o preocupado por esto algunas veces. | 2, Estoy asustado o preocupado por esto la mayor parte del tiempo. | 3, Estoy asustado o preocupado por esto todo el tiempo.",,,,,,,,,,five_parentself_matrix_1,,
five_4_parentself,five,,radio,"Tengo miedo a morir si me contagio de una enfermedad grave o un virus.","0, No estoy asustado o preocupado por esto en absoluto. | 1, Estoy asustado o preocupado por esto algunas veces. | 2, Estoy asustado o preocupado por esto la mayor parte del tiempo. | 3, Estoy asustado o preocupado por esto todo el tiempo.",,,,,,,,,,five_parentself_matrix_1,,
five_5_parentself,five,,radio,"Tengo miedo de que mi mascota pueda contraer una enfermedad grave o un virus.","0, No estoy asustado o preocupado por esto en absoluto. | 1, Estoy asustado o preocupado por esto algunas veces. | 2, Estoy asustado o preocupado por esto la mayor parte del tiempo. | 3, Estoy asustado o preocupado por esto todo el tiempo.",,,,,,,,,,five_parentself_matrix_1,,
five_6_parentself,five,,radio,"Tengo miedo de que un miembro de la familia se enferme o muera a causa de una enfermedad grave o un virus.","0, No estoy asustado o preocupado por esto en absoluto. | 1, Estoy asustado o preocupado por esto algunas veces. | 2, Estoy asustado o preocupado por esto la mayor parte del tiempo. | 3, Estoy asustado o preocupado por esto todo el tiempo.",,,,,,,,,,five_parentself_matrix_1,,
five_7_parentself,five,,radio,"Tengo miedo de hacer algo que pueda causar que alguien más contraiga una enfermedad grave o un virus.","0, No estoy asustado o preocupado por esto en absoluto. | 1, Estoy asustado o preocupado por esto algunas veces. | 2, Estoy asustado o preocupado por esto la mayor parte del tiempo. | 3, Estoy asustado o preocupado por esto todo el tiempo.",,,,,,,,,,five_parentself_matrix_1,,
five_8_parentself,five,,radio,"Tengo miedo de que un amigo se enferme o muera a causa de una enfermedad grave o un virus.","0, No estoy asustado o preocupado por esto en absoluto. | 1, Estoy asustado o preocupado por esto algunas veces. | 2, Estoy asustado o preocupado por esto la mayor parte del tiempo. | 3, Estoy asustado o preocupado por esto todo el tiempo.",,,,,,,,,,five_parentself_matrix_1,,
five_9_parentself,five,,radio,"Tengo miedo de que la gente en el mundo se enferme o muera a causa de una enfermedad grave o un virus.","0, No estoy asustado o preocupado por esto en absoluto. | 1, Estoy asustado o preocupado por esto algunas veces. | 2, Estoy asustado o preocupado por esto la mayor parte del tiempo. | 3, Estoy asustado o preocupado por esto todo el tiempo.",,,,,,,,,,five_parentself_matrix_1,,
five_10_parentself,five,,radio,"Tengo miedo a quedarme atrapado en casa debido a una enfermedad grave o un virus.","0, No estoy asustado o preocupado por esto en absoluto. | 1, Estoy asustado o preocupado por esto algunas veces. | 2, Estoy asustado o preocupado por esto la mayor parte del tiempo. | 3, Estoy asustado o preocupado por esto todo el tiempo.",,,,,,,,,,five_parentself_matrix_1,,
five_11_parentself,five,,radio,"Tengo miedo a que me resulte difícil hacer las cosas que me gustan debido a una enfermedad grave o un virus.","0, No estoy asustado o preocupado por esto en absoluto. | 1, Estoy asustado o preocupado por esto algunas veces. | 2, Estoy asustado o preocupado por esto la mayor parte del tiempo. | 3, Estoy asustado o preocupado por esto todo el tiempo.",,,,,,,,,,five_parentself_matrix_1,,
five_12_parentself,five,,radio,"Tengo miedo a perder mucho trabajo debido a una enfermedad grave o un virus.","0, No estoy asustado o preocupado por esto en absoluto. | 1, Estoy asustado o preocupado por esto algunas veces. | 2, Estoy asustado o preocupado por esto la mayor parte del tiempo. | 3, Estoy asustado o preocupado por esto todo el tiempo.",,,,,,,,,,five_parentself_matrix_1,,
five_13_parentself,five,,radio,"Tengo miedo a no poder ver a mis amigos (durante mucho tiempo) debido a una enfermedad grave o a un virus.","0, No estoy asustado o preocupado por esto en absoluto. | 1, Estoy asustado o preocupado por esto algunas veces. | 2, Estoy asustado o preocupado por esto la mayor parte del tiempo. | 3, Estoy asustado o preocupado por esto todo el tiempo.",,,,,,,,,,five_parentself_matrix_1,,
five_14_parentself,five,,radio,"Tengo miedo a perder mi trabajo debido a una enfermedad grave o un virus.","0, No estoy asustado o preocupado por esto en absoluto. | 1, Estoy asustado o preocupado por esto algunas veces. | 2, Estoy asustado o preocupado por esto la mayor parte del tiempo. | 3, Estoy asustado o preocupado por esto todo el tiempo.",,,,,,,,,,five_parentself_matrix_1,,
five_15_parentself,five,,radio,"Tengo miedo a perder a mis amigos debido a una enfermedad grave o un virus.","0, No estoy asustado o preocupado por esto en absoluto. | 1, Estoy asustado o preocupado por esto algunas veces. | 2, Estoy asustado o preocupado por esto la mayor parte del tiempo. | 3, Estoy asustado o preocupado por esto todo el tiempo.",,,,,,,,,,five_parentself_matrix_1,,
five_16_parentself,five,,radio,"Tengo miedo a estar triste y solo debido a una enfermedad grave o un virus.","0, No estoy asustado o preocupado por esto en absoluto. | 1, Estoy asustado o preocupado por esto algunas veces. | 2, Estoy asustado o preocupado por esto la mayor parte del tiempo. | 3, Estoy asustado o preocupado por esto todo el tiempo.",,,,,,,,,,five_parentself_matrix_1,,
five_17_parentself,five,,radio,"Tengo miedo a no poder celebrar cosas importantes (por ejemplo, una boda, un cumpleaños, etc.) debido a una enfermedad grave o un virus.","0, No estoy asustado o preocupado por esto en absoluto. | 1, Estoy asustado o preocupado por esto algunas veces. | 2, Estoy asustado o preocupado por esto la mayor parte del tiempo. | 3, Estoy asustado o preocupado por esto todo el tiempo.",,,,,,,,,,five_parentself_matrix_1,,
five_18_parentself,five,,radio,"Tengo miedo a no tener suficiente comida o suministros debido a una enfermedad grave o un virus.","0, No estoy asustado o preocupado por esto en absoluto. | 1, Estoy asustado o preocupado por esto algunas veces. | 2, Estoy asustado o preocupado por esto la mayor parte del tiempo. | 3, Estoy asustado o preocupado por esto todo el tiempo.",,,,,,,,,,five_parentself_matrix_1,,
five_19_parentself,five,,radio,"Tengo miedo a no tener suficiente dinero para pagar mis facturas o cuidar de mi familia debido a una enfermedad grave o un virus.","0, No estoy asustado o preocupado por esto en absoluto. | 1, Estoy asustado o preocupado por esto algunas veces. | 2, Estoy asustado o preocupado por esto la mayor parte del tiempo. | 3, Estoy asustado o preocupado por esto todo el tiempo.",,,,,,,,,,five_parentself_matrix_1,,
five_20_parentself,five,"Ahora por favor indique con que frecuencia ha hecho las siguientes cosas durante la última semana en esta escala abajo.",radio,"Me mantengo alejado de la gente (excepto de los que viven en mi casa).","0, No he hecho esto en la última semana. | 1, He hecho esto algunas veces en la última semana. | 2, He hecho esto la mayor parte del tiempo en la última semana. | 3, He hecho esto todo el tiempo en la última semana.",,,,,,,,,,five_parentself_matrix_2,,
five_21_parentself,five,,radio,"Le pregunto a la gente si están enfermos.","0, No he hecho esto en la última semana. | 1, He hecho esto algunas veces en la última semana. | 2, He hecho esto la mayor parte del tiempo en la última semana. | 3, He hecho esto todo el tiempo en la última semana.",,,,,,,,,,five_parentself_matrix_2,,
five_22_parentself,five,,radio,"Evito las noticias o la información sobre enfermedades graves o virus.","0, No he hecho esto en la última semana. | 1, He hecho esto algunas veces en la última semana. | 2, He hecho esto la mayor parte del tiempo en la última semana. | 3, He hecho esto todo el tiempo en la última semana.",,,,,,,,,,five_parentself_matrix_2,,
five_23_parentself,five,,radio,"Me lavo las manos a veces, no sólo después de usar el baño o antes de comer.","0, No he hecho esto en la última semana. | 1, He hecho esto algunas veces en la última semana. | 2, He hecho esto la mayor parte del tiempo en la última semana. | 3, He hecho esto todo el tiempo en la última semana.",,,,,,,,,,five_parentself_matrix_2,,
five_24_parentself,five,,radio,"Llevo mascarilla o equipos de protección (por ejemplo, guantes, algo para cubrir mi ropa).","0, No he hecho esto en la última semana. | 1, He hecho esto algunas veces en la última semana. | 2, He hecho esto la mayor parte del tiempo en la última semana. | 3, He hecho esto todo el tiempo en la última semana.",,,,,,,,,,five_parentself_matrix_2,,
five_25_parentself,five,,radio,"Uso gel de alcohol/otros desinfectantes.","0, No he hecho esto en la última semana. | 1, He hecho esto algunas veces en la última semana. | 2, He hecho esto la mayor parte del tiempo en la última semana. | 3, He hecho esto todo el tiempo en la última semana.",,,,,,,,,,five_parentself_matrix_2,,
five_26_parentself,five,,radio,"Uso limpiadores para limpiar las superficies.","0, No he hecho esto en la última semana. | 1, He hecho esto algunas veces en la última semana. | 2, He hecho esto la mayor parte del tiempo en la última semana. | 3, He hecho esto todo el tiempo en la última semana.",,,,,,,,,,five_parentself_matrix_2,,
five_27_parentself,five,,radio,"Evito tocar las cosas (por ejemplo, el teléfono, las agarraderas de las puertas).","0, No he hecho esto en la última semana. | 1, He hecho esto algunas veces en la última semana. | 2, He hecho esto la mayor parte del tiempo en la última semana. | 3, He hecho esto todo el tiempo en la última semana.",,,,,,,,,,five_parentself_matrix_2,,
five_28_parentself,five,,radio,"Evito tocar a la gente (por ejemplo, abrazarla, darle la mano).","0, No he hecho esto en la última semana. | 1, He hecho esto algunas veces en la última semana. | 2, He hecho esto la mayor parte del tiempo en la última semana. | 3, He hecho esto todo el tiempo en la última semana.",,,,,,,,,,five_parentself_matrix_2,,
five_29_parentself,five,,radio,"Busco en Internet las novedades sobre enfermedades o virus.","0, No he hecho esto en la última semana. | 1, He hecho esto algunas veces en la última semana. | 2, He hecho esto la mayor parte del tiempo en la última semana. | 3, He hecho esto todo el tiempo en la última semana.",,,,,,,,,,five_parentself_matrix_2,,
five_30_parentself,five,,radio,"Uso los medios sociales, FaceTime, etc. para estar conectado con mis amigos","0, No he hecho esto en la última semana. | 1, He hecho esto algunas veces en la última semana. | 2, He hecho esto la mayor parte del tiempo en la última semana. | 3, He hecho esto todo el tiempo en la última semana.",,,,,,,,,,five_parentself_matrix_2,,
five_31_parentself,five,,radio,"Hago ejercicio al aire libre.","0, No he hecho esto en la última semana. | 1, He hecho esto algunas veces en la última semana. | 2, He hecho esto la mayor parte del tiempo en la última semana. | 3, He hecho esto todo el tiempo en la última semana.",,,,,,,,,,five_parentself_matrix_2,,
five_32_parentself,five,,radio,"Me mantengo alejado de la gente dentro de mi casa (por ejemplo, me quedo en otra habitación o a cierta distancia).","0, No he hecho esto en la última semana. | 1, He hecho esto algunas veces en la última semana. | 2, He hecho esto la mayor parte del tiempo en la última semana. | 3, He hecho esto todo el tiempo en la última semana.",,,,,,,,,,five_parentself_matrix_2,,
five_33_parentself,five,,radio,"Trabajo o hago mi trabajo en un computadora","0, No he hecho esto en la última semana. | 1, He hecho esto algunas veces en la última semana. | 2, He hecho esto la mayor parte del tiempo en la última semana. | 3, He hecho esto todo el tiempo en la última semana.",,,,,,,,,,five_parentself_matrix_2,,
five_34_parentself,five,"Para los dos siguientes artículos por favor indique cómo de verdadera es la afirmación en la siguiente escala:",radio,"Durante la última semana, el miedo a una enfermedad o a un virus me ha hecho sentir emociones fuertes (por ejemplo, ansiedad, tristeza, sentimientos de irritabilidad).","0, No es cierto para mí en absoluto. | 1, Algo cierto. | 2, La mayoría de las veces es cierto. | 3, Totalmente cierto.",,,,,,,,,,five_parentself_matrix_3,,
attention_check_1,five,,radio,"Para asegurarse de que está prestando atención completa a este estudio, seleccione la opción 2, ""Algo cierto""","0, No es cierto para mí en absoluto. | 1, Algo cierto. | 2, La mayoría de las veces es cierto. | 3, Totalmente cierto.",,,,,,,,,,five_parentself_matrix_3,,
five_35_parentself,five,,radio,"Durante la última semana, el miedo a una enfermedad o a un virus se ha convertido en un obstáculo para disfrutar mi vida (por ejemplo, provocó peleas en mi casa, me impidió conectarme con los demás, me hizo sentir aislado o desesperado sobre el futuro, etc.).","0, No es cierto para mí en absoluto. | 1, Algo cierto. | 2, La mayoría de las veces es cierto. | 3, Totalmente cierto.",,,,,,,,,,five_parentself_matrix_3,,
five_1_parentproxy_child_1,five,"Las siguientes preguntas se aplican a Niñ@ 1.

Indique con qué frecuencia su hij@ se ha sentido asustado o preocupado por cada una de las siguientes afirmaciones durante la última semana en una escala abajo.",radio,"Mi hij@ tiene miedo a contraer una enfermedad grave o un virus.","0, Mi hij@ no se ha sentido asustado o preocupado por esto en absoluto. | 1, Mi hij@ se ha sentido asustado o preocupado por esto algunas veces. | 2, Mi hij@ se ha sentido asustado o preocupado por esto la mayor parte del tiempo. | 3, Mi hij@ se ha sentido asustado o preocupado por esto todo el tiempo.",,,,,,,,,,five_parentproxy_matrix_1_child_1,,
five_2_parentproxy_child_1,five,,radio,"Mi hij@ tiene miedo de ponerse muy enfermo si se contagia con una enfermedad grave o un virus.","0, Mi hij@ no se ha sentido asustado o preocupado por esto en absoluto. | 1, Mi hij@ se ha sentido asustado o preocupado por esto algunas veces. | 2, Mi hij@ se ha sentido asustado o preocupado por esto la mayor parte del tiempo. | 3, Mi hij@ se ha sentido asustado o preocupado por esto todo el tiempo.",,,,,,,,,,five_parentproxy_matrix_1_child_1,,
five_3_parentproxy_child_1,five,,radio,"Mi hij@ tiene miedo de ir al hospital por una enfermedad grave o un virus.","0, Mi hij@ no se ha sentido asustado o preocupado por esto en absoluto. | 1, Mi hij@ se ha sentido asustado o preocupado por esto algunas veces. | 2, Mi hij@ se ha sentido asustado o preocupado por esto la mayor parte del tiempo. | 3, Mi hij@ se ha sentido asustado o preocupado por esto todo el tiempo.",,,,,,,,,,five_parentproxy_matrix_1_child_1,,
five_4_parentproxy_child_1,five,,radio,"Mi hij@ tiene miedo a morir si se contagia de una enfermedad grave o un virus.","0, Mi hij@ no se ha sentido asustado o preocupado por esto en absoluto. | 1, Mi hij@ se ha sentido asustado o preocupado por esto algunas veces. | 2, Mi hij@ se ha sentido asustado o preocupado por esto la mayor parte del tiempo. | 3, Mi hij@ se ha sentido asustado o preocupado por esto todo el tiempo.",,,,,,,,,,five_parentproxy_matrix_1_child_1,,
five_5_parentproxy_child_1,five,,radio,"Mi hij@ tiene miedo de que su mascota pueda contraer una enfermedad grave o un virus.","0, Mi hij@ no se ha sentido asustado o preocupado por esto en absoluto. | 1, Mi hij@ se ha sentido asustado o preocupado por esto algunas veces. | 2, Mi hij@ se ha sentido asustado o preocupado por esto la mayor parte del tiempo. | 3, Mi hij@ se ha sentido asustado o preocupado por esto todo el tiempo.",,,,,,,,,,five_parentproxy_matrix_1_child_1,,
five_6_parentproxy_child_1,five,,radio,"Mi hij@ tiene miedo de que un miembro de la familia se enferme o muera a causa de una enfermedad grave o un virus.","0, Mi hij@ no se ha sentido asustado o preocupado por esto en absoluto. | 1, Mi hij@ se ha sentido asustado o preocupado por esto algunas veces. | 2, Mi hij@ se ha sentido asustado o preocupado por esto la mayor parte del tiempo. | 3, Mi hij@ se ha sentido asustado o preocupado por esto todo el tiempo.",,,,,,,,,,five_parentproxy_matrix_1_child_1,,
five_7_parentproxy_child_1,five,,radio,"Mi hij@ tiene miedo de hacer algo que pueda causar que alguien más contraiga una enfermedad grave o un virus.","0, Mi hij@ no se ha sentido asustado o preocupado por esto en absoluto. | 1, Mi hij@ se ha sentido asustado o preocupado por esto algunas veces. | 2, Mi hij@ se ha sentido asustado o preocupado por esto la mayor parte del tiempo. | 3, Mi hij@ se ha sentido asustado o preocupado por esto todo el tiempo.",,,,,,,,,,five_parentproxy_matrix_1_child_1,,
five_8_parentproxy_child_1,five,,radio,"Mi hij@ tiene miedo de que un amigo se enferme o muera a causa de una enfermedad grave o un virus.","0, Mi hij@ no se ha sentido asustado o preocupado por esto en absoluto. | 1, Mi hij@ se ha sentido asustado o preocupado por esto algunas veces. | 2, Mi hij@ se ha sentido asustado o preocupado por esto la mayor parte del tiempo. | 3, Mi hij@ se ha sentido asustado o preocupado por esto todo el tiempo.",,,,,,,,,,five_parentproxy_matrix_1_child_1,,
five_9_parentproxy_child_1,five,,radio,"Mi hij@ tiene miedo de que la gente en el mundo se enferme o muera a causa de una enfermedad grave o un virus.","0, Mi hij@ no se ha sentido asustado o preocupado por esto en absoluto. | 1, Mi hij@ se ha sentido asustado o preocupado por esto algunas veces. | 2, Mi hij@ se ha sentido asustado o preocupado por esto la mayor parte del tiempo. | 3, Mi hij@ se ha sentido asustado o preocupado por esto todo el tiempo.",,,,,,,,,,five_parentproxy_matrix_1_child_1,,
five_10_parentproxy_child_1,five,,radio,"Mi hij@ tiene miedo a quedarse atrapado en casa debido a una enfermedad grave o un virus.","0, Mi hij@ no se ha sentido asustado o preocupado por esto en absoluto. | 1, Mi hij@ se ha sentido asustado o preocupado por esto algunas veces. | 2, Mi hij@ se ha sentido asustado o preocupado por esto la mayor parte del tiempo. | 3, Mi hij@ se ha sentido asustado o preocupado por esto todo el tiempo.",,,,,,,,,,five_parentproxy_matrix_1_child_1,,
five_11_parentproxy_child_1,five,,radio,"Mi hij@ tiene miedo a que le resulte difícil hacer las cosas que le gustan debido a una enfermedad grave o un virus.","0, Mi hij@ no se ha sentido asustado o preocupado por esto en absoluto. | 1, Mi hij@ se ha sentido asustado o preocupado por esto algunas veces. | 2, Mi hij@ se ha sentido asustado o preocupado por esto la mayor parte del tiempo. | 3, Mi hij@ se ha sentido asustado o preocupado por esto todo el tiempo.",,,,,,,,,,five_parentproxy_matrix_1_child_1,,
five_12_parentproxy_child_1,five,,radio,"Mi hij@ tiene miedo a perder mucha escuela debido a una enfermedad grave o un virus.","0, Mi hij@ no se ha sentido asustado o preocupado por esto en absoluto. | 1, Mi hij@ se ha sentido asustado o preocupado por esto algunas veces. | 2, Mi hij@ se ha sentido asustado o preocupado por esto la mayor parte del tiempo. | 3, Mi hij@ se ha sentido asustado o preocupado por esto todo el tiempo.",,,,,,,,,,five_parentproxy_matrix_1_child_1,,
five_13_parentproxy_child_1,five,,radio,"Mi hij@ tiene miedo a no poder ver a sus amigos (durante mucho tiempo) debido a una enfermedad grave o a un virus.","0, Mi hij@ no se ha sentido asustado o preocupado por esto en absoluto. | 1, Mi hij@ se ha sentido asustado o preocupado por esto algunas veces. | 2, Mi hij@ se ha sentido asustado o preocupado por esto la mayor parte del tiempo. | 3, Mi hij@ se ha sentido asustado o preocupado por esto todo el tiempo.",,,,,,,,,,five_parentproxy_matrix_1_child_1,,
five_14_parentproxy_child_1,five,,radio,"Mi hij@ tiene miedo a que le vaya mal en la escuela debido a una enfermedad grave o un virus.","0, Mi hij@ no se ha sentido asustado o preocupado por esto en absoluto. | 1, Mi hij@ se ha sentido asustado o preocupado por esto algunas veces. | 2, Mi hij@ se ha sentido asustado o preocupado por esto la mayor parte del tiempo. | 3, Mi hij@ se ha sentido asustado o preocupado por esto todo el tiempo.",,,,,,,,,,five_parentproxy_matrix_1_child_1,,
five_15_parentproxy_child_1,five,,radio,"Mi hij@ tiene miedo a perder a sus amigos debido a una enfermedad grave o un virus.","0, Mi hij@ no se ha sentido asustado o preocupado por esto en absoluto. | 1, Mi hij@ se ha sentido asustado o preocupado por esto algunas veces. | 2, Mi hij@ se ha sentido asustado o preocupado por esto la mayor parte del tiempo. | 3, Mi hij@ se ha sentido asustado o preocupado por esto todo el tiempo.",,,,,,,,,,five_parentproxy_matrix_1_child_1,,
five_16_parentproxy_child_1,five,,radio,"Mi hij@ tiene miedo a estar triste y solo debido a una enfermedad grave o un virus.","0, Mi hij@ no se ha sentido asustado o preocupado por esto en absoluto. | 1, Mi hij@ se ha sentido asustado o preocupado por esto algunas veces. | 2, Mi hij@ se ha sentido asustado o preocupado por esto la mayor parte del tiempo. | 3, Mi hij@ se ha sentido asustado o preocupado por esto todo el tiempo.",,,,,,,,,,five_parentproxy_matrix_1_child_1,,
five_17_parentproxy_child_1,five,,radio,"Mi hij@ tiene miedo a no poder celebrar cosas importantes (por ejemplo, una graduación, un cumpleaños, etc.) debido a una enfermedad grave o un virus.","0, Mi hij@ no se ha sentido asustado o preocupado por esto en absoluto. | 1, Mi hij@ se ha sentido asustado o preocupado por esto algunas veces. | 2, Mi hij@ se ha sentido asustado o preocupado por esto la mayor parte del tiempo. | 3, Mi hij@ se ha sentido asustado o preocupado por esto todo el tiempo.",,,,,,,,,,five_parentproxy_matrix_1_child_1,,
five_18_parentproxy_child_1,five,,radio,"Mi hij@ tiene miedo a no tener suficiente comida para comer debido a una enfermedad grave o un virus.","0, Mi hij@ no se ha sentido asustado o preocupado por esto en absoluto. | 1, Mi hij@ se ha sentido asustado o preocupado por esto algunas veces. | 2, Mi hij@ se ha sentido asustado o preocupado por esto la mayor parte del tiempo. | 3, Mi hij@ se ha sentido asustado o preocupado por esto todo el tiempo.",,,,,,,,,,five_parentproxy_matrix_1_child_1,,
five_19_parentproxy_child_1,five,,radio,"Mi hij@ tiene miedo a que nuestra familia no tenga suficiente dinero debido a una enfermedad grave o un virus.","0, Mi hij@ no se ha sentido asustado o preocupado por esto en absoluto. | 1, Mi hij@ se ha sentido asustado o preocupado por esto algunas veces. | 2, Mi hij@ se ha sentido asustado o preocupado por esto la mayor parte del tiempo. | 3, Mi hij@ se ha sentido asustado o preocupado por esto todo el tiempo.",,,,,,,,,,five_parentproxy_matrix_1_child_1,,
five_20_parentproxy_child_1,five,"Las siguientes preguntas se aplican a Niñ@ 1.

Ahora por favor indique con qué frecuencia su hij@ ha hecho las siguientes cosas durante la última semana en esta escala abajo",radio,"Mi hij@ se mantiene alejado de la gente (excepto de los que viven en nuestra casa).","0, Mi hij@ no ha hecho esto en la última semana. | 1, Mi hij@ ha hecho esto algunas veces en la última semana. | 2, Mi hij@ ha hecho esto la mayor parte del tiempo en la última semana. | 3, Mi hij@ ha hecho esto todo el tiempo en la última semana.",,,,,,,,,,five_parentproxy_matrix_2_child_1,,
five_21_parentproxy_child_1,five,,radio,"Mi hij@ le pregunta a la gente si están enfermos.","0, Mi hij@ no ha hecho esto en la última semana. | 1, Mi hij@ ha hecho esto algunas veces en la última semana. | 2, Mi hij@ ha hecho esto la mayor parte del tiempo en la última semana. | 3, Mi hij@ ha hecho esto todo el tiempo en la última semana.",,,,,,,,,,five_parentproxy_matrix_2_child_1,,
five_22_parentproxy_child_1,five,,radio,"Mi hij@ evita las noticias o la información sobre enfermedades graves o virus.","0, Mi hij@ no ha hecho esto en la última semana. | 1, Mi hij@ ha hecho esto algunas veces en la última semana. | 2, Mi hij@ ha hecho esto la mayor parte del tiempo en la última semana. | 3, Mi hij@ ha hecho esto todo el tiempo en la última semana.",,,,,,,,,,five_parentproxy_matrix_2_child_1,,
five_23_parentproxy_child_1,five,,radio,"Mi hij@ se lava las manos con frecuencia, no sólo después de usar el baño o antes de comer.","0, Mi hij@ no ha hecho esto en la última semana. | 1, Mi hij@ ha hecho esto algunas veces en la última semana. | 2, Mi hij@ ha hecho esto la mayor parte del tiempo en la última semana. | 3, Mi hij@ ha hecho esto todo el tiempo en la última semana.",,,,,,,,,,five_parentproxy_matrix_2_child_1,,
five_24_parentproxy_child_1,five,,radio,"Mi hij@ lleva mascarilla o equipos de protección (por ejemplo, guantes, algo para cubrir la ropa).","0, Mi hij@ no ha hecho esto en la última semana. | 1, Mi hij@ ha hecho esto algunas veces en la última semana. | 2, Mi hij@ ha hecho esto la mayor parte del tiempo en la última semana. | 3, Mi hij@ ha hecho esto todo el tiempo en la última semana.",,,,,,,,,,five_parentproxy_matrix_2_child_1,,
five_25_parentproxy_child_1,five,,radio,"Mi hij@ usa algún tipo de desinfectante (por ejemplo gel o solución hidroalcohólica, u otro desinfectante).","0, Mi hij@ no ha hecho esto en la última semana. | 1, Mi hij@ ha hecho esto algunas veces en la última semana. | 2, Mi hij@ ha hecho esto la mayor parte del tiempo en la última semana. | 3, Mi hij@ ha hecho esto todo el tiempo en la última semana.",,,,,,,,,,five_parentproxy_matrix_2_child_1,,
five_26_parentproxy_child_1,five,,radio,"Mi hij@ usa productos desinfectantes para limpiar las superficies.","0, Mi hij@ no ha hecho esto en la última semana. | 1, Mi hij@ ha hecho esto algunas veces en la última semana. | 2, Mi hij@ ha hecho esto la mayor parte del tiempo en la última semana. | 3, Mi hij@ ha hecho esto todo el tiempo en la última semana.",,,,,,,,,,five_parentproxy_matrix_2_child_1,,
five_27_parentproxy_child_1,five,,radio,"Mi hij@ evita tocar las cosas (por ejemplo, el teléfono, las agarraderas de las puertas).","0, Mi hij@ no ha hecho esto en la última semana. | 1, Mi hij@ ha hecho esto algunas veces en la última semana. | 2, Mi hij@ ha hecho esto la mayor parte del tiempo en la última semana. | 3, Mi hij@ ha hecho esto todo el tiempo en la última semana.",,,,,,,,,,five_parentproxy_matrix_2_child_1,,
five_28_parentproxy_child_1,five,,radio,"Mi hij@ evita tocar a la gente (por ejemplo, abrazarla, darle la mano).","0, Mi hij@ no ha hecho esto en la última semana. | 1, Mi hij@ ha hecho esto algunas veces en la última semana. | 2, Mi hij@ ha hecho esto la mayor parte del tiempo en la última semana. | 3, Mi hij@ ha hecho esto todo el tiempo en la última semana.",,,,,,,,,,five_parentproxy_matrix_2_child_1,,
five_29_parentproxy_child_1,five,,radio,"Mi hij@ busca en Internet información sobre enfermedades o virus.","0, Mi hij@ no ha hecho esto en la última semana. | 1, Mi hij@ ha hecho esto algunas veces en la última semana. | 2, Mi hij@ ha hecho esto la mayor parte del tiempo en la última semana. | 3, Mi hij@ ha hecho esto todo el tiempo en la última semana.",,,,,,,,,,five_parentproxy_matrix_2_child_1,,
five_30_parentproxy_child_1,five,,radio,"Mi hij@ usa los medios de comunicación social (por ejemplo, WhatsApp, FaceTime, Skype, etc.) para estar conectado con sus amigos.","0, Mi hij@ no ha hecho esto en la última semana. | 1, Mi hij@ ha hecho esto algunas veces en la última semana. | 2, Mi hij@ ha hecho esto la mayor parte del tiempo en la última semana. | 3, Mi hij@ ha hecho esto todo el tiempo en la última semana.",,,,,,,,,,five_parentproxy_matrix_2_child_1,,
five_31_parentproxy_child_1,five,,radio,"Mi hij@ hace ejercicio o juega al aire libre.","0, Mi hij@ no ha hecho esto en la última semana. | 1, Mi hij@ ha hecho esto algunas veces en la última semana. | 2, Mi hij@ ha hecho esto la mayor parte del tiempo en la última semana. | 3, Mi hij@ ha hecho esto todo el tiempo en la última semana.",,,,,,,,,,five_parentproxy_matrix_2_child_1,,
five_32_parentproxy_child_1,five,,radio,"Mi hij@ se mantiene alejado de la gente dentro de nuestra casa (por ejemplo, se queda en otra habitación o a cierta distancia).","0, Mi hij@ no ha hecho esto en la última semana. | 1, Mi hij@ ha hecho esto algunas veces en la última semana. | 2, Mi hij@ ha hecho esto la mayor parte del tiempo en la última semana. | 3, Mi hij@ ha hecho esto todo el tiempo en la última semana.",,,,,,,,,,five_parentproxy_matrix_2_child_1,,
five_33_parentproxy_child_1,five,,radio,"Mi hij@ hace su tarea en una computadora","0, Mi hij@ no ha hecho esto en la última semana. | 1, Mi hij@ ha hecho esto algunas veces en la última semana. | 2, Mi hij@ ha hecho esto la mayor parte del tiempo en la última semana. | 3, Mi hij@ ha hecho esto todo el tiempo en la última semana.",,,,,,,,,,five_parentproxy_matrix_2_child_1,,
five_34_parentproxy_child_1,five,"Las siguientes preguntas se aplican a Niñ@ 1.

Para los dos siguientes artículos, por favor indique cómo de verdadera es la afirmación para su hij@ en la siguiente escala:",radio,"Durante la última semana, el miedo a una enfermedad o a un virus ha hecho a mi hij@ sentir emociones fuertes (por ejemplo, ansiedad, tristeza, sentimientos de irritabilidad).","0, Mi hij@ no ha hecho esto en la semana pasada. | 1, Mi hij@ hizo esto algunas veces la semana pasada. | 2, Mi hij@ hizo esto la mayor parte del tiempo la semana pasada. | 3, Mi hij@ hizo esto todo el tiempo la semana pasada.",,,,,,,,,,five_parentproxy_matrix_3_child_1,,
five_35_parentproxy_child_1,five,,radio,"Durante la última semana, el miedo a una enfermedad o a un virus se ha convertido en un obstáculo para que mi hij@ disfrute de su vida (por ejemplo, provocó peleas en casa, le impidió conectarse con los demás, le hizo sentir aislado o desesperado sobre el futuro, etc.).","0, Mi hij@ no ha hecho esto en la semana pasada. | 1, Mi hij@ hizo esto algunas veces la semana pasada. | 2, Mi hij@ hizo esto la mayor parte del tiempo la semana pasada. | 3, Mi hij@ hizo esto todo el tiempo la semana pasada.",,,,,,,,,,five_parentproxy_matrix_3_child_1,,
five_parentproxy_continue,five,,radio,"¿Algunas de estas respuestas son diferentes para sus otros hijos?

(Solo para los niños que estas completando el cuestionario)","1, Sí | 0, No",,,,,,"[parentself_number_children_study] = '2' or [parentself_number_children_study] = '3' or [parentself_number_children_study] = '4'",,,,,,
five_parentproxy_continue_instructions,five,,descriptive,"Por favor rellene las secciones que son diferentes para sus otros hijos (puede dejar las secciones que son las mismas entre los niños en blanco si lo desea).",,,,,,,"[five_parentproxy_continue] = '1'",,,,,,
five_1_parentproxy_child_2,five,"Las siguientes preguntas se aplican a Niñ@ 2.

Indique con qué frecuencia su hij@ se ha sentido asustado o preocupado por cada una de las siguientes afirmaciones durante la última semana en una escala abajo.",radio,"Mi hij@ tiene miedo a contraer una enfermedad grave o un virus.","0, Mi hij@ no ha hecho esto en la semana pasada. | 1, Mi hij@ hizo esto algunas veces la semana pasada. | 2, Mi hij@ hizo esto la mayor parte del tiempo la semana pasada. | 3, Mi hij@ hizo esto todo el tiempo la semana pasada.",,,,,,"([parentself_number_children_study] = '2'  or [parentself_number_children_study] = '3'  or [parentself_number_children_study] = '4') and [five_parentproxy_continue] = '1'",,,,five_parentproxy_matrix_1_child_2,,
five_2_parentproxy_child_2,five,,radio,"Mi hij@ tiene miedo de ponerse muy enfermo si se contagia con una enfermedad grave o un virus.","0, Mi hij@ no ha hecho esto en la semana pasada. | 1, Mi hij@ hizo esto algunas veces la semana pasada. | 2, Mi hij@ hizo esto la mayor parte del tiempo la semana pasada. | 3, Mi hij@ hizo esto todo el tiempo la semana pasada.",,,,,,"([parentself_number_children_study] = '2'  or [parentself_number_children_study] = '3'  or [parentself_number_children_study] = '4') and [five_parentproxy_continue] = '1'",,,,five_parentproxy_matrix_1_child_2,,
five_3_parentproxy_child_2,five,,radio,"Mi hij@ tiene miedo de ir al hospital por una enfermedad grave o un virus.","0, Mi hij@ no ha hecho esto en la semana pasada. | 1, Mi hij@ hizo esto algunas veces la semana pasada. | 2, Mi hij@ hizo esto la mayor parte del tiempo la semana pasada. | 3, Mi hij@ hizo esto todo el tiempo la semana pasada.",,,,,,"([parentself_number_children_study] = '2'  or [parentself_number_children_study] = '3'  or [parentself_number_children_study] = '4') and [five_parentproxy_continue] = '1'",,,,five_parentproxy_matrix_1_child_2,,
five_4_parentproxy_child_2,five,,radio,"Mi hij@ tiene miedo a morir si se contagia de una enfermedad grave o un virus.","0, Mi hij@ no ha hecho esto en la semana pasada. | 1, Mi hij@ hizo esto algunas veces la semana pasada. | 2, Mi hij@ hizo esto la mayor parte del tiempo la semana pasada. | 3, Mi hij@ hizo esto todo el tiempo la semana pasada.",,,,,,"([parentself_number_children_study] = '2'  or [parentself_number_children_study] = '3'  or [parentself_number_children_study] = '4') and [five_parentproxy_continue] = '1'",,,,five_parentproxy_matrix_1_child_2,,
five_5_parentproxy_child_2,five,,radio,"Mi hij@ tiene miedo de que su mascota pueda contraer una enfermedad grave o un virus.","0, Mi hij@ no ha hecho esto en la semana pasada. | 1, Mi hij@ hizo esto algunas veces la semana pasada. | 2, Mi hij@ hizo esto la mayor parte del tiempo la semana pasada. | 3, Mi hij@ hizo esto todo el tiempo la semana pasada.",,,,,,"([parentself_number_children_study] = '2'  or [parentself_number_children_study] = '3'  or [parentself_number_children_study] = '4') and [five_parentproxy_continue] = '1'",,,,five_parentproxy_matrix_1_child_2,,
five_6_parentproxy_child_2,five,,radio,"Mi hij@ tiene miedo de que un miembro de la familia se enferme o muera a causa de una enfermedad grave o un virus.","0, Mi hij@ no ha hecho esto en la semana pasada. | 1, Mi hij@ hizo esto algunas veces la semana pasada. | 2, Mi hij@ hizo esto la mayor parte del tiempo la semana pasada. | 3, Mi hij@ hizo esto todo el tiempo la semana pasada.",,,,,,"([parentself_number_children_study] = '2'  or [parentself_number_children_study] = '3'  or [parentself_number_children_study] = '4') and [five_parentproxy_continue] = '1'",,,,five_parentproxy_matrix_1_child_2,,
five_7_parentproxy_child_2,five,,radio,"Mi hij@ tiene miedo de hacer algo que pueda causar que alguien más contraiga una enfermedad grave o un virus.","0, Mi hij@ no ha hecho esto en la semana pasada. | 1, Mi hij@ hizo esto algunas veces la semana pasada. | 2, Mi hij@ hizo esto la mayor parte del tiempo la semana pasada. | 3, Mi hij@ hizo esto todo el tiempo la semana pasada.",,,,,,"([parentself_number_children_study] = '2'  or [parentself_number_children_study] = '3'  or [parentself_number_children_study] = '4') and [five_parentproxy_continue] = '1'",,,,five_parentproxy_matrix_1_child_2,,
five_8_parentproxy_child_2,five,,radio,"Mi hij@ tiene miedo de que un amigo se enferme o muera a causa de una enfermedad grave o un virus.","0, Mi hij@ no ha hecho esto en la semana pasada. | 1, Mi hij@ hizo esto algunas veces la semana pasada. | 2, Mi hij@ hizo esto la mayor parte del tiempo la semana pasada. | 3, Mi hij@ hizo esto todo el tiempo la semana pasada.",,,,,,"([parentself_number_children_study] = '2'  or [parentself_number_children_study] = '3'  or [parentself_number_children_study] = '4') and [five_parentproxy_continue] = '1'",,,,five_parentproxy_matrix_1_child_2,,
five_9_parentproxy_child_2,five,,radio,"Mi hij@ tiene miedo de que la gente en el mundo se enferme o muera a causa de una enfermedad grave o un virus.","0, Mi hij@ no ha hecho esto en la semana pasada. | 1, Mi hij@ hizo esto algunas veces la semana pasada. | 2, Mi hij@ hizo esto la mayor parte del tiempo la semana pasada. | 3, Mi hij@ hizo esto todo el tiempo la semana pasada.",,,,,,"([parentself_number_children_study] = '2'  or [parentself_number_children_study] = '3'  or [parentself_number_children_study] = '4') and [five_parentproxy_continue] = '1'",,,,five_parentproxy_matrix_1_child_2,,
five_10_parentproxy_child_2,five,,radio,"Mi hij@ tiene miedo a quedarse atrapado en casa debido a una enfermedad grave o un virus.","0, Mi hij@ no ha hecho esto en la semana pasada. | 1, Mi hij@ hizo esto algunas veces la semana pasada. | 2, Mi hij@ hizo esto la mayor parte del tiempo la semana pasada. | 3, Mi hij@ hizo esto todo el tiempo la semana pasada.",,,,,,"([parentself_number_children_study] = '2'  or [parentself_number_children_study] = '3'  or [parentself_number_children_study] = '4') and [five_parentproxy_continue] = '1'",,,,five_parentproxy_matrix_1_child_2,,
five_11_parentproxy_child_2,five,,radio,"Mi hij@ tiene miedo a que le resulte difícil hacer las cosas que le gustan debido a una enfermedad grave o un virus.","0, Mi hij@ no ha hecho esto en la semana pasada. | 1, Mi hij@ hizo esto algunas veces la semana pasada. | 2, Mi hij@ hizo esto la mayor parte del tiempo la semana pasada. | 3, Mi hij@ hizo esto todo el tiempo la semana pasada.",,,,,,"([parentself_number_children_study] = '2'  or [parentself_number_children_study] = '3'  or [parentself_number_children_study] = '4') and [five_parentproxy_continue] = '1'",,,,five_parentproxy_matrix_1_child_2,,
five_12_parentproxy_child_2,five,,radio,"Mi hij@ tiene miedo a perder mucho escuela debido a una enfermedad grave o un virus.","0, Mi hij@ no ha hecho esto en la semana pasada. | 1, Mi hij@ hizo esto algunas veces la semana pasada. | 2, Mi hij@ hizo esto la mayor parte del tiempo la semana pasada. | 3, Mi hij@ hizo esto todo el tiempo la semana pasada.",,,,,,"([parentself_number_children_study] = '2'  or [parentself_number_children_study] = '3'  or [parentself_number_children_study] = '4') and [five_parentproxy_continue] = '1'",,,,five_parentproxy_matrix_1_child_2,,
five_13_parentproxy_child_2,five,,radio,"Mi hij@ tiene miedo a no poder ver a sus amigos (durante mucho tiempo) debido a una enfermedad grave o a un virus.","0, Mi hij@ no ha hecho esto en la semana pasada. | 1, Mi hij@ hizo esto algunas veces la semana pasada. | 2, Mi hij@ hizo esto la mayor parte del tiempo la semana pasada. | 3, Mi hij@ hizo esto todo el tiempo la semana pasada.",,,,,,"([parentself_number_children_study] = '2'  or [parentself_number_children_study] = '3'  or [parentself_number_children_study] = '4') and [five_parentproxy_continue] = '1'",,,,five_parentproxy_matrix_1_child_2,,
five_14_parentproxy_child_2,five,,radio,"Mi hij@ tiene miedo a que le vaya mal en la escuela debido a una enfermedad grave o un virus.","0, Mi hij@ no ha hecho esto en la semana pasada. | 1, Mi hij@ hizo esto algunas veces la semana pasada. | 2, Mi hij@ hizo esto la mayor parte del tiempo la semana pasada. | 3, Mi hij@ hizo esto todo el tiempo la semana pasada.",,,,,,"([parentself_number_children_study] = '2'  or [parentself_number_children_study] = '3'  or [parentself_number_children_study] = '4') and [five_parentproxy_continue] = '1'",,,,five_parentproxy_matrix_1_child_2,,
five_15_parentproxy_child_2,five,,radio,"Mi hij@ tiene miedo a perder a sus amigos debido a una enfermedad grave o un virus.","0, Mi hij@ no ha hecho esto en la semana pasada. | 1, Mi hij@ hizo esto algunas veces la semana pasada. | 2, Mi hij@ hizo esto la mayor parte del tiempo la semana pasada. | 3, Mi hij@ hizo esto todo el tiempo la semana pasada.",,,,,,"([parentself_number_children_study] = '2'  or [parentself_number_children_study] = '3'  or [parentself_number_children_study] = '4') and [five_parentproxy_continue] = '1'",,,,five_parentproxy_matrix_1_child_2,,
five_16_parentproxy_child_2,five,,radio,"Mi hij@ tiene miedo a estar triste y solo debido a una enfermedad grave o un virus.","0, Mi hij@ no ha hecho esto en la semana pasada. | 1, Mi hij@ hizo esto algunas veces la semana pasada. | 2, Mi hij@ hizo esto la mayor parte del tiempo la semana pasada. | 3, Mi hij@ hizo esto todo el tiempo la semana pasada.",,,,,,"([parentself_number_children_study] = '2'  or [parentself_number_children_study] = '3'  or [parentself_number_children_study] = '4') and [five_parentproxy_continue] = '1'",,,,five_parentproxy_matrix_1_child_2,,
five_17_parentproxy_child_2,five,,radio,"Mi hij@ tiene miedo a no poder celebrar cosas importantes (por ejemplo, una graduación, un cumpleaños, etc.) debido a una enfermedad grave o un virus.","0, Mi hij@ no ha hecho esto en la semana pasada. | 1, Mi hij@ hizo esto algunas veces la semana pasada. | 2, Mi hij@ hizo esto la mayor parte del tiempo la semana pasada. | 3, Mi hij@ hizo esto todo el tiempo la semana pasada.",,,,,,"([parentself_number_children_study] = '2'  or [parentself_number_children_study] = '3'  or [parentself_number_children_study] = '4') and [five_parentproxy_continue] = '1'",,,,five_parentproxy_matrix_1_child_2,,
five_18_parentproxy_child_2,five,,radio,"Mi hij@ tiene miedo a no tener suficiente comida para comer debido a una enfermedad grave o un virus.","0, Mi hij@ no ha hecho esto en la semana pasada. | 1, Mi hij@ hizo esto algunas veces la semana pasada. | 2, Mi hij@ hizo esto la mayor parte del tiempo la semana pasada. | 3, Mi hij@ hizo esto todo el tiempo la semana pasada.",,,,,,"([parentself_number_children_study] = '2'  or [parentself_number_children_study] = '3'  or [parentself_number_children_study] = '4') and [five_parentproxy_continue] = '1'",,,,five_parentproxy_matrix_1_child_2,,
five_19_parentproxy_child_2,five,,radio,"Mi hij@ tiene miedo a que nuestra familia no tenga suficiente dinero debido a una enfermedad grave o un virus.","0, Mi hij@ no ha hecho esto en la semana pasada. | 1, Mi hij@ hizo esto algunas veces la semana pasada. | 2, Mi hij@ hizo esto la mayor parte del tiempo la semana pasada. | 3, Mi hij@ hizo esto todo el tiempo la semana pasada.",,,,,,"([parentself_number_children_study] = '2'  or [parentself_number_children_study] = '3'  or [parentself_number_children_study] = '4') and [five_parentproxy_continue] = '1'",,,,five_parentproxy_matrix_1_child_2,,
five_20_parentproxy_child_2,five,"Las siguientes preguntas se aplican a Niñ@ 2.

Ahora por favor indique con qué frecuencia su hij@ ha hecho las siguientes cosas durante la última semana en esta escala abajo",radio,"Mi hij@ se mantiene alejado de la gente (excepto de los que viven en nuestra casa).","0, Mi hij@ no ha hecho esto en la semana pasada. | 1, Mi hij@ hizo esto algunas veces la semana pasada. | 2, Mi hij@ hizo esto la mayor parte del tiempo la semana pasada. | 3, Mi hij@ hizo esto todo el tiempo la semana pasada.",,,,,,"([parentself_number_children_study] = '2'  or [parentself_number_children_study] = '3'  or [parentself_number_children_study] = '4') and [five_parentproxy_continue] = '1'",,,,five_parentproxy_matrix_2_child_2,,
five_21_parentproxy_child_2,five,,radio,"Mi hij@ le pregunta a la gente si están enfermos.","0, Mi hij@ no ha hecho esto en la semana pasada. | 1, Mi hij@ hizo esto algunas veces la semana pasada. | 2, Mi hij@ hizo esto la mayor parte del tiempo la semana pasada. | 3, Mi hij@ hizo esto todo el tiempo la semana pasada.",,,,,,"([parentself_number_children_study] = '2'  or [parentself_number_children_study] = '3'  or [parentself_number_children_study] = '4') and [five_parentproxy_continue] = '1'",,,,five_parentproxy_matrix_2_child_2,,
five_22_parentproxy_child_2,five,,radio,"Mi hij@ evita las noticias o la información sobre enfermedades graves o virus.","0, Mi hij@ no ha hecho esto en la semana pasada. | 1, Mi hij@ hizo esto algunas veces la semana pasada. | 2, Mi hij@ hizo esto la mayor parte del tiempo la semana pasada. | 3, Mi hij@ hizo esto todo el tiempo la semana pasada.",,,,,,"([parentself_number_children_study] = '2'  or [parentself_number_children_study] = '3'  or [parentself_number_children_study] = '4') and [five_parentproxy_continue] = '1'",,,,five_parentproxy_matrix_2_child_2,,
five_23_parentproxy_child_2,five,,radio,"Mi hij@ se lava las manos con frecuencia, no sólo después de usar el baño o antes de comer.","0, Mi hij@ no ha hecho esto en la semana pasada. | 1, Mi hij@ hizo esto algunas veces la semana pasada. | 2, Mi hij@ hizo esto la mayor parte del tiempo la semana pasada. | 3, Mi hij@ hizo esto todo el tiempo la semana pasada.",,,,,,"([parentself_number_children_study] = '2'  or [parentself_number_children_study] = '3'  or [parentself_number_children_study] = '4') and [five_parentproxy_continue] = '1'",,,,five_parentproxy_matrix_2_child_2,,
five_24_parentproxy_child_2,five,,radio,"Mi hij@ lleva mascarilla o equipos de protección (por ejemplo, guantes, algo para cubrir la ropa).","0, Mi hij@ no ha hecho esto en la semana pasada. | 1, Mi hij@ hizo esto algunas veces la semana pasada. | 2, Mi hij@ hizo esto la mayor parte del tiempo la semana pasada. | 3, Mi hij@ hizo esto todo el tiempo la semana pasada.",,,,,,"([parentself_number_children_study] = '2'  or [parentself_number_children_study] = '3'  or [parentself_number_children_study] = '4') and [five_parentproxy_continue] = '1'",,,,five_parentproxy_matrix_2_child_2,,
five_25_parentproxy_child_2,five,,radio,"Mi hij@ usa algún tipo de desinfectante (por ejemplo gel o solución hidroalcohólica, u otro desinfectante).","0, Mi hij@ no ha hecho esto en la semana pasada. | 1, Mi hij@ hizo esto algunas veces la semana pasada. | 2, Mi hij@ hizo esto la mayor parte del tiempo la semana pasada. | 3, Mi hij@ hizo esto todo el tiempo la semana pasada.",,,,,,"([parentself_number_children_study] = '2'  or [parentself_number_children_study] = '3'  or [parentself_number_children_study] = '4') and [five_parentproxy_continue] = '1'",,,,five_parentproxy_matrix_2_child_2,,
five_26_parentproxy_child_2,five,,radio,"Mi hij@ usa productos desinfectantes para limpiar las superficies.","0, Mi hij@ no ha hecho esto en la semana pasada. | 1, Mi hij@ hizo esto algunas veces la semana pasada. | 2, Mi hij@ hizo esto la mayor parte del tiempo la semana pasada. | 3, Mi hij@ hizo esto todo el tiempo la semana pasada.",,,,,,"([parentself_number_children_study] = '2'  or [parentself_number_children_study] = '3'  or [parentself_number_children_study] = '4') and [five_parentproxy_continue] = '1'",,,,five_parentproxy_matrix_2_child_2,,
five_27_parentproxy_child_2,five,,radio,"Mi hij@ evita tocar las cosas (por ejemplo, el teléfono, las agarraderas de las puertas).","0, Mi hij@ no ha hecho esto en la semana pasada. | 1, Mi hij@ hizo esto algunas veces la semana pasada. | 2, Mi hij@ hizo esto la mayor parte del tiempo la semana pasada. | 3, Mi hij@ hizo esto todo el tiempo la semana pasada.",,,,,,"([parentself_number_children_study] = '2'  or [parentself_number_children_study] = '3'  or [parentself_number_children_study] = '4') and [five_parentproxy_continue] = '1'",,,,five_parentproxy_matrix_2_child_2,,
five_28_parentproxy_child_2,five,,radio,"Mi hij@ evita tocar a la gente (por ejemplo, abrazarla, darle la mano).","0, Mi hij@ no ha hecho esto en la semana pasada. | 1, Mi hij@ hizo esto algunas veces la semana pasada. | 2, Mi hij@ hizo esto la mayor parte del tiempo la semana pasada. | 3, Mi hij@ hizo esto todo el tiempo la semana pasada.",,,,,,"([parentself_number_children_study] = '2'  or [parentself_number_children_study] = '3'  or [parentself_number_children_study] = '4') and [five_parentproxy_continue] = '1'",,,,five_parentproxy_matrix_2_child_2,,
five_29_parentproxy_child_2,five,,radio,"Mi hij@ busca en Internet información sobre enfermedades o virus.","0, Mi hij@ no ha hecho esto en la semana pasada. | 1, Mi hij@ hizo esto algunas veces la semana pasada. | 2, Mi hij@ hizo esto la mayor parte del tiempo la semana pasada. | 3, Mi hij@ hizo esto todo el tiempo la semana pasada.",,,,,,"([parentself_number_children_study] = '2'  or [parentself_number_children_study] = '3'  or [parentself_number_children_study] = '4') and [five_parentproxy_continue] = '1'",,,,five_parentproxy_matrix_2_child_2,,
five_30_parentproxy_child_2,five,,radio,"Mi hij@ usa los medios de comunicación social (por ejemplo, WhatsApp, FaceTime, Skype, etc.) para estar conectado con sus amigos.","0, Mi hij@ no ha hecho esto en la semana pasada. | 1, Mi hij@ hizo esto algunas veces la semana pasada. | 2, Mi hij@ hizo esto la mayor parte del tiempo la semana pasada. | 3, Mi hij@ hizo esto todo el tiempo la semana pasada.",,,,,,"([parentself_number_children_study] = '2'  or [parentself_number_children_study] = '3'  or [parentself_number_children_study] = '4') and [five_parentproxy_continue] = '1'",,,,five_parentproxy_matrix_2_child_2,,
five_31_parentproxy_child_2,five,,radio,"Mi hij@ hace ejercicio o juega al aire libre.","0, Mi hij@ no ha hecho esto en la semana pasada. | 1, Mi hij@ hizo esto algunas veces la semana pasada. | 2, Mi hij@ hizo esto la mayor parte del tiempo la semana pasada. | 3, Mi hij@ hizo esto todo el tiempo la semana pasada.",,,,,,"([parentself_number_children_study] = '2'  or [parentself_number_children_study] = '3'  or [parentself_number_children_study] = '4') and [five_parentproxy_continue] = '1'",,,,five_parentproxy_matrix_2_child_2,,
five_32_parentproxy_child_2,five,,radio,"Mi hij@ se mantiene alejado de la gente dentro de nuestra casa (por ejemplo, se queda en otra habitación o a cierta distancia).","0, Mi hij@ no ha hecho esto en la semana pasada. | 1, Mi hij@ hizo esto algunas veces la semana pasada. | 2, Mi hij@ hizo esto la mayor parte del tiempo la semana pasada. | 3, Mi hij@ hizo esto todo el tiempo la semana pasada.",,,,,,"([parentself_number_children_study] = '2'  or [parentself_number_children_study] = '3'  or [parentself_number_children_study] = '4') and [five_parentproxy_continue] = '1'",,,,five_parentproxy_matrix_2_child_2,,
five_33_parentproxy_child_2,five,,radio,"Mi hij@ hace su tarea en una computadora","0, Mi hij@ no ha hecho esto en la semana pasada. | 1, Mi hij@ hizo esto algunas veces la semana pasada. | 2, Mi hij@ hizo esto la mayor parte del tiempo la semana pasada. | 3, Mi hij@ hizo esto todo el tiempo la semana pasada.",,,,,,"([parentself_number_children_study] = '2'  or [parentself_number_children_study] = '3'  or [parentself_number_children_study] = '4') and [five_parentproxy_continue] = '1'",,,,five_parentproxy_matrix_2_child_2,,
five_34_parentproxy_child_2,five,"Las siguientes preguntas se aplican a Niñ@ 2.

Para los dos siguientes artículos, por favor indique cómo de verdadera es la afirmación para su hij@ en la siguiente escala:",radio,"Durante la última semana, el miedo a una enfermedad o a un virus ha hecho sentir a mi hij@ emociones fuertes (por ejemplo, ansiedad, tristeza, sentimientos de irritabilidad).","0, Mi hij@ no ha hecho esto en la semana pasada. | 1, Mi hij@ hizo esto algunas veces la semana pasada. | 2, Mi hij@ hizo esto la mayor parte del tiempo la semana pasada. | 3, Mi hij@ hizo esto todo el tiempo la semana pasada.",,,,,,"([parentself_number_children_study] = '2'  or [parentself_number_children_study] = '3'  or [parentself_number_children_study] = '4') and [five_parentproxy_continue] = '1'",,,,five_parentproxy_matrix_3_child_2,,
five_35_parentproxy_child_2,five,,radio,"Durante la última semana, el miedo a una enfermedad o a un virus se ha convertido en un obstáculo para que mi hij@ disfrute su vida (por ejemplo, provocó peleas en casa, le impidió conectarse con los demás, le hizo sentir aislado o desesperado sobre el futuro, etc.).","0, Mi hij@ no ha hecho esto en la semana pasada. | 1, Mi hij@ hizo esto algunas veces la semana pasada. | 2, Mi hij@ hizo esto la mayor parte del tiempo la semana pasada. | 3, Mi hij@ hizo esto todo el tiempo la semana pasada.",,,,,,"([parentself_number_children_study] = '2'  or [parentself_number_children_study] = '3'  or [parentself_number_children_study] = '4') and [five_parentproxy_continue] = '1'",,,,five_parentproxy_matrix_3_child_2,,
five_1_parentproxy_child_3,five,"Las siguientes preguntas se aplican a Niñ@ 3.

Indique con qué frecuencia su hij@ se ha sentido asustado o preocupado por cada una de las siguientes afirmaciones durante la última semana ",radio,"Mi hij@ tiene miedo a contraer una enfermedad grave o un virus.","0, Mi hij@ no tiene miedo de esto en absoluto. | 1, Mi hij@ tiene miedo de esto algunas veces. | 2, Mi hij@ tiene miedo de esto la mayor parte del tiempo. | 3, Mi hij@ tiene miedo de esto todo el tiempo.",,,,,,"([parentself_number_children_study] = '3'  or [parentself_number_children_study] = '4') and [five_parentproxy_continue] = '1'",,,,five_parentproxy_matrix_1_child_3,,
five_2_parentproxy_child_3,five,,radio,"Mi hij@ tiene miedo de ponerse muy enfermo si se contagio con una enfermedad grave o un virus.","0, Mi hij@ no tiene miedo de esto en absoluto. | 1, Mi hij@ tiene miedo de esto algunas veces. | 2, Mi hij@ tiene miedo de esto la mayor parte del tiempo. | 3, Mi hij@ tiene miedo de esto todo el tiempo.",,,,,,"([parentself_number_children_study] = '3'  or [parentself_number_children_study] = '4') and [five_parentproxy_continue] = '1'",,,,five_parentproxy_matrix_1_child_3,,
five_3_parentproxy_child_3,five,,radio,"Mi hij@ tiene miedo de ir al hospital por una enfermedad grave o un virus.","0, Mi hij@ no tiene miedo de esto en absoluto. | 1, Mi hij@ tiene miedo de esto algunas veces. | 2, Mi hij@ tiene miedo de esto la mayor parte del tiempo. | 3, Mi hij@ tiene miedo de esto todo el tiempo.",,,,,,"([parentself_number_children_study] = '3'  or [parentself_number_children_study] = '4') and [five_parentproxy_continue] = '1'",,,,five_parentproxy_matrix_1_child_3,,
five_4_parentproxy_child_3,five,,radio,"Mi hij@ tiene miedo a morir si se contagia de una enfermedad grave o un virus.","0, Mi hij@ no tiene miedo de esto en absoluto. | 1, Mi hij@ tiene miedo de esto algunas veces. | 2, Mi hij@ tiene miedo de esto la mayor parte del tiempo. | 3, Mi hij@ tiene miedo de esto todo el tiempo.",,,,,,"([parentself_number_children_study] = '3'  or [parentself_number_children_study] = '4') and [five_parentproxy_continue] = '1'",,,,five_parentproxy_matrix_1_child_3,,
five_5_parentproxy_child_3,five,,radio,"Mi hij@ tiene miedo de que su mascota pueda contraer una enfermedad grave o un virus.","0, Mi hij@ no tiene miedo de esto en absoluto. | 1, Mi hij@ tiene miedo de esto algunas veces. | 2, Mi hij@ tiene miedo de esto la mayor parte del tiempo. | 3, Mi hij@ tiene miedo de esto todo el tiempo.",,,,,,"([parentself_number_children_study] = '3'  or [parentself_number_children_study] = '4') and [five_parentproxy_continue] = '1'",,,,five_parentproxy_matrix_1_child_3,,
five_6_parentproxy_child_3,five,,radio,"Mi hij@ tiene miedo de que un miembro de la familia se enferme o muera a causa de una enfermedad grave o un virus.","0, Mi hij@ no tiene miedo de esto en absoluto. | 1, Mi hij@ tiene miedo de esto algunas veces. | 2, Mi hij@ tiene miedo de esto la mayor parte del tiempo. | 3, Mi hij@ tiene miedo de esto todo el tiempo.",,,,,,"([parentself_number_children_study] = '3'  or [parentself_number_children_study] = '4') and [five_parentproxy_continue] = '1'",,,,five_parentproxy_matrix_1_child_3,,
five_7_parentproxy_child_3,five,,radio,"Mi hij@ tiene miedo de hacer algo que pueda causar que alguien más contraiga una enfermedad grave o un virus.","0, Mi hij@ no tiene miedo de esto en absoluto. | 1, Mi hij@ tiene miedo de esto algunas veces. | 2, Mi hij@ tiene miedo de esto la mayor parte del tiempo. | 3, Mi hij@ tiene miedo de esto todo el tiempo.",,,,,,"([parentself_number_children_study] = '3'  or [parentself_number_children_study] = '4') and [five_parentproxy_continue] = '1'",,,,five_parentproxy_matrix_1_child_3,,
five_8_parentproxy_child_3,five,,radio,"Mi hij@ tiene miedo de que un amigo se enferme o muera a causa de una enfermedad grave o un virus.","0, Mi hij@ no tiene miedo de esto en absoluto. | 1, Mi hij@ tiene miedo de esto algunas veces. | 2, Mi hij@ tiene miedo de esto la mayor parte del tiempo. | 3, Mi hij@ tiene miedo de esto todo el tiempo.",,,,,,"([parentself_number_children_study] = '3'  or [parentself_number_children_study] = '4') and [five_parentproxy_continue] = '1'",,,,five_parentproxy_matrix_1_child_3,,
five_9_parentproxy_child_3,five,,radio,"Mi hij@ tiene miedo de que la gente en el mundo se enferme o muera a causa de una enfermedad grave o un virus.","0, Mi hij@ no tiene miedo de esto en absoluto. | 1, Mi hij@ tiene miedo de esto algunas veces. | 2, Mi hij@ tiene miedo de esto la mayor parte del tiempo. | 3, Mi hij@ tiene miedo de esto todo el tiempo.",,,,,,"([parentself_number_children_study] = '3'  or [parentself_number_children_study] = '4') and [five_parentproxy_continue] = '1'",,,,five_parentproxy_matrix_1_child_3,,
five_10_parentproxy_child_3,five,,radio,"Mi hij@ tiene miedo a quedarse atrapado en casa debido a una enfermedad grave o un virus.","0, Mi hij@ no tiene miedo de esto en absoluto. | 1, Mi hij@ tiene miedo de esto algunas veces. | 2, Mi hij@ tiene miedo de esto la mayor parte del tiempo. | 3, Mi hij@ tiene miedo de esto todo el tiempo.",,,,,,"([parentself_number_children_study] = '3'  or [parentself_number_children_study] = '4') and [five_parentproxy_continue] = '1'",,,,five_parentproxy_matrix_1_child_3,,
five_11_parentproxy_child_3,five,,radio,"Mi hij@ tiene miedo a que le resulte difícil hacer las cosas que le gustan debido a una enfermedad grave o un virus.","0, Mi hij@ no tiene miedo de esto en absoluto. | 1, Mi hij@ tiene miedo de esto algunas veces. | 2, Mi hij@ tiene miedo de esto la mayor parte del tiempo. | 3, Mi hij@ tiene miedo de esto todo el tiempo.",,,,,,"([parentself_number_children_study] = '3'  or [parentself_number_children_study] = '4') and [five_parentproxy_continue] = '1'",,,,five_parentproxy_matrix_1_child_3,,
five_12_parentproxy_child_3,five,,radio,"Mi hij@ tiene miedo a perder mucho escuela debido a una enfermedad grave o un virus.","0, Mi hij@ no tiene miedo de esto en absoluto. | 1, Mi hij@ tiene miedo de esto algunas veces. | 2, Mi hij@ tiene miedo de esto la mayor parte del tiempo. | 3, Mi hij@ tiene miedo de esto todo el tiempo.",,,,,,"([parentself_number_children_study] = '3'  or [parentself_number_children_study] = '4') and [five_parentproxy_continue] = '1'",,,,five_parentproxy_matrix_1_child_3,,
five_13_parentproxy_child_3,five,,radio,"Mi hij@ tiene miedo a no poder ver a sus amigos (durante mucho tiempo) debido a una enfermedad grave o a un virus.","0, Mi hij@ no tiene miedo de esto en absoluto. | 1, Mi hij@ tiene miedo de esto algunas veces. | 2, Mi hij@ tiene miedo de esto la mayor parte del tiempo. | 3, Mi hij@ tiene miedo de esto todo el tiempo.",,,,,,"([parentself_number_children_study] = '3'  or [parentself_number_children_study] = '4') and [five_parentproxy_continue] = '1'",,,,five_parentproxy_matrix_1_child_3,,
five_14_parentproxy_child_3,five,,radio,"Mi hij@ tiene miedo a que le vaya mal en la escuela debido a una enfermedad grave o un virus.","0, Mi hij@ no tiene miedo de esto en absoluto. | 1, Mi hij@ tiene miedo de esto algunas veces. | 2, Mi hij@ tiene miedo de esto la mayor parte del tiempo. | 3, Mi hij@ tiene miedo de esto todo el tiempo.",,,,,,"([parentself_number_children_study] = '3'  or [parentself_number_children_study] = '4') and [five_parentproxy_continue] = '1'",,,,five_parentproxy_matrix_1_child_3,,
five_15_parentproxy_child_3,five,,radio,"Mi hij@ tiene miedo a perder a sus amigos debido a una enfermedad grave o un virus.","0, Mi hij@ no tiene miedo de esto en absoluto. | 1, Mi hij@ tiene miedo de esto algunas veces. | 2, Mi hij@ tiene miedo de esto la mayor parte del tiempo. | 3, Mi hij@ tiene miedo de esto todo el tiempo.",,,,,,"([parentself_number_children_study] = '3'  or [parentself_number_children_study] = '4') and [five_parentproxy_continue] = '1'",,,,five_parentproxy_matrix_1_child_3,,
five_16_parentproxy_child_3,five,,radio,"Mi hij@ tiene miedo a estar triste y solo debido a una enfermedad grave o un virus.","0, Mi hij@ no tiene miedo de esto en absoluto. | 1, Mi hij@ tiene miedo de esto algunas veces. | 2, Mi hij@ tiene miedo de esto la mayor parte del tiempo. | 3, Mi hij@ tiene miedo de esto todo el tiempo.",,,,,,"([parentself_number_children_study] = '3'  or [parentself_number_children_study] = '4') and [five_parentproxy_continue] = '1'",,,,five_parentproxy_matrix_1_child_3,,
five_17_parentproxy_child_3,five,,radio,"Mi hij@ tiene miedo a no poder celebrar cosas importantes (por ejemplo, una graduación, un cumpleaños, etc.) debido a una enfermedad grave o un virus.","0, Mi hij@ no tiene miedo de esto en absoluto. | 1, Mi hij@ tiene miedo de esto algunas veces. | 2, Mi hij@ tiene miedo de esto la mayor parte del tiempo. | 3, Mi hij@ tiene miedo de esto todo el tiempo.",,,,,,"([parentself_number_children_study] = '3'  or [parentself_number_children_study] = '4') and [five_parentproxy_continue] = '1'",,,,five_parentproxy_matrix_1_child_3,,
five_18_parentproxy_child_3,five,,radio,"Mi hij@ tiene miedo a no tener suficiente comida para comer debido a una enfermedad grave o un virus.","0, Mi hij@ no tiene miedo de esto en absoluto. | 1, Mi hij@ tiene miedo de esto algunas veces. | 2, Mi hij@ tiene miedo de esto la mayor parte del tiempo. | 3, Mi hij@ tiene miedo de esto todo el tiempo.",,,,,,"([parentself_number_children_study] = '3'  or [parentself_number_children_study] = '4') and [five_parentproxy_continue] = '1'",,,,five_parentproxy_matrix_1_child_3,,
five_19_parentproxy_child_3,five,,radio,"Mi hij@ tiene miedo a que nuestra familia no tenga suficiente dinero debido a una enfermedad grave o un virus.","0, Mi hij@ no tiene miedo de esto en absoluto. | 1, Mi hij@ tiene miedo de esto algunas veces. | 2, Mi hij@ tiene miedo de esto la mayor parte del tiempo. | 3, Mi hij@ tiene miedo de esto todo el tiempo.",,,,,,"([parentself_number_children_study] = '3'  or [parentself_number_children_study] = '4') and [five_parentproxy_continue] = '1'",,,,five_parentproxy_matrix_1_child_3,,
five_20_parentproxy_child_3,five,"Las siguientes preguntas se aplican a Niñ@ 3.

Ahora por favor indique con qué frecuencia su hij@ ha hecho las siguientes cosas durante la última semana en esta escala abajo",radio,"Mi hij@ se mantiene alejado de la gente (excepto de los que viven en nuestra casa).","0, Mi hij@ no tiene miedo de esto en absoluto. | 1, Mi hij@ tiene miedo de esto algunas veces. | 2, Mi hij@ tiene miedo de esto la mayor parte del tiempo. | 3, Mi hij@ tiene miedo de esto todo el tiempo.",,,,,,"([parentself_number_children_study] = '3'  or [parentself_number_children_study] = '4') and [five_parentproxy_continue] = '1'",,,,five_parentproxy_matrix_2_child_3,,
five_21_parentproxy_child_3,five,,radio,"Mi hij@ le pregunta a la gente si están enfermos.","0, Mi hij@ no tiene miedo de esto en absoluto. | 1, Mi hij@ tiene miedo de esto algunas veces. | 2, Mi hij@ tiene miedo de esto la mayor parte del tiempo. | 3, Mi hij@ tiene miedo de esto todo el tiempo.",,,,,,"([parentself_number_children_study] = '3'  or [parentself_number_children_study] = '4') and [five_parentproxy_continue] = '1'",,,,five_parentproxy_matrix_2_child_3,,
five_22_parentproxy_child_3,five,,radio,"Mi hij@ evita las noticias o la información sobre enfermedades graves o virus.","0, Mi hij@ no tiene miedo de esto en absoluto. | 1, Mi hij@ tiene miedo de esto algunas veces. | 2, Mi hij@ tiene miedo de esto la mayor parte del tiempo. | 3, Mi hij@ tiene miedo de esto todo el tiempo.",,,,,,"([parentself_number_children_study] = '3'  or [parentself_number_children_study] = '4') and [five_parentproxy_continue] = '1'",,,,five_parentproxy_matrix_2_child_3,,
five_23_parentproxy_child_3,five,,radio,"Mi hij@ se lava las manos con frecuencia, no sólo después de usar el baño o antes de comer.","0, Mi hij@ no tiene miedo de esto en absoluto. | 1, Mi hij@ tiene miedo de esto algunas veces. | 2, Mi hij@ tiene miedo de esto la mayor parte del tiempo. | 3, Mi hij@ tiene miedo de esto todo el tiempo.",,,,,,"([parentself_number_children_study] = '3'  or [parentself_number_children_study] = '4') and [five_parentproxy_continue] = '1'",,,,five_parentproxy_matrix_2_child_3,,
five_24_parentproxy_child_3,five,,radio,"Mi hij@ lleva mascarilla o equipos de protección (por ejemplo, guantes, algo para cubrir la ropa).","0, Mi hij@ no tiene miedo de esto en absoluto. | 1, Mi hij@ tiene miedo de esto algunas veces. | 2, Mi hij@ tiene miedo de esto la mayor parte del tiempo. | 3, Mi hij@ tiene miedo de esto todo el tiempo.",,,,,,"([parentself_number_children_study] = '3'  or [parentself_number_children_study] = '4') and [five_parentproxy_continue] = '1'",,,,five_parentproxy_matrix_2_child_3,,
five_25_parentproxy_child_3,five,,radio,"Mi hij@ usa algún tipo de desinfectante (por ejemplo gel o solución hidroalcohólica, u otro desinfectante).","0, Mi hij@ no tiene miedo de esto en absoluto. | 1, Mi hij@ tiene miedo de esto algunas veces. | 2, Mi hij@ tiene miedo de esto la mayor parte del tiempo. | 3, Mi hij@ tiene miedo de esto todo el tiempo.",,,,,,"([parentself_number_children_study] = '3'  or [parentself_number_children_study] = '4') and [five_parentproxy_continue] = '1'",,,,five_parentproxy_matrix_2_child_3,,
five_26_parentproxy_child_3,five,,radio,"Mi hij@ usa productos desinfectantes para limpiar las superficies.","0, Mi hij@ no tiene miedo de esto en absoluto. | 1, Mi hij@ tiene miedo de esto algunas veces. | 2, Mi hij@ tiene miedo de esto la mayor parte del tiempo. | 3, Mi hij@ tiene miedo de esto todo el tiempo.",,,,,,"([parentself_number_children_study] = '3'  or [parentself_number_children_study] = '4') and [five_parentproxy_continue] = '1'",,,,five_parentproxy_matrix_2_child_3,,
five_27_parentproxy_child_3,five,,radio,"Mi hij@ evita tocar las cosas (por ejemplo, el teléfono, las agarraderas de las puertas).","0, Mi hij@ no tiene miedo de esto en absoluto. | 1, Mi hij@ tiene miedo de esto algunas veces. | 2, Mi hij@ tiene miedo de esto la mayor parte del tiempo. | 3, Mi hij@ tiene miedo de esto todo el tiempo.",,,,,,"([parentself_number_children_study] = '3'  or [parentself_number_children_study] = '4') and [five_parentproxy_continue] = '1'",,,,five_parentproxy_matrix_2_child_3,,
five_28_parentproxy_child_3,five,,radio,"Mi hij@ evita tocar a la gente (por ejemplo, abrazarla, darle la mano).","0, Mi hij@ no tiene miedo de esto en absoluto. | 1, Mi hij@ tiene miedo de esto algunas veces. | 2, Mi hij@ tiene miedo de esto la mayor parte del tiempo. | 3, Mi hij@ tiene miedo de esto todo el tiempo.",,,,,,"([parentself_number_children_study] = '3'  or [parentself_number_children_study] = '4') and [five_parentproxy_continue] = '1'",,,,five_parentproxy_matrix_2_child_3,,
five_29_parentproxy_child_3,five,,radio,"Mi hij@ busca en Internet información sobre enfermedades o virus.","0, Mi hij@ no tiene miedo de esto en absoluto. | 1, Mi hij@ tiene miedo de esto algunas veces. | 2, Mi hij@ tiene miedo de esto la mayor parte del tiempo. | 3, Mi hij@ tiene miedo de esto todo el tiempo.",,,,,,"([parentself_number_children_study] = '3'  or [parentself_number_children_study] = '4') and [five_parentproxy_continue] = '1'",,,,five_parentproxy_matrix_2_child_3,,
five_30_parentproxy_child_3,five,,radio,"Mi hij@ usa los medios de comunicación social (por ejemplo, WhatsApp, FaceTime, Skype, etc.) para estar conectado con sus amigos.","0, Mi hij@ no tiene miedo de esto en absoluto. | 1, Mi hij@ tiene miedo de esto algunas veces. | 2, Mi hij@ tiene miedo de esto la mayor parte del tiempo. | 3, Mi hij@ tiene miedo de esto todo el tiempo.",,,,,,"([parentself_number_children_study] = '3'  or [parentself_number_children_study] = '4') and [five_parentproxy_continue] = '1'",,,,five_parentproxy_matrix_2_child_3,,
five_31_parentproxy_child_3,five,,radio,"Mi hij@ hace ejercicio o juega al aire libre.","0, Mi hij@ no tiene miedo de esto en absoluto. | 1, Mi hij@ tiene miedo de esto algunas veces. | 2, Mi hij@ tiene miedo de esto la mayor parte del tiempo. | 3, Mi hij@ tiene miedo de esto todo el tiempo.",,,,,,"([parentself_number_children_study] = '3'  or [parentself_number_children_study] = '4') and [five_parentproxy_continue] = '1'",,,,five_parentproxy_matrix_2_child_3,,
five_32_parentproxy_child_3,five,,radio,"Mi hij@ se mantiene alejado de la gente dentro de nuestra casa (por ejemplo, se queda en otra habitación o a cierta distancia).","0, Mi hij@ no tiene miedo de esto en absoluto. | 1, Mi hij@ tiene miedo de esto algunas veces. | 2, Mi hij@ tiene miedo de esto la mayor parte del tiempo. | 3, Mi hij@ tiene miedo de esto todo el tiempo.",,,,,,"([parentself_number_children_study] = '3'  or [parentself_number_children_study] = '4') and [five_parentproxy_continue] = '1'",,,,five_parentproxy_matrix_2_child_3,,
five_33_parentproxy_child_3,five,,radio,"Mi hij@ hace su tarea en una computadora","0, Mi hij@ no tiene miedo de esto en absoluto. | 1, Mi hij@ tiene miedo de esto algunas veces. | 2, Mi hij@ tiene miedo de esto la mayor parte del tiempo. | 3, Mi hij@ tiene miedo de esto todo el tiempo.",,,,,,"([parentself_number_children_study] = '3'  or [parentself_number_children_study] = '4') and [five_parentproxy_continue] = '1'",,,,five_parentproxy_matrix_2_child_3,,
five_34_parentproxy_child_3,five,"Las siguientes preguntas se aplican a Niñ@ 3.

Para los dos siguientes artículos, por favor indique cómo de verdadera es la afirmación para su hij@ en la siguiente escala:",radio,"Durante la última semana, el miedo a una enfermedad o a un virus ha hecho sentir a mi hij@ emociones fuertes (por ejemplo, ansiedad, tristeza, sentimientos de irritabilidad).","0, Mi hij@ no tiene miedo de esto en absoluto. | 1, Mi hij@ tiene miedo de esto algunas veces. | 2, Mi hij@ tiene miedo de esto la mayor parte del tiempo. | 3, Mi hij@ tiene miedo de esto todo el tiempo.",,,,,,"([parentself_number_children_study] = '3'  or [parentself_number_children_study] = '4') and [five_parentproxy_continue] = '1'",,,,five_parentproxy_matrix_3_child_3,,
five_35_parentproxy_child_3,five,,radio,"Durante la última semana, el miedo a una enfermedad o a un virus se ha convertido en un obstáculo para que mi hij@ disfrute de su vida (por ejemplo, provocó peleas en casa, le impidió conectarse con los demás, le hizo sentir aislado o desesperado sobre el futuro, etc.).","0, Mi hij@ no tiene miedo de esto en absoluto. | 1, Mi hij@ tiene miedo de esto algunas veces. | 2, Mi hij@ tiene miedo de esto la mayor parte del tiempo. | 3, Mi hij@ tiene miedo de esto todo el tiempo.",,,,,,"([parentself_number_children_study] = '3'  or [parentself_number_children_study] = '4') and [five_parentproxy_continue] = '1'",,,,five_parentproxy_matrix_3_child_3,,
five_1_parentproxy_child_4,five,"Las siguientes preguntas se aplican a Niñ@ 4.

Indique con qué frecuencia su hij@ se ha sentido asustado o preocupado por cada una de las siguientes afirmaciones durante la última semana en una escala abajo.",radio,"Mi hij@ tiene miedo a contagia una enfermedad grave o un virus.","0, Mi hij@ no tiene miedo de esto en absoluto. | 1, Mi hij@ tiene miedo de esto algunas veces. | 2, Mi hij@ tiene miedo de esto la mayor parte del tiempo. | 3, Mi hij@ tiene miedo de esto todo el tiempo.",,,,,,"([parentself_number_children_study] = '4') and [five_parentproxy_continue] = '1'",,,,five_parentproxy_matrix_1_child_4,,
five_2_parentproxy_child_4,five,,radio,"Mi hij@ tiene miedo de ponerse muy enfermo si se contagio con una enfermedad grave o un virus.","0, Mi hij@ no tiene miedo de esto en absoluto. | 1, Mi hij@ tiene miedo de esto algunas veces. | 2, Mi hij@ tiene miedo de esto la mayor parte del tiempo. | 3, Mi hij@ tiene miedo de esto todo el tiempo.",,,,,,"([parentself_number_children_study] = '4') and [five_parentproxy_continue] = '1'",,,,five_parentproxy_matrix_1_child_4,,
five_3_parentproxy_child_4,five,,radio,"Mi hij@ tiene miedo de ir al hospital por una enfermedad grave o un virus.","0, Mi hij@ no tiene miedo de esto en absoluto. | 1, Mi hij@ tiene miedo de esto algunas veces. | 2, Mi hij@ tiene miedo de esto la mayor parte del tiempo. | 3, Mi hij@ tiene miedo de esto todo el tiempo.",,,,,,"([parentself_number_children_study] = '4') and [five_parentproxy_continue] = '1'",,,,five_parentproxy_matrix_1_child_4,,
five_4_parentproxy_child_4,five,,radio,"Mi hij@ tiene miedo a morir si se contagia de una enfermedad grave o un virus.","0, Mi hij@ no tiene miedo de esto en absoluto. | 1, Mi hij@ tiene miedo de esto algunas veces. | 2, Mi hij@ tiene miedo de esto la mayor parte del tiempo. | 3, Mi hij@ tiene miedo de esto todo el tiempo.",,,,,,"([parentself_number_children_study] = '4') and [five_parentproxy_continue] = '1'",,,,five_parentproxy_matrix_1_child_4,,
five_5_parentproxy_child_4,five,,radio,"Mi hij@ tiene miedo de que su mascota pueda contraer una enfermedad grave o un virus.","0, Mi hij@ no tiene miedo de esto en absoluto. | 1, Mi hij@ tiene miedo de esto algunas veces. | 2, Mi hij@ tiene miedo de esto la mayor parte del tiempo. | 3, Mi hij@ tiene miedo de esto todo el tiempo.",,,,,,"([parentself_number_children_study] = '4') and [five_parentproxy_continue] = '1'",,,,five_parentproxy_matrix_1_child_4,,
five_6_parentproxy_child_4,five,,radio,"Mi hij@ tiene miedo de que un miembro de la familia se enferme o muera a causa de una enfermedad grave o un virus.","0, Mi hij@ no tiene miedo de esto en absoluto. | 1, Mi hij@ tiene miedo de esto algunas veces. | 2, Mi hij@ tiene miedo de esto la mayor parte del tiempo. | 3, Mi hij@ tiene miedo de esto todo el tiempo.",,,,,,"([parentself_number_children_study] = '4') and [five_parentproxy_continue] = '1'",,,,five_parentproxy_matrix_1_child_4,,
five_7_parentproxy_child_4,five,,radio,"Mi hij@ tiene miedo de hacer algo que pueda causar que alguien más contraiga una enfermedad grave o un virus.","0, Mi hij@ no tiene miedo de esto en absoluto. | 1, Mi hij@ tiene miedo de esto algunas veces. | 2, Mi hij@ tiene miedo de esto la mayor parte del tiempo. | 3, Mi hij@ tiene miedo de esto todo el tiempo.",,,,,,"([parentself_number_children_study] = '4') and [five_parentproxy_continue] = '1'",,,,five_parentproxy_matrix_1_child_4,,
five_8_parentproxy_child_4,five,,radio,"Mi hij@ tiene miedo de que un amigo se enferme o muera a causa de una enfermedad grave o un virus.","0, Mi hij@ no tiene miedo de esto en absoluto. | 1, Mi hij@ tiene miedo de esto algunas veces. | 2, Mi hij@ tiene miedo de esto la mayor parte del tiempo. | 3, Mi hij@ tiene miedo de esto todo el tiempo.",,,,,,"([parentself_number_children_study] = '4') and [five_parentproxy_continue] = '1'",,,,five_parentproxy_matrix_1_child_4,,
five_9_parentproxy_child_4,five,,radio,"Mi hij@ tiene miedo de que la gente en el mundo se enferme o muera a causa de una enfermedad grave o un virus.","0, Mi hij@ no tiene miedo de esto en absoluto. | 1, Mi hij@ tiene miedo de esto algunas veces. | 2, Mi hij@ tiene miedo de esto la mayor parte del tiempo. | 3, Mi hij@ tiene miedo de esto todo el tiempo.",,,,,,"([parentself_number_children_study] = '4') and [five_parentproxy_continue] = '1'",,,,five_parentproxy_matrix_1_child_4,,
five_10_parentproxy_child_4,five,,radio,"Mi hij@ tiene miedo a quedarse atrapado en casa debido a una enfermedad grave o un virus.","0, Mi hij@ no tiene miedo de esto en absoluto. | 1, Mi hij@ tiene miedo de esto algunas veces. | 2, Mi hij@ tiene miedo de esto la mayor parte del tiempo. | 3, Mi hij@ tiene miedo de esto todo el tiempo.",,,,,,"([parentself_number_children_study] = '4') and [five_parentproxy_continue] = '1'",,,,five_parentproxy_matrix_1_child_4,,
five_11_parentproxy_child_4,five,,radio,"Mi hij@ tiene miedo a que le resulte difícil hacer las cosas que le gustan debido a una enfermedad grave o un virus.","0, Mi hij@ no tiene miedo de esto en absoluto. | 1, Mi hij@ tiene miedo de esto algunas veces. | 2, Mi hij@ tiene miedo de esto la mayor parte del tiempo. | 3, Mi hij@ tiene miedo de esto todo el tiempo.",,,,,,"([parentself_number_children_study] = '4') and [five_parentproxy_continue] = '1'",,,,five_parentproxy_matrix_1_child_4,,
five_12_parentproxy_child_4,five,,radio,"Mi hij@ tiene miedo a perder mucha escuela debido a una enfermedad grave o un virus.","0, Mi hij@ no tiene miedo de esto en absoluto. | 1, Mi hij@ tiene miedo de esto algunas veces. | 2, Mi hij@ tiene miedo de esto la mayor parte del tiempo. | 3, Mi hij@ tiene miedo de esto todo el tiempo.",,,,,,"([parentself_number_children_study] = '4') and [five_parentproxy_continue] = '1'",,,,five_parentproxy_matrix_1_child_4,,
five_13_parentproxy_child_4,five,,radio,"Mi hij@ tiene miedo a no poder ver a sus amigos (durante mucho tiempo) debido a una enfermedad grave o a un virus.","0, Mi hij@ no tiene miedo de esto en absoluto. | 1, Mi hij@ tiene miedo de esto algunas veces. | 2, Mi hij@ tiene miedo de esto la mayor parte del tiempo. | 3, Mi hij@ tiene miedo de esto todo el tiempo.",,,,,,"([parentself_number_children_study] = '4') and [five_parentproxy_continue] = '1'",,,,five_parentproxy_matrix_1_child_4,,
five_14_parentproxy_child_4,five,,radio,"Mi hij@ tiene miedo a que le vaya mal en la escuela debido a una enfermedad grave o un virus.","0, Mi hij@ no tiene miedo de esto en absoluto. | 1, Mi hij@ tiene miedo de esto algunas veces. | 2, Mi hij@ tiene miedo de esto la mayor parte del tiempo. | 3, Mi hij@ tiene miedo de esto todo el tiempo.",,,,,,"([parentself_number_children_study] = '4') and [five_parentproxy_continue] = '1'",,,,five_parentproxy_matrix_1_child_4,,
five_15_parentproxy_child_4,five,,radio,"Mi hij@ tiene miedo a perder a sus amigos debido a una enfermedad grave o un virus.","0, Mi hij@ no tiene miedo de esto en absoluto. | 1, Mi hij@ tiene miedo de esto algunas veces. | 2, Mi hij@ tiene miedo de esto la mayor parte del tiempo. | 3, Mi hij@ tiene miedo de esto todo el tiempo.",,,,,,"([parentself_number_children_study] = '4') and [five_parentproxy_continue] = '1'",,,,five_parentproxy_matrix_1_child_4,,
five_16_parentproxy_child_4,five,,radio,"Mi hij@ tiene miedo a estar triste y solo debido a una enfermedad grave o un virus.","0, Mi hij@ no tiene miedo de esto en absoluto. | 1, Mi hij@ tiene miedo de esto algunas veces. | 2, Mi hij@ tiene miedo de esto la mayor parte del tiempo. | 3, Mi hij@ tiene miedo de esto todo el tiempo.",,,,,,"([parentself_number_children_study] = '4') and [five_parentproxy_continue] = '1'",,,,five_parentproxy_matrix_1_child_4,,
five_17_parentproxy_child_4,five,,radio,"Mi hij@ tiene miedo a no poder celebrar cosas importantes (por ejemplo, una graduación, un cumpleaños, etc.) debido a una enfermedad grave o un virus.","0, Mi hij@ no tiene miedo de esto en absoluto. | 1, Mi hij@ tiene miedo de esto algunas veces. | 2, Mi hij@ tiene miedo de esto la mayor parte del tiempo. | 3, Mi hij@ tiene miedo de esto todo el tiempo.",,,,,,"([parentself_number_children_study] = '4') and [five_parentproxy_continue] = '1'",,,,five_parentproxy_matrix_1_child_4,,
five_18_parentproxy_child_4,five,,radio,"Mi hij@ tiene miedo a no tener suficiente comida para comer debido a una enfermedad grave o un virus.","0, Mi hij@ no tiene miedo de esto en absoluto. | 1, Mi hij@ tiene miedo de esto algunas veces. | 2, Mi hij@ tiene miedo de esto la mayor parte del tiempo. | 3, Mi hij@ tiene miedo de esto todo el tiempo.",,,,,,"([parentself_number_children_study] = '4') and [five_parentproxy_continue] = '1'",,,,five_parentproxy_matrix_1_child_4,,
five_19_parentproxy_child_4,five,,radio,"Mi hij@ tiene miedo a que nuestra familia no tenga suficiente dinero debido a una enfermedad grave o un virus.","0, Mi hij@ no tiene miedo de esto en absoluto. | 1, Mi hij@ tiene miedo de esto algunas veces. | 2, Mi hij@ tiene miedo de esto la mayor parte del tiempo. | 3, Mi hij@ tiene miedo de esto todo el tiempo.",,,,,,"([parentself_number_children_study] = '4') and [five_parentproxy_continue] = '1'",,,,five_parentproxy_matrix_1_child_4,,
five_20_parentproxy_child_4,five,"Las siguientes preguntas se aplican a Niñ@ 4.

Ahora por favor indique con que frecuencia su hij@ ha hecho las siguientes cosas durante la última semana en esta escala abajo",radio,"Mi hij@ se mantiene alejado de la gente (excepto de los que viven en nuestra casa).","0, Mi hij@ no tiene miedo de esto en absoluto. | 1, Mi hij@ tiene miedo de esto algunas veces. | 2, Mi hij@ tiene miedo de esto la mayor parte del tiempo. | 3, Mi hij@ tiene miedo de esto todo el tiempo.",,,,,,"([parentself_number_children_study] = '4') and [five_parentproxy_continue] = '1'",,,,five_parentproxy_matrix_2_child_4,,
five_21_parentproxy_child_4,five,,radio,"Mi hij@ le pregunta a la gente si están enfermos.","0, Mi hij@ no tiene miedo de esto en absoluto. | 1, Mi hij@ tiene miedo de esto algunas veces. | 2, Mi hij@ tiene miedo de esto la mayor parte del tiempo. | 3, Mi hij@ tiene miedo de esto todo el tiempo.",,,,,,"([parentself_number_children_study] = '4') and [five_parentproxy_continue] = '1'",,,,five_parentproxy_matrix_2_child_4,,
five_22_parentproxy_child_4,five,,radio,"Mi hij@ evita las noticias o la información sobre enfermedades graves o virus.","0, Mi hij@ no tiene miedo de esto en absoluto. | 1, Mi hij@ tiene miedo de esto algunas veces. | 2, Mi hij@ tiene miedo de esto la mayor parte del tiempo. | 3, Mi hij@ tiene miedo de esto todo el tiempo.",,,,,,"([parentself_number_children_study] = '4') and [five_parentproxy_continue] = '1'",,,,five_parentproxy_matrix_2_child_4,,
five_23_parentproxy_child_4,five,,radio,"Mi hij@ se lava las manos con frecuencia, no sólo después de usar el baño o antes de comer.","0, Mi hij@ no tiene miedo de esto en absoluto. | 1, Mi hij@ tiene miedo de esto algunas veces. | 2, Mi hij@ tiene miedo de esto la mayor parte del tiempo. | 3, Mi hij@ tiene miedo de esto todo el tiempo.",,,,,,"([parentself_number_children_study] = '4') and [five_parentproxy_continue] = '1'",,,,five_parentproxy_matrix_2_child_4,,
five_24_parentproxy_child_4,five,,radio,"Mi hij@ lleva mascarilla o equipos de protección (por ejemplo, guantes, algo para cubrir la ropa).","0, Mi hij@ no tiene miedo de esto en absoluto. | 1, Mi hij@ tiene miedo de esto algunas veces. | 2, Mi hij@ tiene miedo de esto la mayor parte del tiempo. | 3, Mi hij@ tiene miedo de esto todo el tiempo.",,,,,,"([parentself_number_children_study] = '4') and [five_parentproxy_continue] = '1'",,,,five_parentproxy_matrix_2_child_4,,
five_25_parentproxy_child_4,five,,radio,"Mi hij@ usa algún tipo de desinfectante (por ejemplo gel o solución hidroalcohólica, u otro desinfectante).","0, Mi hij@ no tiene miedo de esto en absoluto. | 1, Mi hij@ tiene miedo de esto algunas veces. | 2, Mi hij@ tiene miedo de esto la mayor parte del tiempo. | 3, Mi hij@ tiene miedo de esto todo el tiempo.",,,,,,"([parentself_number_children_study] = '4') and [five_parentproxy_continue] = '1'",,,,five_parentproxy_matrix_2_child_4,,
five_26_parentproxy_child_4,five,,radio,"Mi hij@ usa productos desinfectantes para limpiar las superficies.","0, Mi hij@ no tiene miedo de esto en absoluto. | 1, Mi hij@ tiene miedo de esto algunas veces. | 2, Mi hij@ tiene miedo de esto la mayor parte del tiempo. | 3, Mi hij@ tiene miedo de esto todo el tiempo.",,,,,,"([parentself_number_children_study] = '4') and [five_parentproxy_continue] = '1'",,,,five_parentproxy_matrix_2_child_4,,
five_27_parentproxy_child_4,five,,radio,"Mi hij@ evita tocar las cosas (por ejemplo, el teléfono, las agarraderas de las puertas).","0, Mi hij@ no tiene miedo de esto en absoluto. | 1, Mi hij@ tiene miedo de esto algunas veces. | 2, Mi hij@ tiene miedo de esto la mayor parte del tiempo. | 3, Mi hij@ tiene miedo de esto todo el tiempo.",,,,,,"([parentself_number_children_study] = '4') and [five_parentproxy_continue] = '1'",,,,five_parentproxy_matrix_2_child_4,,
five_28_parentproxy_child_4,five,,radio,"Mi hij@ evita tocar a la gente (por ejemplo, abrazarla, darle la mano).","0, Mi hij@ no tiene miedo de esto en absoluto. | 1, Mi hij@ tiene miedo de esto algunas veces. | 2, Mi hij@ tiene miedo de esto la mayor parte del tiempo. | 3, Mi hij@ tiene miedo de esto todo el tiempo.",,,,,,"([parentself_number_children_study] = '4') and [five_parentproxy_continue] = '1'",,,,five_parentproxy_matrix_2_child_4,,
five_29_parentproxy_child_4,five,,radio,"Mi hij@ busca en Internet información sobre enfermedades o virus.","0, Mi hij@ no tiene miedo de esto en absoluto. | 1, Mi hij@ tiene miedo de esto algunas veces. | 2, Mi hij@ tiene miedo de esto la mayor parte del tiempo. | 3, Mi hij@ tiene miedo de esto todo el tiempo.",,,,,,"([parentself_number_children_study] = '4') and [five_parentproxy_continue] = '1'",,,,five_parentproxy_matrix_2_child_4,,
five_30_parentproxy_child_4,five,,radio,"Mi hij@ usa los medios de comunicación social (por ejemplo, WhatsApp, FaceTime, Skype, etc.) para estar conectado con sus amigos.","0, Mi hij@ no tiene miedo de esto en absoluto. | 1, Mi hij@ tiene miedo de esto algunas veces. | 2, Mi hij@ tiene miedo de esto la mayor parte del tiempo. | 3, Mi hij@ tiene miedo de esto todo el tiempo.",,,,,,"([parentself_number_children_study] = '4') and [five_parentproxy_continue] = '1'",,,,five_parentproxy_matrix_2_child_4,,
five_31_parentproxy_child_4,five,,radio,"Mi hij@ hace ejercicio o juega al aire libre.","0, Mi hij@ no tiene miedo de esto en absoluto. | 1, Mi hij@ tiene miedo de esto algunas veces. | 2, Mi hij@ tiene miedo de esto la mayor parte del tiempo. | 3, Mi hij@ tiene miedo de esto todo el tiempo.",,,,,,"([parentself_number_children_study] = '4') and [five_parentproxy_continue] = '1'",,,,five_parentproxy_matrix_2_child_4,,
five_32_parentproxy_child_4,five,,radio,"Mi hij@ se mantiene alejado de la gente dentro de nuestra casa (por ejemplo, se queda en otra habitación o a cierta distancia).","0, Mi hij@ no tiene miedo de esto en absoluto. | 1, Mi hij@ tiene miedo de esto algunas veces. | 2, Mi hij@ tiene miedo de esto la mayor parte del tiempo. | 3, Mi hij@ tiene miedo de esto todo el tiempo.",,,,,,"([parentself_number_children_study] = '4') and [five_parentproxy_continue] = '1'",,,,five_parentproxy_matrix_2_child_4,,
five_33_parentproxy_child_4,five,,radio,"Mi hij@ hace su tarea en una computadora","0, Mi hij@ no tiene miedo de esto en absoluto. | 1, Mi hij@ tiene miedo de esto algunas veces. | 2, Mi hij@ tiene miedo de esto la mayor parte del tiempo. | 3, Mi hij@ tiene miedo de esto todo el tiempo.",,,,,,"([parentself_number_children_study] = '4') and [five_parentproxy_continue] = '1'",,,,five_parentproxy_matrix_2_child_4,,
five_34_parentproxy_child_4,five,"Las siguientes preguntas se aplican a Niñ@ 4.

Para los dos siguientes artículos, por favor indique cómo de verdadera es la afirmación para su hij@ en la siguiente escala:",radio,"Durante la última semana, el miedo a una enfermedad o a un virus ha hecho sentir a mi hij@ emociones fuertes (por ejemplo, ansiedad, tristeza, sentimientos de irritabilidad).","0, Mi hij@ no tiene miedo de esto en absoluto. | 1, Mi hij@ tiene miedo de esto algunas veces. | 2, Mi hij@ tiene miedo de esto la mayor parte del tiempo. | 3, Mi hij@ tiene miedo de esto todo el tiempo.",,,,,,"([parentself_number_children_study] = '4') and [five_parentproxy_continue] = '1'",,,,five_parentproxy_matrix_3_child_4,,
five_35_parentproxy_child_4,five,,radio,"Durante la última semana, el miedo a una enfermedad o a un virus se ha convertido en un obstáculo para que mi hij@ disfrute su vida (por ejemplo, provocó peleas en casa, le impidió conectarse con los demás, le hizo sentir aislado o desesperado sobre el futuro, etc.).","0, Mi hij@ no tiene miedo de esto en absoluto. | 1, Mi hij@ tiene miedo de esto algunas veces. | 2, Mi hij@ tiene miedo de esto la mayor parte del tiempo. | 3, Mi hij@ tiene miedo de esto todo el tiempo.",,,,,,"([parentself_number_children_study] = '4') and [five_parentproxy_continue] = '1'",,,,five_parentproxy_matrix_3_child_4,,
