"Variable / Field Name","Form Name","Section Header","Field Type","Field Label","Choices, Calculations, OR Slider Labels","Field Note","Text Validation Type OR Show Slider Number","Text Validation Min","Text Validation Max",Identifier?,"Branching Logic (Show field only if...)","Required Field?","Custom Alignment","Question Number (surveys only)","Matrix Group Name","Matrix Ranking?","Field Annotation"
gmf_1_parentself,gmf,"A number of statements which men and women use to describe the fears they have are given below. 

Read each carefully and select the option that best describes your fear. 

There are no right or wrong answers. Remember, find the words which best describe how much fear you have.",radio,"Death or dead people","0, None | 1, Some | 2, A lot",,,,,,,,,,gmf_parentself,,
gmf_2_parentself,gmf,,radio,"Having to go to the hospital","0, None | 1, Some | 2, A lot",,,,,,,,,,gmf_parentself,,
gmf_3_parentself,gmf,,radio,"Not being able to breathe","0, None | 1, Some | 2, A lot",,,,,,,,,,gmf_parentself,,
gmf_4_parentself,gmf,,radio,"Going to the doctor","0, None | 1, Some | 2, A lot",,,,,,,,,,gmf_parentself,,
gmf_5_parentself,gmf,,radio,"Going to the dentist","0, None | 1, Some | 2, A lot",,,,,,,,,,gmf_parentself,,
gmf_6_parentself,gmf,,radio,"Germs or getting a serious illness","0, None | 1, Some | 2, A lot",,,,,,,,,,gmf_parentself,,
gmf_7_parentself,gmf,,radio,"Getting a shot from the doctor","0, None | 1, Some | 2, A lot",,,,,,,,,,gmf_parentself,,
gmf_1_parentproxy_child_1,gmf,"A number of statements which boys and girls use to describe the fears they have are given below. 

Read each carefully and select the option that best describe fears of CHILD 1. 

There are no right or wrong answers. Remember, find the words which best describe how much fear your CHILD 1 has. ",radio,"Death or dead people","0, None | 1, Some | 2, A lot",,,,,,,,,,gmf_parentproxy_child_1,,
gmf_2_parentproxy_child_1,gmf,,radio,"Having to go to the hospital","0, None | 1, Some | 2, A lot",,,,,,,,,,gmf_parentproxy_child_1,,
gmf_3_parentproxy_child_1,gmf,,radio,"Not being able to breathe","0, None | 1, Some | 2, A lot",,,,,,,,,,gmf_parentproxy_child_1,,
gmf_4_parentproxy_child_1,gmf,,radio,"Going to the doctor","0, None | 1, Some | 2, A lot",,,,,,,,,,gmf_parentproxy_child_1,,
gmf_5_parentproxy_child_1,gmf,,radio,"Going to the dentist","0, None | 1, Some | 2, A lot",,,,,,,,,,gmf_parentproxy_child_1,,
gmf_6_parentproxy_child_1,gmf,,radio,"Germs or getting a serious illness","0, None | 1, Some | 2, A lot",,,,,,,,,,gmf_parentproxy_child_1,,
gmf_7_parentproxy_child_1,gmf,,radio,"Getting a shot from the doctor","0, None | 1, Some | 2, A lot",,,,,,,,,,gmf_parentproxy_child_1,,
