"Variable / Field Name","Form Name","Section Header","Field Type","Field Label","Choices, Calculations, OR Slider Labels","Field Note","Text Validation Type OR Show Slider Number","Text Validation Min","Text Validation Max",Identifier?,"Branching Logic (Show field only if...)","Required Field?","Custom Alignment","Question Number (surveys only)","Matrix Group Name","Matrix Ranking?","Field Annotation"
biq_instructions,biq,,descriptive,"In the following questionnaire, we are interested in information regarding your child's psychological health and well-being. Think of these items during the context of COVID-19 and the resulting Stay-at-Home Order (if applicable).",,,,,,,,,,,,,
biq_1_parentself,biq,,radio,"Do you feel you have adequate information to support your child's mental health during this time?","3, To a great extent | 2, Somewhat | 1, Very little | 0, Not at all",,,,,,,,,,,,
biq_2_parentself,biq,,radio,"Have you attempted to access information on how to support your child during this time?","1, Yes | 0, No",,,,,,,,,,,,
biq_3_parentself,biq,,checkbox,"Where have you accessed this information? Please check all that apply.","1, Watching television | 2, Social media | 3, Articles online/internet | 4, My child's school | 5, Friends | 6, Knowledge I already had | 7, My child's doctor | 8, Other",,,,,,"[biq_2_parentself] = '1'",,,,,,
biq_3_other_parentself,biq,,text,"Other (please describe):",,,,,,,"[biq_3_parentself(8)] = '1'",,,,,,
