﻿"Variable / Field Name","Form Name","Section Header","Field Type","Field Label","Choices, Calculations, OR Slider Labels","Field Note","Text Validation Type OR Show Slider Number","Text Validation Min","Text Validation Max",Identifier?,"Branching Logic (Show field only if...)","Required Field?","Custom Alignment","Question Number (surveys only)","Matrix Group Name","Matrix Ranking?","Field Annotation"
participant_id,participant,,text,"Participant ID",,,,,,,,,,,,,
welcome,participant,,descriptive,,,,,,,,,,,,,,
information_sheet,participant,,descriptive,"Please review the attached information sheet.",,,,,,,,,,,,,
consent_information,participant,,descriptive,"This study seeks to explore how the COVID-19 outbreak has influenced caregivers, children, and families. This study involves a range of questionnaires regarding the impacts of COVID-19 on parents and children, and a short writing prompt that allows parents and children to write about the impacts of COVID-19 on their family and self. Parents and children will not directly benefit from participating in the research. However, the results will contribute to a greater understanding of the impact COVID-19 is having on families and will be used to create better family-relevant resources in the future.

Your participation will take 45 minutes. We ask that you complete the questionnaires close together in time. However, you do have the opportunity to save the survey and come back later to complete it.

At the end of the study (July 31st), we will draw the raffle for the 20 $100 gift cards. Please remember to enter your details at the end of the survey to enter the draw.",,,,,,,,,,,,,
pup_participation,participant,,yesno,"Would you like to participate in this study?",,,,,,,,y,,,,,
no_participation,participant,,descriptive,"<div class=""rich-text-field-label""><p>Thank you for your interest in the Parenting Under Pressure Study! If you do not wish to participate, you may still enter into the raffle for the chance to win a $100 gift card. <br /><br />Click <a href=""https://forms.gle/78Rzq3vekNjsqfbg9"">here</a> to enter.</p> <p>Please close this window after you have been redirected to the google form. Thank you. </p></div>",,,,,,,"[pup_participation] = ""0""",,,,,,
inclusion_1,participant,,yesno,"Are you able to read and write in English?
",,,,,,,,y,,,,,
inclusion_2,participant,,yesno,"Do you have a child between the ages of 6-17 years?",,,,,,,,y,,,,,
not_eligible,participant,,descriptive,"<div class=""rich-text-field-label""><p>Thank you for your interest in the Parenting Under Pressure Study! Unfortunately, it looks like you are not eligible to participate in this study. However, you may still enter into the raffle for the chance to win a $100 gift card!<br /><br />Click <a href=""https://forms.gle/78Rzq3vekNjsqfbg9"">here</a> to enter.<br /><br />Please close this window after you have been redirected to the google form. Thank you.</p></div>",,,,,,,"[inclusion_1] = ""0"" or [inclusion_2] = ""0""",,,,,,
consent,participant,,radio,,"1, Yes, I consent to participate in this research.",,,,,,"[pup_participation] = ""1"" and [inclusion_1] = ""1"" and [inclusion_2] = ""1""",y,,,,,
pup_no_reverse,participant,,descriptive,"PLEASE NOTE: In this survey, you cannot go back to change your answers. Please ensure you have completed each page and are ready to submit before moving on to the next page. ",,,,,,,,,,,,,
image,participant,,descriptive,,,,,,,,,,,,,,
