﻿"Variable / Field Name","Form Name","Section Header","Field Type","Field Label","Choices, Calculations, OR Slider Labels","Field Note","Text Validation Type OR Show Slider Number","Text Validation Min","Text Validation Max",Identifier?,"Branching Logic (Show field only if...)","Required Field?","Custom Alignment","Question Number (surveys only)","Matrix Group Name","Matrix Ranking?","Field Annotation"
parentself_number_children,information,,text,"How many children do you have?",,,,,,,,,,,,,
parentself_number_children_study,information,,radio,"For how many children will you be filling out this survey?","1, 1 | 2, 2 | 3, 3 | 4, 4",,,,,,,y,,,,,
parentself_number_children_study_instructions,information,,descriptive,"You can fill out this survey for at least 1 and up to 4 children. If you have more than one child you may complete the survey for all of them, or you can choose to complete the survey for one or a few of them.

If you decide to complete the survey for more than one child, please complete it in the order of their births (for example, your firstborn/oldest child is Child 1, etc.). Throughout this survey we will refer to your first child as Child 1, your second child as Child 2, your third child as Child 3, and your fourth child as Child 4 as applicable.

Please note that the survey will take up to 20 extra minutes to complete for each additional child you respond about.",,,,,,,,,,,,,
child_1_age,information,,text,"What is Child 1's age?",,,,,,,,,,,,,
child_1_sex,information,,radio,"What is Child 1's sex?","1, Male | 2, Female | 3, Other",,,,,,,,,,,,
child_1_sex_other,information,,text,"Other (please describe)",,,,,,,"[child_1_sex] = '3'",,,,,,
child_1_gender,information,,radio,"What is Child 1's gender?","1, Boy | 2, Girl | 3, Non-binary | 4, Other",,,,,,,,,,,,
child_1_gender_other,information,,text,"Other (please describe)",,,,,,,"[child_1_gender] = '4'",,,,,,
child_1_adopted,information,,yesno,"Is Child 1 adopted or in guardianship care?

Please select 'yes' if the child no longer lives with either of their biological parents. Please select 'no' if the child has one biological parent and one adopted parent.",,,,,,,,,,,,,
child_1_adopted_subgroup,information,,radio,"For Child 1, are/were they","1, Domestically Adopted | 2, Internationally adopted from foster care | 3, Internationally adopted from institutional care | 4, Guardianship care | 5, Other",,,,,,"[child_1_adopted] = '1'",,,,,,
child_1_adopted_subgroup_other,information,,text,"Other (please describe)",,,,,,,"[child_1_adopted_subgroup] = '5'",,,,,,
child_1_parentself,information,,radio,"What is your relation to Child 1?","1, Biological mother | 2, Biological father | 3, Adoptive mother | 4, Adoptive father | 5, Other",,,,,,,,,,,,
child_1_parentself_other,information,,text,"Other (please descrbe)",,,,,,,"[child_1_parentself] = '5'",,,,,,
child_1_primary_caregiver,information,,radio,"Who is Child 1's primary caregiver?","1, Biological mother | 2, Biological father | 3, Adoptive mother | 4, Adoptive father | 5, Other",,,,,,,,,,,,
child_1_primary_caregiver_other,information,,text,"Other (please descrbe)",,,,,,,"[child_1_primary_caregiver] = '5'",,,,,,
child_1_secondary_caregiver,information,,radio,"Who is Child 1's secondary caregiver?","1, Biological mother | 2, Biological father | 3, Adoptive mother | 4, Adoptive father | 0, Not applicable | 5, Other",,,,,,,,,,,,
child_1_secondary_caregiver_other,information,,text,"Other (please describe)",,,,,,,"[child_1_secondary_caregiver] = '5'",,,,,,
child_1_household,information,,radio,"In what type of household does Child 1 live?","2, Dual parent | 1, Single parent | 3, Other",,,,,,,,,,,,
child_1_household_other,information,,text,"Other (please describe)",,,,,,,"[child_1_household] = '3'",,,,,,
pup_participant_location_country,information,,dropdown,"Current location:","1, Afghanistan | 2, Albania | 3, Algeria | 4, Andorra | 5, Angola | 6, Antigua and Barbuda | 7, Argentina | 8, Armenia | 9, Australia | 10, Austria | 11, Azerbaijan | 12, Bahamas | 13, Bahrain | 14, Bangladesh | 15, Barbados | 16, Belarus | 17, Belgium | 18, Belize | 19, Benin | 20, Bhutan | 21, Bolivia | 22, Bosnia and Herzegovina | 23, Botswana | 24, Brazil | 25, Brunei | 26, Bulgaria | 27, Burkina Faso | 28, Burundi | 29, Côte d'Ivoire | 30, Cabo Verde | 31, Cambodia | 32, Cameroon | 33, Canada | 34, Central African Republic | 35, Chad | 36, Chile | 37, China | 38, Colombia | 39, Comoros | 40, Congo (Congo-Brazzaville) | 41, Costa Rica | 42, Croatia | 43, Cuba | 44, Cyprus | 45, Czechia (Czech Republic) | 46, Democratic Republic of the Congo | 47, Denmark | 48, Djibouti | 49, Dominica | 50, Dominican Republic | 51, Ecuador | 52, Egypt | 53, El Salvador | 54, Equatorial Guinea | 55, Eritrea | 56, Estonia | 57, Eswatini (fmr. ""Swaziland"") | 58, Ethiopia | 59, Fiji | 60, Finland | 61, France | 62, Gabon | 63, Gambia | 64, Georgia | 65, Germany | 66, Ghana | 67, Greece | 68, Grenada | 69, Guatemala | 70, Guinea | 71, Guinea-Bissau | 72, Guyana | 73, Haiti | 74, Holy See | 75, Honduras | 76, Hungary | 77, Iceland | 78, India | 79, Indonesia | 80, Iran | 81, Iraq | 82, Ireland | 83, Israel | 84, Italy | 85, Jamaica | 86, Japan | 87, Jordan | 88, Kazakhstan | 89, Kenya | 90, Kiribati | 91, Kuwait | 92, Kyrgyzstan | 93, Laos | 94, Latvia | 95, Lebanon | 96, Lesotho | 97, Liberia | 98, Libya | 99, Liechtenstein | 100, Lithuania | 101, Luxembourg | 102, Madagascar | 103, Malawi | 104, Malaysia | 105, Maldives | 106, Mali | 107, Malta | 108, Marshall Islands | 109, Mauritania | 110, Mauritius | 111, Mexico | 112, Micronesia | 113, Moldova | 114, Monaco | 115, Mongolia | 116, Montenegro | 117, Morocco | 118, Mozambique | 119, Myanmar (formerly Burma) | 120, Namibia | 121, Nauru | 122, Nepal | 123, Netherlands | 124, New Zealand | 125, Nicaragua | 126, Niger | 127, Nigeria | 128, North Korea | 129, North Macedonia | 130, Norway | 131, Oman | 132, Pakistan | 133, Palau | 134, Palestine State | 135, Panama | 136, Papua New Guinea | 137, Paraguay | 138, Peru | 139, Philippines | 140, Poland | 141, Portugal | 142, Qatar | 143, Romania | 144, Russia | 145, Rwanda | 146, Saint Kitts and Nevis | 147, Saint Lucia | 148, Saint Vincent and the Grenadines | 149, Samoa | 150, San Marino | 151, Sao Tome and Principe | 152, Saudi Arabia | 153, Senegal | 154, Serbia | 155, Seychelles | 156, Sierra Leone | 157, Singapore | 158, Slovakia | 159, Slovenia | 160, Solomon Islands | 161, Somalia | 162, South Africa | 163, South Korea | 164, South Sudan | 165, Spain | 166, Sri Lanka | 167, Sudan | 168, Suriname | 169, Sweden | 170, Switzerland | 171, Syria | 172, Tajikistan | 173, Tanzania | 174, Thailand | 175, Timor-Leste | 176, Togo | 177, Tonga | 178, Trinidad and Tobago | 179, Tunisia | 180, Turkey | 181, Turkmenistan | 182, Tuvalu | 183, Uganda | 184, Ukraine | 185, United Arab Emirates | 186, United Kingdom | 187, United States of America | 188, Uruguay | 189, Uzbekistan | 190, Vanuatu | 191, Venezuela | 192, Vietnam | 193, Yemen | 194, Zambia | 195, Zimbabwe",Country,,,,,,,,,,,
pup_participant_location_state,information,,dropdown,,"1, Alabama | 2, Alaska | 3, Arizona | 4, Arkansas | 5, California | 6, Colorado | 7, Connecticut | 8, Delaware | 9, Florida | 10, Georgia | 11, Hawaii | 12, Idaho | 13, Illinois | 14, Indiana | 15, Iowa | 16, Kansas | 17, Kentucky | 18, Louisiana | 19, Maine | 20, Maryland | 21, Massachusetts | 22, Michigan | 23, Minnesota | 24, Mississippi | 25, Missouri | 26, Montana | 27, Nebraska | 28, Nevada | 29, New Hampshire | 30, New Jersey | 31, New Mexico | 32, New York | 33, North Carolina | 34, North Dakota | 35, Ohio | 36, Oklahoma | 37, Oregon | 38, Pennsylvania | 39, Rhode Island | 40, South Carolina | 41, South Dakota | 42, Tennessee | 43, Texas | 44, Utah | 45, Vermont | 46, Virginia | 47, Washington | 48, West Virginia | 49, Wisconsin | 50, Wyoming | 51, Other",State,,,,,"[pup_participant_location_country] = ""187""",,,,,,
pup_participant_location_state_other,information,,text,"Other (please describe)",,,,,,,"[pup_participant_location_state] = ""51""",,,,,,
pup_participant_location_city,information,,text,,,"City ",,,,,,,,,,,
pup_participant_location_geographic,information,,dropdown,,"1, Urban | 2, Suburban | 3, Rural","Geographic location",,,,,,,,,,,
pup_participant_location_geographic_urban,information,,dropdown,,"1, City (100,000 - 1 million inhabitants) | 2, Metropolis (over 1 million inhabitants)","City or Metropolis",,,,,"[pup_participant_location_geographic] = ""1""",,,,,,
health_conditions_respondent,information,,yesno,"Do you have any underlying physical or mental health conditions?",,,,,,,,,,,,,
health_conditions_description_respondent,information,,notes,"Please describe",,,,,,,"[health_conditions_respondent] = '1'",,,,,,
health_conditions_child_1,information,,yesno,"Does Child 1 have any underlying physical or mental health conditions?",,,,,,,,,,,,,
health_conditions_description_child_1,information,,notes,"Please describe",,,,,,,"[health_conditions_child_1] = '1'",,,,,,
child_2_age,information,,text,"What is Child 2's age?",,,,,,,"[parentself_number_children_study] = '2' or [parentself_number_children_study] = '3' or [parentself_number_children_study] = '4'",,,,,,
child_2_sex,information,,radio,"What is Child 2's sex?","1, Male | 2, Female | 3, Other",,,,,,"[parentself_number_children_study] = '2' or [parentself_number_children_study] = '3' or [parentself_number_children_study] = '4'",,,,,,
child_2_sex_other,information,,text,"Other (please describe)",,,,,,,"[child_2_sex] = '3'",,,,,,
child_2_gender,information,,radio,"What is Child 2's gender?","1, Boy | 2, Girl | 3, Non-binary | 4, Other",,,,,,"[parentself_number_children_study] = '2' or [parentself_number_children_study] = '3' or [parentself_number_children_study] = '4'",,,,,,
child_2_gender_other,information,,text,"Other (please describe)",,,,,,,"[child_2_gender] = '4'",,,,,,
child_2_adopted,information,,yesno,"Is Child 2 adopted or in guardianship care?

Please select 'yes' if the child no longer lives with either of their biological parents. Please select 'no' if the child has one biological parent and one adopted parent.",,,,,,,"[parentself_number_children_study] = '2' or [parentself_number_children_study] = '3' or [parentself_number_children_study] = '4'",,,,,,
child_2_adopted_subgroup,information,,radio,"For Child 2, are/were they","1, Domestically Adopted | 2, Internationally adopted from foster care | 3, Internationally adopted from institutional care | 4, Guardianship care | 5, Other",,,,,,"[child_2_adopted] = '1'",,,,,,
child_2_adopted_subgroup_other,information,,text,"Other (please describe)",,,,,,,"[child_2_adopted_subgroup] = '5'",,,,,,
child_2_parentself,information,,radio,"What is your relation to Child 2?","1, Biological mother | 2, Biological father | 3, Adoptive mother | 4, Adoptive father | 5, Other",,,,,,"[parentself_number_children_study] = '2' or [parentself_number_children_study] = '3' or [parentself_number_children_study] = '4'",,,,,,
child_2_parentself_other,information,,text,"Other (please descrbe)",,,,,,,"[child_2_parentself] = '5'",,,,,,
child_2_primary_caregiver,information,,radio,"Who is Child 2's primary caregiver?","1, Biological mother | 2, Biological father | 3, Adoptive mother | 4, Adoptive father | 5, Other",,,,,,"[parentself_number_children_study] = '2' or [parentself_number_children_study] = '3' or [parentself_number_children_study] = '4'",,,,,,
child_2_primary_caregiver_other,information,,text,"Other (please descrbe)",,,,,,,"[child_2_primary_caregiver] = '5'",,,,,,
child_2_secondary_caregiver,information,,radio,"Who is Child 2's secondary caregiver?","1, Biological mother | 2, Biological father | 3, Adoptive mother | 4, Adoptive father | 0, Not applicable | 5, Other",,,,,,"[parentself_number_children_study] = '2' or [parentself_number_children_study] = '3' or [parentself_number_children_study] = '4'",,,,,,
child_2_secondary_caregiver_other,information,,text,"Other (please describe)",,,,,,,"[child_2_secondary_caregiver] = '5'",,,,,,
child_2_household,information,,radio,"In what type of household does Child 2 live?","2, Dual parent | 1, Single parent | 3, Other",,,,,,"[parentself_number_children_study] = '2' or [parentself_number_children_study] = '3' or [parentself_number_children_study] = '4'",,,,,,
child_2_household_other,information,,text,"Other (please describe)",,,,,,,"[child_2_household] = '3'",,,,,,
health_conditions_child_2,information,,yesno,"Does Child 2 have any underlying physical or mental health conditions?",,,,,,,"[parentself_number_children_study] = '2' or [parentself_number_children_study] = '3' or [parentself_number_children_study] = '4'",,,,,,
health_conditions_description_child_2,information,,notes,"Please describe",,,,,,,"[health_conditions_child_2] = '1'",,,,,,
child_3_age,information,,text,"What is Child 3's age?",,,,,,,"[parentself_number_children_study] = '3' or [parentself_number_children_study] = '4'",,,,,,
child_3_sex,information,,radio,"What is Child 3's sex?","1, Male | 2, Female | 3, Other",,,,,,"[parentself_number_children_study] = '3' or [parentself_number_children_study] = '4'",,,,,,
child_3_sex_other,information,,text,"Other (please describe)",,,,,,,"[child_3_sex] = '3'",,,,,,
child_3_gender,information,,radio,"What is Child 3's gender?","1, Boy | 2, Girl | 3, Non-binary | 4, Other",,,,,,"[parentself_number_children_study] = '3' or [parentself_number_children_study] = '4'",,,,,,
child_3_gender_other,information,,text,"Other (please describe)",,,,,,,"[child_3_gender] = '4'",,,,,,
child_3_adopted,information,,yesno,"Is Child 3 adopted or in guardianship care?

Please select 'yes' if the child no longer lives with either of their biological parents. Please select 'no' if the child has one biological parent and one adopted parent.",,,,,,,"[parentself_number_children_study] = '3' or [parentself_number_children_study] = '4'",,,,,,
child_3_adopted_subgroup,information,,radio,"For Child 3, are/were they","1, Domestically Adopted | 2, Internationally adopted from foster care | 3, Internationally adopted from institutional care | 4, Guardianship care | 5, Other",,,,,,"[child_3_adopted] = '1'",,,,,,
child_3_adopted_subgroup_other,information,,text,"Other (please describe)",,,,,,,"[child_3_adopted_subgroup] = '5'",,,,,,
child_3_parentself,information,,radio,"What is your relation to Child 3?","1, Biological mother | 2, Biological father | 3, Adoptive mother | 4, Adoptive father | 5, Other",,,,,,"[parentself_number_children_study] = '3' or [parentself_number_children_study] = '4'",,,,,,
child_3_parentself_other,information,,text,"Other (please descrbe)",,,,,,,"[child_3_parentself] = '5'",,,,,,
child_3_primary_caregiver,information,,radio,"Who is Child 3's primary caregiver?","1, Biological mother | 2, Biological father | 3, Adoptive mother | 4, Adoptive father | 5, Other",,,,,,"[parentself_number_children_study] = '3' or [parentself_number_children_study] = '4'",,,,,,
child_3_primary_caregiver_other,information,,text,"Other (please descrbe)",,,,,,,"[child_3_primary_caregiver] = '5'",,,,,,
child_3_secondary_caregiver,information,,radio,"Who is Child 3's secondary caregiver?","1, Biological mother | 2, Biological father | 3, Adoptive mother | 4, Adoptive father | 0, Not applicable | 5, Other",,,,,,"[parentself_number_children_study] = '3' or [parentself_number_children_study] = '4'",,,,,,
child_3_secondary_caregiver_other,information,,text,"Other (please describe)",,,,,,,"[child_3_secondary_caregiver] = '5'",,,,,,
child_3_household,information,,radio,"In what type of household does Child 3 live?","2, Dual parent | 1, Single parent | 3, Other",,,,,,"[parentself_number_children_study] = '3' or [parentself_number_children_study] = '4'",,,,,,
child_3_household_other,information,,text,"Other (please describe)",,,,,,,"[child_3_household] = '3'",,,,,,
health_conditions_child_3,information,,yesno,"Does Child 3 have any underlying physical or mental health conditions?",,,,,,,"[parentself_number_children_study] = '3' or [parentself_number_children_study] = '4'",,,,,,
health_conditions_description_child_3,information,,notes,"Please describe",,,,,,,"[health_conditions_child_3] = '1'",,,,,,
child_4_age,information,,text,"What is Child 4's age?",,,,,,,"[parentself_number_children_study] = '4'",,,,,,
child_4_sex,information,,radio,"What is Child 4's sex?","1, Male | 2, Female | 3, Other",,,,,,"[parentself_number_children_study] = '4'",,,,,,
child_4_sex_other,information,,text,"Other (please describe)",,,,,,,"[child_4_sex] = '3'",,,,,,
child_4_gender,information,,radio,"What is Child 4's gender?","1, Boy | 2, Girl | 3, Non-binary | 4, Other",,,,,,"[parentself_number_children_study] = '4'",,,,,,
child_4_gender_other,information,,text,"Other (please describe)",,,,,,,"[child_4_gender] = '4'",,,,,,
child_4_adopted,information,,yesno,"Is Child 4 adopted or in guardianship care?

Please select 'yes' if the child no longer lives with either of their biological parents. Please select 'no' if the child has one biological parent and one adopted parent.",,,,,,,"[parentself_number_children_study] = '4'",,,,,,
child_4_adopted_subgroup,information,,radio,"For Child 4, are/were they","1, Domestically Adopted | 2, Internationally adopted from foster care | 3, Internationally adopted from institutional care | 4, Guardianship care | 5, Other",,,,,,"[child_4_adopted] = '1'",,,,,,
child_4_adopted_subgroup_other,information,,text,"Other (please describe)",,,,,,,"[child_4_adopted_subgroup] = '5'",,,,,,
child_4_parentself,information,,radio,"What is your relation to Child 4?","1, Biological mother | 2, Biological father | 3, Adoptive mother | 4, Adoptive father | 5, Other",,,,,,"[parentself_number_children_study] = '4'",,,,,,
child_4_parentself_other,information,,text,"Other (please descrbe)",,,,,,,"[child_4_parentself] = '5'",,,,,,
child_4_primary_caregiver,information,,radio,"Who is Child 4's primary caregiver?","1, Biological mother | 2, Biological father | 3, Adoptive mother | 4, Adoptive father | 5, Other",,,,,,"[parentself_number_children_study] = '4'",,,,,,
child_4_primary_caregiver_other,information,,text,"Other (please descrbe)",,,,,,,"[child_4_primary_caregiver] = '5'",,,,,,
child_4_secondary_caregiver,information,,radio,"Who is Child 4's secondary caregiver?","1, Biological mother | 2, Biological father | 3, Adoptive mother | 4, Adoptive father | 0, Not applicable | 5, Other",,,,,,"[parentself_number_children_study] = '4'",,,,,,
child_4_secondary_caregiver_other,information,,text,"Other (please describe)",,,,,,,"[child_4_secondary_caregiver] = '5'",,,,,,
child_4_household,information,,radio,"In what type of household does Child 4 live?","2, Dual parent | 1, Single parent | 3, Other",,,,,,"[parentself_number_children_study] = '4'",,,,,,
child_4_household_other,information,,text,"Other (please describe)",,,,,,,"[child_4_household] = '3'",,,,,,
health_conditions_child_4,information,,yesno,"Does Child 4 have any underlying physical or mental health conditions?",,,,,,,"[parentself_number_children_study] = '4'",,,,,,
health_conditions_description_child_4,information,,notes,"Please describe",,,,,,,"[health_conditions_child_4] = '1'",,,,,,
