﻿"Variable / Field Name","Form Name","Section Header","Field Type","Field Label","Choices, Calculations, OR Slider Labels","Field Note","Text Validation Type OR Show Slider Number","Text Validation Min","Text Validation Max",Identifier?,"Branching Logic (Show field only if...)","Required Field?","Custom Alignment","Question Number (surveys only)","Matrix Group Name","Matrix Ranking?","Field Annotation"
parentself_number_children,information,,text,"¿​Cuántos hijos tiene?",,,,,,,,,,,,,
parentself_number_children_study_instructions,information,,descriptive,"Usted puede completar esta encuesta para al menos 1 y hasta 4 niños. Si tiene más de un hijo, puede completar la encuesta para todos, o puede elegir completar la encuesta para uno o algunos de ellos. 

Si decide completar la encuesta para más de un hij@, por favor complétala en el orden de sus nacimientos (por ejemplo, su primogénito / hij@ mayor es el niñ@ 1, etc.). A lo largo de esta encuesta, nos referiremos a su primer hij@ como Niñ@ 1, a su segundo hij@ como Niñ@ 2, a su tercer hij@ como Niñ@ 3 y a su cuarto hij@ como Niñ@ 4

Por favor tenga en cuenta que la encuesta tomará hasta 20 minutos adicionales para completarla por cada niñ@ adicional ",,,,,,,,,,,,,
parentself_number_children_study,information,,radio,"¿Para cuántos hijos vas a completar esta encuesta? ","1, 1 | 2, 2 | 3, 3 | 4, 4",,,,,,,y,,,,,
child_1_age,information,,text,"¿Cuántos años tiene niñ@ 1?",,,,,,,,,,,,,
child_1_sex,information,,radio,"¿Cual es el sexo de niñ@ 1?","1, Masculino | 2, Femenino | 3, Otro",,,,,,,,,,,,
child_1_sex_other,information,,text,"Otro (por favor describe)",,,,,,,"[child_1_sex] = '3'",,,,,,
child_1_gender,information,,radio,"¿Cual es el género de niñ@ 1?","1, Hombre | 2, Mujer | 3, No binaria | 4, Otro",,,,,,,,,,,,
child_1_gender_other,information,,text,"Otro (por favor describe):",,,,,,,"[child_1_gender] = '4'",,,,,,
child_1_adopted,information,,radio,"¿Niñ@ 1 es adoptado o en cuidado de tutela?

Por favor elija 'sí' si el niñ@ ahora no vive con cualquiera de sus padres biológicos. Por favor elija 'no' si el niñ@ tiene un padre biológico y un padre adoptado.","1, Sí | 0, No",,,,,,,,,,,,
child_1_adopted_subgroup,information,,radio,"Niñ@ 1 es/era:","1, Adoptado en el país | 2, Adoptado internacionalmente del cuidado de crianza | 3, Adoptada internacionalmente desde la atención institucional | 4, Cuidado de tutela | 5, Otro",,,,,,"[child_1_adopted] = '1'",,,,,,
child_1_adopted_subgroup_other,information,,text,"Otro (por favor describe):",,,,,,,"[child_1_adopted_subgroup] = '5'",,,,,,
child_1_parentself,information,,radio,"¿Qué es su relación con niñ@ 1?","1, Madre biologica | 2, Padre biologico | 3, Madre adoptiva | 4, Padre adoptivo | 5, Otro",,,,,,,,,,,,
child_1_parentself_other,information,,text,"Otro (por favor describe)",,,,,,,"[child_1_parentself] = '5'",,,,,,
child_1_primary_caregiver,information,,radio,"¿Quién es el cuidador principal de niñ@ 1?","1, Madre biologica | 2, Padre biologico | 3, Madre adoptiva | 4, Padre adoptivo | 5, Otro",,,,,,,,,,,,
child_1_primary_caregiver_other,information,,text,"Otro (por favor describe)",,,,,,,"[child_1_primary_caregiver] = '5'",,,,,,
child_1_secondary_caregiver,information,,radio,"¿Quién es el cuidador secundario de niñ@ 1?","1, Madre biologica | 2, Padre biologico | 3, Madre adoptiva | 4, Padre adoptivo | 5, Otro",,,,,,,,,,,,
child_1_secondary_caregiver_other,information,,text,"Otro (por favor describe)",,,,,,,"[child_1_secondary_caregiver] = '5'",,,,,,
child_1_household,information,,radio,"¿En qué tipo de hogar vive niñ@ 1?","2, Dos padres | 1, Solamente un padre o madre | 3, Otro",,,,,,,,,,,,
child_1_household_other,information,,text,"Otro (por favor describe):",,,,,,,"[child_1_household] = '3'",,,,,,
pup_participant_location_country,information,,dropdown,"Ubicación actual","1, Afghanistan | 2, Albania | 3, Algeria | 4, Andorra | 5, Angola | 6, Antigua and Barbuda | 7, Argentina | 8, Armenia | 9, Australia | 10, Austria | 11, Azerbaijan | 12, Bahamas | 13, Bahrain | 14, Bangladesh | 15, Barbados | 16, Belarus | 17, Belgium | 18, Belize | 19, Benin | 20, Bhutan | 21, Bolivia | 22, Bosnia and Herzegovina | 23, Botswana | 24, Brazil | 25, Brunei | 26, Bulgaria | 27, Burkina Faso | 28, Burundi | 29, Côte d'Ivoire | 30, Cabo Verde | 31, Cambodia | 32, Cameroon | 33, Canada | 34, Central African Republic | 35, Chad | 36, Chile | 37, China | 38, Colombia | 39, Comoros | 40, Congo (Congo-Brazzaville) | 41, Costa Rica | 42, Croatia | 43, Cuba | 44, Cyprus | 45, Czechia (Czech Republic) | 46, Democratic Republic of the Congo | 47, Denmark | 48, Djibouti | 49, Dominica | 50, Dominican Republic | 51, Ecuador | 52, Egypt | 53, El Salvador | 54, Equatorial Guinea | 55, Eritrea | 56, Estonia | 57, Eswatini (fmr. ""Swaziland"") | 58, Ethiopia | 59, Fiji | 60, Finland | 61, France | 62, Gabon | 63, Gambia | 64, Georgia | 65, Germany | 66, Ghana | 67, Greece | 68, Grenada | 69, Guatemala | 70, Guinea | 71, Guinea-Bissau | 72, Guyana | 73, Haiti | 74, Holy See | 75, Honduras | 76, Hungary | 77, Iceland | 78, India | 79, Indonesia | 80, Iran | 81, Iraq | 82, Ireland | 83, Israel | 84, Italy | 85, Jamaica | 86, Japan | 87, Jordan | 88, Kazakhstan | 89, Kenya | 90, Kiribati | 91, Kuwait | 92, Kyrgyzstan | 93, Laos | 94, Latvia | 95, Lebanon | 96, Lesotho | 97, Liberia | 98, Libya | 99, Liechtenstein | 100, Lithuania | 101, Luxembourg | 102, Madagascar | 103, Malawi | 104, Malaysia | 105, Maldives | 106, Mali | 107, Malta | 108, Marshall Islands | 109, Mauritania | 110, Mauritius | 111, Mexico | 112, Micronesia | 113, Moldova | 114, Monaco | 115, Mongolia | 116, Montenegro | 117, Morocco | 118, Mozambique | 119, Myanmar (formerly Burma) | 120, Namibia | 121, Nauru | 122, Nepal | 123, Netherlands | 124, New Zealand | 125, Nicaragua | 126, Niger | 127, Nigeria | 128, North Korea | 129, North Macedonia | 130, Norway | 131, Oman | 132, Pakistan | 133, Palau | 134, Palestine State | 135, Panama | 136, Papua New Guinea | 137, Paraguay | 138, Peru | 139, Philippines | 140, Poland | 141, Portugal | 142, Qatar | 143, Romania | 144, Russia | 145, Rwanda | 146, Saint Kitts and Nevis | 147, Saint Lucia | 148, Saint Vincent and the Grenadines | 149, Samoa | 150, San Marino | 151, Sao Tome and Principe | 152, Saudi Arabia | 153, Senegal | 154, Serbia | 155, Seychelles | 156, Sierra Leone | 157, Singapore | 158, Slovakia | 159, Slovenia | 160, Solomon Islands | 161, Somalia | 162, South Africa | 163, South Korea | 164, South Sudan | 165, Spain | 166, Sri Lanka | 167, Sudan | 168, Suriname | 169, Sweden | 170, Switzerland | 171, Syria | 172, Tajikistan | 173, Tanzania | 174, Thailand | 175, Timor-Leste | 176, Togo | 177, Tonga | 178, Trinidad and Tobago | 179, Tunisia | 180, Turkey | 181, Turkmenistan | 182, Tuvalu | 183, Uganda | 184, Ukraine | 185, United Arab Emirates | 186, United Kingdom | 187, United States of America | 188, Uruguay | 189, Uzbekistan | 190, Vanuatu | 191, Venezuela | 192, Vietnam | 193, Yemen | 194, Zambia | 195, Zimbabwe",País,,,,,,,,,,,
pup_participant_location_state,information,,dropdown,,"1, Alabama | 2, Alaska | 3, Arizona | 4, Arkansas | 5, California | 6, Colorado | 7, Connecticut | 8, Delaware | 9, Florida | 10, Georgia | 11, Hawaii | 12, Idaho | 13, Illinois | 14, Indiana | 15, Iowa | 16, Kansas | 17, Kentucky | 18, Louisiana | 19, Maine | 20, Maryland | 21, Massachusetts | 22, Michigan | 23, Minnesota | 24, Mississippi | 25, Missouri | 26, Montana | 27, Nebraska | 28, Nevada | 29, New Hampshire | 30, New Jersey | 31, New Mexico | 32, New York | 33, North Carolina | 34, North Dakota | 35, Ohio | 36, Oklahoma | 37, Oregon | 38, Pennsylvania | 39, Rhode Island | 40, South Carolina | 41, South Dakota | 42, Tennessee | 43, Texas | 44, Utah | 45, Vermont | 46, Virginia | 47, Washington | 48, West Virginia | 49, Wisconsin | 50, Wyoming | 51, Other",Estado,,,,,"[pup_participant_location_country] = ""187""",,,,,,
pup_participant_location_state_other,information,,text,"Otro (por favor describe)",,,,,,,"[pup_participant_location_state] = ""51""",,,,,,
pup_participant_location_city,information,,text,,,Ciudad,,,,,,,,,,,
pup_participant_location_geographic,information,,dropdown,,"1, Urbano | 2, Suburbano | 3, Rural","Ubicación geográfica",,,,,,,,,,,
pup_participant_location_geographic_urban,information,,dropdown,,"1, Ciudad (100,000 - 1 millón de habitantes) | 2, Metrópolis (más de 1 millón de habitantes)","Ciudad o Metrópoli",,,,,"[pup_participant_location_geographic] = ""1""",,,,,,
health_conditions_respondent,information,,radio,"¿Usted tiene alguna condición de salud física o mental subyacente?","1, Sí | 0, No",,,,,,,,,,,,
health_conditions_description_respondent,information,,notes,"Por favor describe",,,,,,,"[health_conditions_respondent] = '1'",,,,,,
health_conditions_child_1,information,,radio,"¿Niñ@ 1 tiene alguna condición física o mental subyacente?","1, Sí | 0, No",,,,,,,,,,,,
health_conditions_description_child_1,information,,notes,"Por favor describe",,,,,,,"[health_conditions_child_1] = '1'",,,,,,
child_2_age,information,,text,"¿Cuántos años tiene niñ@ 2?",,,,,,,"[parentself_number_children_study] = '2' or [parentself_number_children_study] = '3' or [parentself_number_children_study] = '4'",,,,,,
child_2_sex,information,,radio,"¿Cual es el sexo del niñ@ 2?","1, Masculino | 2, Femenino | 3, Otro",,,,,,"[parentself_number_children_study] = '2' or [parentself_number_children_study] = '3' or [parentself_number_children_study] = '4'",,,,,,
child_2_sex_other,information,,text,"Otro (por favor describe)",,,,,,,"[child_2_sex] = '3'",,,,,,
child_2_gender,information,,radio,"¿Cual es el género del niñ@ 2?","1, Hombre | 2, Mujer | 3, No binaria | 4, Otro",,,,,,"[parentself_number_children_study] = '2' or [parentself_number_children_study] = '3' or [parentself_number_children_study] = '4'",,,,,,
child_2_gender_other,information,,text,"Otro (por favor describe)",,,,,,,"[child_2_gender] = '4'",,,,,,
child_2_adopted,information,,radio,"¿Niñ@ 2 es adoptado o en cuidado de tutela?

Por favor elija 'sí' si el niñ@ ahora no vive con cualquiera de sus padres biológicos. Por favor elija 'no' si el niñ@ tiene un padre biológico y un padre adoptado.","1, Sí | 0, No",,,,,,"[parentself_number_children_study] = '2' or [parentself_number_children_study] = '3' or [parentself_number_children_study] = '4'",,,,,,
child_2_adopted_subgroup,information,,radio,"Niñ@ 2 es/era:","1, Adoptada en el país | 2, Adoptado internacionalmente del cuidado de crianza | 3, Adoptada internacionalmente desde la atención institucional | 4, Cuidado de tutela | 5, Otro",,,,,,"[child_2_adopted] = '1'",,,,,,
child_2_adopted_subgroup_other,information,,text,"Otro (por favor describe)",,,,,,,"[child_2_adopted_subgroup] = '5'",,,,,,
child_2_parentself,information,,radio,"¿Qué es su relación con niñ@ 2?","1, Madre biologica | 2, Padre biologico | 3, Madre adoptiva | 4, Padre adoptivo | 5, Otro",,,,,,"[parentself_number_children_study] = '2' or [parentself_number_children_study] = '3' or [parentself_number_children_study] = '4'",,,,,,
child_2_parentself_other,information,,text,"Otro (por favor describe)",,,,,,,"[child_2_parentself] = '5'",,,,,,
child_2_primary_caregiver,information,,radio,"¿Quién es el cuidador principal de niñ@ 2?","1, Madre biologica | 2, Padre biologico | 3, Madre adoptiva | 4, Padre adoptivo | 5, Otro",,,,,,"[parentself_number_children_study] = '2' or [parentself_number_children_study] = '3' or [parentself_number_children_study] = '4'",,,,,,
child_2_primary_caregiver_other,information,,text,"Otro (por favor describe)",,,,,,,"[child_2_primary_caregiver] = '5'",,,,,,
child_2_secondary_caregiver,information,,radio,"¿Quién es el cuidador secundario de niñ@ 2?","1, Madre biologica | 2, Padre biologico | 3, Madre adoptiva | 4, Padre adoptivo | 5, Otro",,,,,,"[parentself_number_children_study] = '2' or [parentself_number_children_study] = '3' or [parentself_number_children_study] = '4'",,,,,,
child_2_secondary_caregiver_other,information,,text,"Otro (por favor describe)",,,,,,,"[child_2_secondary_caregiver] = '5'",,,,,,
child_2_household,information,,radio,"¿En qué tipo de hogar vive niñ@ 2?","2, Dos padres | 1, Solamente un padre o madre | 3, Otro",,,,,,"[parentself_number_children_study] = '2' or [parentself_number_children_study] = '3' or [parentself_number_children_study] = '4'",,,,,,
child_2_household_other,information,,text,"Otro (por favor describe)",,,,,,,"[child_2_household] = '3'",,,,,,
health_conditions_child_2,information,,radio,"¿Niñ@ 2 tiene alguna condición física o mental subyacente?","1, Sí | 0, No",,,,,,"[parentself_number_children_study] = '2' or [parentself_number_children_study] = '3' or [parentself_number_children_study] = '4'",,,,,,
health_conditions_description_child_2,information,,notes,"Por favor describe",,,,,,,"[health_conditions_child_2] = '1'",,,,,,
child_3_age,information,,text,"¿Cuántos años tiene niñ@ 3?",,,,,,,"[parentself_number_children_study] = '3' or [parentself_number_children_study] = '4'",,,,,,
child_3_sex,information,,radio,"¿Cual es el sexo de niñ@ 3?","1, Masculino | 2, Femenino | 3, Otro",,,,,,"[parentself_number_children_study] = '3' or [parentself_number_children_study] = '4'",,,,,,
child_3_sex_other,information,,text,"Otro (por favor describe)",,,,,,,"[child_3_sex] = '3'",,,,,,
child_3_gender,information,,radio,"¿Cual es el género de niñ@ 3?","1, Hombre | 2, Mujer | 3, No binaria | 4, Otro",,,,,,"[parentself_number_children_study] = '3' or [parentself_number_children_study] = '4'",,,,,,
child_3_gender_other,information,,text,"Otro (por favor describe)",,,,,,,"[child_3_gender] = '4'",,,,,,
child_3_adopted,information,,radio,"¿Niñ@ 3 es adoptado o en cuidado de tutela?

Por favor elija 'sí' si el niñ@ ahora no vive con cualquiera de sus padres biológicos. Por favor elija 'no' si el niñ@ tiene un padre biológico y un padre adoptado.","1, Sí | 0, No",,,,,,"[parentself_number_children_study] = '3' or [parentself_number_children_study] = '4'",,,,,,
child_3_adopted_subgroup,information,,radio,"Niñ@ 3 es/era:","1, Adoptada en el país | 2, Adoptado internacionalmente del cuidado de crianza | 3, Adoptada internacionalmente desde la atención institucional | 4, Cuidado de tutela | 5, Otro",,,,,,"[child_3_adopted] = '1'",,,,,,
child_3_adopted_subgroup_other,information,,text,"Otro (por favor describe)",,,,,,,"[child_3_adopted_subgroup] = '5'",,,,,,
child_3_parentself,information,,radio,"¿Qué es su relación con niñ@ 3?","1, Madre biologica | 2, Padre biologico | 3, Madre adoptiva | 4, Padre adoptivo | 5, Otro",,,,,,"[parentself_number_children_study] = '3' or [parentself_number_children_study] = '4'",,,,,,
child_3_parentself_other,information,,text,"Otro (por favor describe)",,,,,,,"[child_3_parentself] = '5'",,,,,,
child_3_primary_caregiver,information,,radio,"¿Quién es el cuidador principal de niñ@ 3?","1, Madre biologica | 2, Padre biologico | 3, Madre adoptiva | 4, Padre adoptivo | 5, Otro",,,,,,"[parentself_number_children_study] = '3' or [parentself_number_children_study] = '4'",,,,,,
child_3_primary_caregiver_other,information,,text,"Otro (por favor describe)",,,,,,,"[child_3_primary_caregiver] = '5'",,,,,,
child_3_secondary_caregiver,information,,radio,"¿Quién es el cuidador secundario de niñ@ 3?","1, Madre biologica | 2, Padre biologico | 3, Madre adoptiva | 4, Padre adoptivo | 5, Otro",,,,,,"[parentself_number_children_study] = '3' or [parentself_number_children_study] = '4'",,,,,,
child_3_secondary_caregiver_other,information,,text,"Otro (por favor describe)",,,,,,,"[child_3_secondary_caregiver] = '5'",,,,,,
child_3_household,information,,radio,"¿En qué tipo de hogar vive niñ@ 3?","2, Dos padres | 1, Solamente un padre o madre | 3, Otro",,,,,,"[parentself_number_children_study] = '3' or [parentself_number_children_study] = '4'",,,,,,
child_3_household_other,information,,text,"Otro (por favor describe)",,,,,,,"[child_3_household] = '3'",,,,,,
health_conditions_child_3,information,,radio,"¿Niñ@ 3 tiene alguna condición física o mental subyacente?","1, Sí | 0, No",,,,,,"[parentself_number_children_study] = '3' or [parentself_number_children_study] = '4'",,,,,,
health_conditions_description_child_3,information,,notes,"Por favor describe",,,,,,,"[health_conditions_child_3] = '1'",,,,,,
child_4_age,information,,text,"¿Cuántos años tiene niñ@ 4?",,,,,,,"[parentself_number_children_study] = '4'",,,,,,
child_4_sex,information,,radio,"¿Cual es el sexo de niñ@ 4?","1, Masculino | 2, Femenino | 3, Otro",,,,,,"[parentself_number_children_study] = '4'",,,,,,
child_4_sex_other,information,,text,"Otro (por favor describe)",,,,,,,"[child_4_sex] = '3'",,,,,,
child_4_gender,information,,radio,"¿Cual es el género de niñ@ 4?","1, Hombre | 2, Mujer | 3, No binaria | 4, Otro",,,,,,"[parentself_number_children_study] = '4'",,,,,,
child_4_gender_other,information,,text,"Otro (por favor describe)",,,,,,,"[child_4_gender] = '4'",,,,,,
child_4_adopted,information,,radio,"¿Niñ@ 4 es adoptado o en cuidado de tutela?

Por favor elija 'sí' si el niñ@ ahora no vive con cualquiera de sus padres biológicos. Por favor elija 'no' si el niñ@ tiene un padre biológico y un padre adoptado.","1, Sí | 0, No",,,,,,"[parentself_number_children_study] = '4'",,,,,,
child_4_adopted_subgroup,information,,radio,"Niñ@ 4 es/era:","1, Adoptada en el país | 2, Adoptado internacionalmente del cuidado de crianza | 3, Adoptada internacionalmente desde la atención institucional | 4, Cuidado de tutela | 5, Otro",,,,,,"[child_4_adopted] = '1'",,,,,,
child_4_adopted_subgroup_other,information,,text,"Otro (por favor describe)",,,,,,,"[child_4_adopted_subgroup] = '5'",,,,,,
child_4_parentself,information,,radio,"¿Qué es su relación con niñ@ 4?","1, Madre biologica | 2, Padre biologico | 3, Madre adoptiva | 4, Padre adoptivo | 5, Otro",,,,,,"[parentself_number_children_study] = '4'",,,,,,
child_4_parentself_other,information,,text,"Otro (por favor describe)",,,,,,,"[child_4_parentself] = '5'",,,,,,
child_4_primary_caregiver,information,,radio,"¿Quién es el cuidador principal de niñ@ 4?","1, Madre biologica | 2, Padre biologico | 3, Madre adoptiva | 4, Padre adoptivo | 5, Otro",,,,,,"[parentself_number_children_study] = '4'",,,,,,
child_4_primary_caregiver_other,information,,text,"Otro (por favor describe)",,,,,,,"[child_4_primary_caregiver] = '5'",,,,,,
child_4_secondary_caregiver,information,,radio,"¿Quién es el cuidador secundario de niñ@ 4?","1, Madre biologica | 2, Padre biologico | 3, Madre adoptiva | 4, Padre adoptivo | 5, Otro",,,,,,"[parentself_number_children_study] = '4'",,,,,,
child_4_secondary_caregiver_other,information,,text,"Otro (por favor describe)",,,,,,,"[child_4_secondary_caregiver] = '5'",,,,,,
child_4_household,information,,radio,"¿En qué tipo de hogar vive niñ@ 4?","2, Dos padres | 1, Solamente un padre o madre | 3, Otro",,,,,,"[parentself_number_children_study] = '4'",,,,,,
child_4_household_other,information,,text,"Otro (por favor describe)",,,,,,,"[child_4_household] = '3'",,,,,,
health_conditions_child_4,information,,radio,"¿Nin@ 4 tiene alguna condición física o mental subyacente?","1, Sí | 0, No",,,,,,"[parentself_number_children_study] = '4'",,,,,,
health_conditions_description_child_4,information,,notes,"Por favor describe",,,,,,,"[health_conditions_child_4] = '1'",,,,,,
