﻿"Variable / Field Name","Form Name","Section Header","Field Type","Field Label","Choices, Calculations, OR Slider Labels","Field Note","Text Validation Type OR Show Slider Number","Text Validation Min","Text Validation Max",Identifier?,"Branching Logic (Show field only if...)","Required Field?","Custom Alignment","Question Number (surveys only)","Matrix Group Name","Matrix Ranking?","Field Annotation"
pbq_1_parentself,pbq,"Por favor leer cada artículo y responde a las siguientes preguntas al respecto.",radio,"Yo puedo regular el estrés de mi hij@","0, Siempre en Desacuerdo | 1, En Desacuerdo | 2, Ligeramente en Desacuerdo | 3, Ninguno | 4, Ligeramente de acuerdo | 5, De Acuerdo | 6, Muy de acuerdo",,,,,,,,,,pbq_matrix_1,,
pbq_2_parentself,pbq,,radio,"Yo puedo pensar en maneras para ayudarle a mi hij@ cuando está teniendo problemas","0, Siempre en Desacuerdo | 1, En Desacuerdo | 2, Ligeramente en Desacuerdo | 3, Ninguno | 4, Ligeramente de acuerdo | 5, De Acuerdo | 6, Muy de acuerdo",,,,,,,,,,pbq_matrix_1,,
pbq_3_parentself,pbq,,radio,"Yo puedo ayudarle a mi hij@ para entender sus emociones cuando está afligido","0, Siempre en Desacuerdo | 1, En Desacuerdo | 2, Ligeramente en Desacuerdo | 3, Ninguno | 4, Ligeramente de acuerdo | 5, De Acuerdo | 6, Muy de acuerdo",,,,,,,,,,pbq_matrix_1,,
pbq_4_parentself,pbq,,radio,"Yo puedo manejar muchos altibajos de ser padre la mayoría de los días","0, Siempre en Desacuerdo | 1, En Desacuerdo | 2, Ligeramente en Desacuerdo | 3, Ninguno | 4, Ligeramente de acuerdo | 5, De Acuerdo | 6, Muy de acuerdo",,,,,,,,,,pbq_matrix_1,,
pbq_5_parentself,pbq,,radio,"[Si] trato de hacerle preguntas a mi hij@ cuando lo veo angustiado, mi hij@ entiende mejor lo que siente","0, Siempre en Desacuerdo | 1, En Desacuerdo | 2, Ligeramente en Desacuerdo | 3, Ninguno | 4, Ligeramente de acuerdo | 5, De Acuerdo | 6, Muy de acuerdo",,,,,,,,,,pbq_matrix_1,,
pbq_1_parentself_child_1,pbq,"Las siguientes preguntas se refieren a Niñ@ 1.

Indique cuántas veces en las ÚLTIMAS DOS SEMANAS participó en cualquiera de los siguientes comportamientos con el Niñ@ 1.",radio,"Usado contacto físico para regular el estrés de mi hij@","0, Nunca | 1, Una vez | 2, Varias veces a la semana | 3, Aproximadamente una vez al día | 4, Varias veces al día | 5, Casi constantemente",,,,,,,,,,pbq_matrix_2_child_1,,
pbq_2_parentself_child_1,pbq,,radio,"Limitó uso de los medios a mi hij@","0, Nunca | 1, Una vez | 2, Varias veces a la semana | 3, Aproximadamente una vez al día | 4, Varias veces al día | 5, Casi constantemente",,,,,,,,,,pbq_matrix_2_child_1,,
pbq_3_parentself_child_1,pbq,,radio,"Tuve conversaciones sobre COVID-19 en casa","0, Nunca | 1, Una vez | 2, Varias veces a la semana | 3, Aproximadamente una vez al día | 4, Varias veces al día | 5, Casi constantemente",,,,,,,,,,pbq_matrix_2_child_1,,
pbq_4_parentself_child_1,pbq,,radio,"Intenté explicar COVID-19 de una manera que mi hij@ entendería","0, Nunca | 1, Una vez | 2, Varias veces a la semana | 3, Aproximadamente una vez al día | 4, Varias veces al día | 5, Casi constantemente",,,,,,,,,,pbq_matrix_2_child_1,,
pbq_5_parentself_child_1,pbq,,radio,"Estableció rutinas diarias para mi hij@","0, Nunca | 1, Una vez | 2, Varias veces a la semana | 3, Aproximadamente una vez al día | 4, Varias veces al día | 5, Casi constantemente",,,,,,,,,,pbq_matrix_2_child_1,,
pbq_6_parentself_child_1,pbq,,radio,"Reservó tiempo para escuchar las preocupaciones de mi hij@","0, Nunca | 1, Una vez | 2, Varias veces a la semana | 3, Aproximadamente una vez al día | 4, Varias veces al día | 5, Casi constantemente",,,,,,,,,,pbq_matrix_2_child_1,,
pbq_7_parentself_child_1,pbq,,radio,"Trató de ayudarle a mi hij@ enfocarse en las cosas positivas en vida","0, Nunca | 1, Una vez | 2, Varias veces a la semana | 3, Aproximadamente una vez al día | 4, Varias veces al día | 5, Casi constantemente",,,,,,,,,,pbq_matrix_2_child_1,,
pbq_8_parentself_child_1,pbq,,radio,"Sugirió actividades que mi hij@ disfrutara hacer en casa","0, Nunca | 1, Una vez | 2, Varias veces a la semana | 3, Aproximadamente una vez al día | 4, Varias veces al día | 5, Casi constantemente",,,,,,,,,,pbq_matrix_2_child_1,,
pbq_9_parentself_child_1,pbq,,radio,"Sugirió hacer algún tipo de ejercicio","0, Nunca | 1, Una vez | 2, Varias veces a la semana | 3, Aproximadamente una vez al día | 4, Varias veces al día | 5, Casi constantemente",,,,,,,,,,pbq_matrix_2_child_1,,
pbq_10_parentself_child_1,pbq,,radio,"Trató de ayudarle a mi hij@ dormir más","0, Nunca | 1, Una vez | 2, Varias veces a la semana | 3, Aproximadamente una vez al día | 4, Varias veces al día | 5, Casi constantemente",,,,,,,,,,pbq_matrix_2_child_1,,
pbq_11_parentself_child_1,pbq,,radio,"Organizó una actividad divertida con miembros de la familia","0, Nunca | 1, Una vez | 2, Varias veces a la semana | 3, Aproximadamente una vez al día | 4, Varias veces al día | 5, Casi constantemente",,,,,,,,,,pbq_matrix_2_child_1,,
pbq_12_parentself_child_1,pbq,,radio,"Trató de ayudar a pensar en el problema de una manera diferente para que no parezca tan mal","0, Nunca | 1, Una vez | 2, Varias veces a la semana | 3, Aproximadamente una vez al día | 4, Varias veces al día | 5, Casi constantemente",,,,,,,,,,pbq_matrix_2_child_1,,
pbq_13_parentself_child_1,pbq,,radio,"Le animó a hablar sobre sus emociones con otros; familia, amigos, o otros personas que confía","0, Nunca | 1, Una vez | 2, Varias veces a la semana | 3, Aproximadamente una vez al día | 4, Varias veces al día | 5, Casi constantemente",,,,,,,,,,pbq_matrix_2_child_1,,
attention_check_3,pbq,,radio,"Para asegurarse de que está prestando atención completa a este estudio, seleccione la opción 6, ""Casi constantemente""","0, Nunca | 1, Una vez | 2, Varias veces a la semana | 3, Aproximadamente una vez al día | 4, Varias veces al día | 5, Casi constantemente",,,,,,,,,,pbq_matrix_2_child_1,,
pbq_14_parentself_child_1,pbq,,radio,"Sugirió recurrir a creencias religiosas, espirituales o meditar","0, Nunca | 1, Una vez | 2, Varias veces a la semana | 3, Aproximadamente una vez al día | 4, Varias veces al día | 5, Casi constantemente",,,,,,,,,,pbq_matrix_2_child_1,,
pbq_15_parentself_child_1,pbq,,radio,"Hago una cita con un psicólogo, terapeuta o otro servicio de apoyo de salud mental","0, Nunca | 1, Una vez | 2, Varias veces a la semana | 3, Aproximadamente una vez al día | 4, Varias veces al día | 5, Casi constantemente",,,,,,,,,,pbq_matrix_2_child_1,,
pbq_16_parentself_child_1,pbq,,radio,Otro,"0, Nunca | 1, Una vez | 2, Varias veces a la semana | 3, Aproximadamente una vez al día | 4, Varias veces al día | 5, Casi constantemente",,,,,,,,,,pbq_matrix_2_child_1,,
pbq_16_other_parentself_child_1,pbq,,notes," ¿De qué otras formas has estado ayudando a Niñ@ 1 a lidiar con COVID-19 y la orden de quedarse en casa?

Por favor utilice este espacio para decirnos qué más ha estado haciendo ",,,,,,,"[pbq_16_parentself_child_1] = '5' or [pbq_16_parentself_child_1] = '4' or [pbq_16_parentself_child_1] = '3' or [pbq_16_parentself_child_1] = '2' or [pbq_16_parentself_child_1] = '1'",,,,,,
pbq_16_other_helpful_parentself_child_1,pbq,,radio,"¿Cómo de útil fueron los otros servicios?","0, Para nada | 1, Muy ligeramente | 2, Ligeramente | 3, Moderadamente | 4, Bastante | 5, Sumamente",,,,,,"[pbq_16_parentself_child_1] = '5' or [pbq_16_parentself_child_1] = '4' or [pbq_16_parentself_child_1] = '3' or [pbq_16_parentself_child_1] = '2' or [pbq_16_parentself_child_1] = '1'",,,,,,
pbq_17_parentself_child_1,pbq,"Las siguientes preguntas se refieren a Niñ@ 1.

¿Como de útiles fueron cada uno de estos comportamientos en los que participó con el Niñ@ 1?",radio,"Usado contacto físico para regular el estrés de mi hij@","0, Para nada | 1, Muy ligeramente | 2, Ligeramente | 3, Moderadamente | 4, Bastante | 5, Sumamente",,,,,,"[pbq_1_parentself_child_1] = '1' or [pbq_1_parentself_child_1] = '2' or [pbq_1_parentself_child_1] = '3' or [pbq_1_parentself_child_1] = '4' or [pbq_1_parentself_child_1] = '5'",,,,bbq_matrix_3_child_1,,
pbq_18_parentself_child_1,pbq,,radio,"Limitó uso de los medios de su hij@","0, Para nada | 1, Muy ligeramente | 2, Ligeramente | 3, Moderadamente | 4, Bastante | 5, Sumamente",,,,,,"[pbq_2_parentself_child_1] = '1' or [pbq_2_parentself_child_1] = '2' or [pbq_2_parentself_child_1] = '3' or [pbq_2_parentself_child_1] = '4' or [pbq_2_parentself_child_1] = '5'",,,,bbq_matrix_3_child_1,,
pbq_19_parentself_child_1,pbq,,radio,"Tuve conversaciones sobre COVID-19 en casa","0, Para nada | 1, Muy ligeramente | 2, Ligeramente | 3, Moderadamente | 4, Bastante | 5, Sumamente",,,,,,"[pbq_3_parentself_child_1] = '1' or [pbq_3_parentself_child_1] = '2' or [pbq_3_parentself_child_1] = '3' or [pbq_3_parentself_child_1] = '4' or [pbq_3_parentself_child_1] = '5'",,,,bbq_matrix_3_child_1,,
pbq_20_parentself_child_1,pbq,,radio,"Intenté explicar COVID-19 de una manera que mi hij@ entendería","0, Para nada | 1, Muy ligeramente | 2, Ligeramente | 3, Moderadamente | 4, Bastante | 5, Sumamente",,,,,,"[pbq_4_parentself_child_1] = '1' or [pbq_4_parentself_child_1] = '2' or [pbq_4_parentself_child_1] = '3' or [pbq_4_parentself_child_1] = '4' or [pbq_4_parentself_child_1] = '5'",,,,bbq_matrix_3_child_1,,
pbq_21_parentself_child_1,pbq,,radio,"Estabilicé rutinas diarias para mi hij@","0, Para nada | 1, Muy ligeramente | 2, Ligeramente | 3, Moderadamente | 4, Bastante | 5, Sumamente",,,,,,"[pbq_5_parentself_child_1] = '1' or [pbq_5_parentself_child_1] = '2' or [pbq_5_parentself_child_1] = '3' or [pbq_5_parentself_child_1] = '4' or [pbq_5_parentself_child_1] = '5'",,,,bbq_matrix_3_child_1,,
pbq_22_parentself_child_1,pbq,,radio,"Reservó tiempo para escuchar a los preocupaciones de mi hij@","0, Para nada | 1, Muy ligeramente | 2, Ligeramente | 3, Moderadamente | 4, Bastante | 5, Sumamente",,,,,,"[pbq_6_parentself_child_1] = '1' or [pbq_6_parentself_child_1] = '2' or [pbq_6_parentself_child_1] = '3' or [pbq_6_parentself_child_1] = '4' or [pbq_6_parentself_child_1] = '5'",,,,bbq_matrix_3_child_1,,
pbq_23_parentself_child_1,pbq,,radio,"Trató de ayudarle a mi hij@ enfocarse en las cosas positivas en vida","0, Para nada | 1, Muy ligeramente | 2, Ligeramente | 3, Moderadamente | 4, Bastante | 5, Sumamente",,,,,,"[pbq_7_parentself_child_1] = '1' or [pbq_7_parentself_child_1] = '2' or [pbq_7_parentself_child_1] = '3' or [pbq_7_parentself_child_1] = '4' or [pbq_7_parentself_child_1] = '5'",,,,bbq_matrix_3_child_1,,
pbq_24_parentself_child_1,pbq,,radio,"Sugirió actividades que mi hij@ disfrutara hacer en casa","0, Para nada | 1, Muy ligeramente | 2, Ligeramente | 3, Moderadamente | 4, Bastante | 5, Sumamente",,,,,,"[pbq_8_parentself_child_1] = '1' or [pbq_8_parentself_child_1] = '2' or [pbq_8_parentself_child_1] = '3' or [pbq_8_parentself_child_1] = '4' or [pbq_8_parentself_child_1] = '5'",,,,bbq_matrix_3_child_1,,
pbq_25_parentself_child_1,pbq,,radio,"Sugirió hacer algún tipo de ejercicio","0, Para nada | 1, Muy ligeramente | 2, Ligeramente | 3, Moderadamente | 4, Bastante | 5, Sumamente",,,,,,"[pbq_9_parentself_child_1] = '1' or [pbq_9_parentself_child_1] = '2' or [pbq_9_parentself_child_1] = '3' or [pbq_9_parentself_child_1] = '4' or [pbq_9_parentself_child_1] = '5'",,,,bbq_matrix_3_child_1,,
pbq_26_parentself_child_1,pbq,,radio,"Trató de ayudarle a mi hij@ a dormir más","0, Para nada | 1, Muy ligeramente | 2, Ligeramente | 3, Moderadamente | 4, Bastante | 5, Sumamente",,,,,,"[pbq_10_parentself_child_1] = '1' or [pbq_10_parentself_child_1] = '2' or [pbq_10_parentself_child_1] = '3' or [pbq_10_parentself_child_1] = '4' or [pbq_10_parentself_child_1] = '5'",,,,bbq_matrix_3_child_1,,
pbq_27_parentself_child_1,pbq,,radio,"Organizó una actividad divertida con miembros de la familia","0, Para nada | 1, Muy ligeramente | 2, Ligeramente | 3, Moderadamente | 4, Bastante | 5, Sumamente",,,,,,"[pbq_11_parentself_child_1] = '1' or [pbq_11_parentself_child_1] = '2' or [pbq_11_parentself_child_1] = '3' or [pbq_11_parentself_child_1] = '4' or [pbq_11_parentself_child_1] = '5'",,,,bbq_matrix_3_child_1,,
pbq_28_parentself_child_1,pbq,,radio,"Trató de ayudar a pensar en el problema de una manera diferente para que no pareciera tan mal","0, Para nada | 1, Muy ligeramente | 2, Ligeramente | 3, Moderadamente | 4, Bastante | 5, Sumamente",,,,,,"[pbq_12_parentself_child_1] = '1' or [pbq_12_parentself_child_1] = '2' or [pbq_12_parentself_child_1] = '3' or [pbq_12_parentself_child_1] = '4' or [pbq_12_parentself_child_1] = '5'",,,,bbq_matrix_3_child_1,,
pbq_29_parentself_child_1,pbq,,radio,"Le animó a hablar sobre sus emociones con otros personas; familia, amigos, o otros personas que confía","0, Para nada | 1, Muy ligeramente | 2, Ligeramente | 3, Moderadamente | 4, Bastante | 5, Sumamente",,,,,,"[pbq_13_parentself_child_1] = '1' or [pbq_13_parentself_child_1] = '2' or [pbq_13_parentself_child_1] = '3' or [pbq_13_parentself_child_1] = '4' or [pbq_13_parentself_child_1] = '5'",,,,bbq_matrix_3_child_1,,
pbq_30_parentself_child_1,pbq,,radio,"Sugirió recurrir a creencias religiosas, espirituales o meditar","0, Para nada | 1, Muy ligeramente | 2, Ligeramente | 3, Moderadamente | 4, Bastante | 5, Sumamente",,,,,,"[pbq_14_parentself_child_1] = '1' or [pbq_14_parentself_child_1] = '2' or [pbq_14_parentself_child_1] = '3' or [pbq_14_parentself_child_1] = '4' or [pbq_14_parentself_child_1] = '5'",,,,bbq_matrix_3_child_1,,
pbq_31_parentself_child_1,pbq,,radio,"Hago una cita con un psicólogo, terapeuta o otro servicio de apoyo de salud mental","0, Para nada | 1, Muy ligeramente | 2, Ligeramente | 3, Moderadamente | 4, Bastante | 5, Sumamente",,,,,,"[pbq_15_parentself_child_1] = '1' or [pbq_15_parentself_child_1] = '2' or [pbq_15_parentself_child_1] = '3' or [pbq_15_parentself_child_1] = '4' or [pbq_15_parentself_child_1] = '5'",,,,bbq_matrix_3_child_1,,
pbq_1_parentself_child_2,pbq,"Las siguientes preguntas se refieren a Niñ@ 2.

Indique cuántas veces en las ÚLTIMAS DOS SEMANAS participó en cualquiera de los siguientes comportamientos con el Niñ@ 2.",radio,"Usado contacto físico para regular el estrés de mi hij@","0, Nunca | 1, Una vez | 2, Muchas veces a la semana | 3, Aproximadamente una vez al día | 4, Muchas veces al día | 5, Casi constantemente",,,,,,"[parentself_number_children_study] = '2' or [parentself_number_children_study] = '3' or [parentself_number_children_study] = '4'",,,,pbq_matrix_2_child_2,,
pbq_2_parentself_child_2,pbq,,radio,"Limitó uso de los medios de mi hij@","0, Nunca | 1, Una vez | 2, Muchas veces a la semana | 3, Aproximadamente una vez al día | 4, Muchas veces al día | 5, Casi constantemente",,,,,,"[parentself_number_children_study] = '2' or [parentself_number_children_study] = '3' or [parentself_number_children_study] = '4'",,,,pbq_matrix_2_child_2,,
pbq_3_parentself_child_2,pbq,,radio,"Tuve conversaciones sobre COVID-19 en casa","0, Nunca | 1, Una vez | 2, Muchas veces a la semana | 3, Aproximadamente una vez al día | 4, Muchas veces al día | 5, Casi constantemente",,,,,,"[parentself_number_children_study] = '2' or [parentself_number_children_study] = '3' or [parentself_number_children_study] = '4'",,,,pbq_matrix_2_child_2,,
pbq_4_parentself_child_2,pbq,,radio,"Intenté explicar COVID-19 de una manera que mi hij@ entendería","0, Nunca | 1, Una vez | 2, Muchas veces a la semana | 3, Aproximadamente una vez al día | 4, Muchas veces al día | 5, Casi constantemente",,,,,,"[parentself_number_children_study] = '2' or [parentself_number_children_study] = '3' or [parentself_number_children_study] = '4'",,,,pbq_matrix_2_child_2,,
pbq_5_parentself_child_2,pbq,,radio,"Estableció rutinas diarias para mi hij@","0, Nunca | 1, Una vez | 2, Muchas veces a la semana | 3, Aproximadamente una vez al día | 4, Muchas veces al día | 5, Casi constantemente",,,,,,"[parentself_number_children_study] = '2' or [parentself_number_children_study] = '3' or [parentself_number_children_study] = '4'",,,,pbq_matrix_2_child_2,,
pbq_6_parentself_child_2,pbq,,radio,"Reservó tiempo para escuchar las preocupaciones de mi hij@","0, Nunca | 1, Una vez | 2, Muchas veces a la semana | 3, Aproximadamente una vez al día | 4, Muchas veces al día | 5, Casi constantemente",,,,,,"[parentself_number_children_study] = '2' or [parentself_number_children_study] = '3' or [parentself_number_children_study] = '4'",,,,pbq_matrix_2_child_2,,
pbq_7_parentself_child_2,pbq,,radio,"Trató de ayudarle a mi hij@ enfocarse en las cosas positivas en vida","0, Nunca | 1, Una vez | 2, Muchas veces a la semana | 3, Aproximadamente una vez al día | 4, Muchas veces al día | 5, Casi constantemente",,,,,,"[parentself_number_children_study] = '2' or [parentself_number_children_study] = '3' or [parentself_number_children_study] = '4'",,,,pbq_matrix_2_child_2,,
pbq_8_parentself_child_2,pbq,,radio,"Sugirió actividades que mi hij@ disfrutara hacer en casa","0, Nunca | 1, Una vez | 2, Muchas veces a la semana | 3, Aproximadamente una vez al día | 4, Muchas veces al día | 5, Casi constantemente",,,,,,"[parentself_number_children_study] = '2' or [parentself_number_children_study] = '3' or [parentself_number_children_study] = '4'",,,,pbq_matrix_2_child_2,,
pbq_9_parentself_child_2,pbq,,radio,"Sugirió hacer algún tipo de ejercicio","0, Nunca | 1, Una vez | 2, Muchas veces a la semana | 3, Aproximadamente una vez al día | 4, Muchas veces al día | 5, Casi constantemente",,,,,,"[parentself_number_children_study] = '2' or [parentself_number_children_study] = '3' or [parentself_number_children_study] = '4'",,,,pbq_matrix_2_child_2,,
pbq_10_parentself_child_2,pbq,,radio,"Trató de ayudarle a mi hij@ dormir más","0, Nunca | 1, Una vez | 2, Muchas veces a la semana | 3, Aproximadamente una vez al día | 4, Muchas veces al día | 5, Casi constantemente",,,,,,"[parentself_number_children_study] = '2' or [parentself_number_children_study] = '3' or [parentself_number_children_study] = '4'",,,,pbq_matrix_2_child_2,,
pbq_11_parentself_child_2,pbq,,radio,"Organizó una actividad divertida con miembros de la familia","0, Nunca | 1, Una vez | 2, Muchas veces a la semana | 3, Aproximadamente una vez al día | 4, Muchas veces al día | 5, Casi constantemente",,,,,,"[parentself_number_children_study] = '2' or [parentself_number_children_study] = '3' or [parentself_number_children_study] = '4'",,,,pbq_matrix_2_child_2,,
pbq_12_parentself_child_2,pbq,,radio,"Trató de ayudarle a pensar en el problema de una manera diferente para que no parezca tan mal","0, Nunca | 1, Una vez | 2, Muchas veces a la semana | 3, Aproximadamente una vez al día | 4, Muchas veces al día | 5, Casi constantemente",,,,,,"[parentself_number_children_study] = '2' or [parentself_number_children_study] = '3' or [parentself_number_children_study] = '4'",,,,pbq_matrix_2_child_2,,
pbq_13_parentself_child_2,pbq,,radio,"Le animó a hablar sobre sus emociones con otros; familia, amigos, o otros personas que confía","0, Nunca | 1, Una vez | 2, Muchas veces a la semana | 3, Aproximadamente una vez al día | 4, Muchas veces al día | 5, Casi constantemente",,,,,,"[parentself_number_children_study] = '2' or [parentself_number_children_study] = '3' or [parentself_number_children_study] = '4'",,,,pbq_matrix_2_child_2,,
pbq_14_parentself_child_2,pbq,,radio,"Sugirió recurrir a creencias religiosas, espirituales o meditar","0, Nunca | 1, Una vez | 2, Muchas veces a la semana | 3, Aproximadamente una vez al día | 4, Muchas veces al día | 5, Casi constantemente",,,,,,"[parentself_number_children_study] = '2' or [parentself_number_children_study] = '3' or [parentself_number_children_study] = '4'",,,,pbq_matrix_2_child_2,,
pbq_15_parentself_child_2,pbq,,radio,"Hago una cita con un psicólogo, terapeuta o otro servicio de apoyo de salud mental","0, Nunca | 1, Una vez | 2, Muchas veces a la semana | 3, Aproximadamente una vez al día | 4, Muchas veces al día | 5, Casi constantemente",,,,,,"[parentself_number_children_study] = '2' or [parentself_number_children_study] = '3' or [parentself_number_children_study] = '4'",,,,pbq_matrix_2_child_2,,
pbq_16_parentself_child_2,pbq,,radio,Otro,"0, Nunca | 1, Una vez | 2, Muchas veces a la semana | 3, Aproximadamente una vez al día | 4, Muchas veces al día | 5, Casi constantemente",,,,,,"[parentself_number_children_study] = '2' or [parentself_number_children_study] = '3' or [parentself_number_children_study] = '4'",,,,pbq_matrix_2_child_2,,
pbq_16_other_parentself_child_2,pbq,,notes,"¿De qué otras formas has estado ayudando a Niñ@ 1 a lidiar con COVID-19 y la orden de quedarse en casa?

Por favor utilice este espacio para decirnos qué más ha estado haciendo ",,,,,,,"[pbq_16_parentself_child_2] = '5' or [pbq_16_parentself_child_2] = '4' or [pbq_16_parentself_child_2] = '3' or [pbq_16_parentself_child_2] = '2' or [pbq_16_parentself_child_2] = '1'",,,,,,
pbq_16_other_helpful_parentself_child_2,pbq,,radio,"¿Cómo de útil fueron estos servicios? ","0, Para nada | 1, Muy ligeramente | 2, Ligeramente | 3, Moderadamente | 4, Bastante | 5, Sumamente",,,,,,"[pbq_16_parentself_child_2] = '5' or [pbq_16_parentself_child_2] = '4' or [pbq_16_parentself_child_2] = '3' or [pbq_16_parentself_child_2] = '2' or [pbq_16_parentself_child_2] = '1'",,,,,,
pbq_17_parentself_child_2,pbq,"Las siguientes preguntas se refieren a Niñ@ 2.

¿Como de útiles fueron cada uno de estos comportamientos en los que participó con el Niñ@ 2?",radio,"Usado contacto físico para regular el estrés de mi hij@","0, Para nada | 1, Muy ligeramente | 2, Ligeramente | 3, Moderadamente | 4, Bastante | 5, Sumamente",,,,,,"[pbq_1_parentself_child_2] = '1' or [pbq_1_parentself_child_2] = '2' or [pbq_1_parentself_child_2] = '3' or [pbq_1_parentself_child_2] = '4' or [pbq_1_parentself_child_2] = '5'",,,,bbq_matrix_3_child_2,,
pbq_18_parentself_child_2,pbq,,radio,"Limitado uso de los mediosa a mi hij@","0, Para nada | 1, Muy ligeramente | 2, Ligeramente | 3, Moderadamente | 4, Bastante | 5, Sumamente",,,,,,"[pbq_2_parentself_child_2] = '1' or [pbq_2_parentself_child_2] = '2' or [pbq_2_parentself_child_2] = '3' or [pbq_2_parentself_child_2] = '4' or [pbq_2_parentself_child_2] = '5'",,,,bbq_matrix_3_child_2,,
pbq_19_parentself_child_2,pbq,,radio,"Tuve conversaciones sobre COVID-19 en casa","0, Para nada | 1, Muy ligeramente | 2, Ligeramente | 3, Moderadamente | 4, Bastante | 5, Sumamente",,,,,,"[pbq_3_parentself_child_2] = '1' or [pbq_3_parentself_child_2] = '2' or [pbq_3_parentself_child_2] = '3' or [pbq_3_parentself_child_2] = '4' or [pbq_3_parentself_child_2] = '5'",,,,bbq_matrix_3_child_2,,
pbq_20_parentself_child_2,pbq,,radio,"Intenté explicar COVID-19 de una manera que mi hij@ entendería","0, Para nada | 1, Muy ligeramente | 2, Ligeramente | 3, Moderadamente | 4, Bastante | 5, Sumamente",,,,,,"[pbq_4_parentself_child_2] = '1' or [pbq_4_parentself_child_2] = '2' or [pbq_4_parentself_child_2] = '3' or [pbq_4_parentself_child_2] = '4' or [pbq_4_parentself_child_2] = '5'",,,,bbq_matrix_3_child_2,,
pbq_21_parentself_child_2,pbq,,radio,"Estabilicé rutinas diarias para mi hij@","0, Para nada | 1, Muy ligeramente | 2, Ligeramente | 3, Moderadamente | 4, Bastante | 5, Sumamente",,,,,,"[pbq_5_parentself_child_2] = '1' or [pbq_5_parentself_child_2] = '2' or [pbq_5_parentself_child_2] = '3' or [pbq_5_parentself_child_2] = '4' or [pbq_5_parentself_child_2] = '5'",,,,bbq_matrix_3_child_2,,
pbq_22_parentself_child_2,pbq,,radio,"Reservó tiempo para escuchar las preocupaciones de mi hij@","0, Para nada | 1, Muy ligeramente | 2, Ligeramente | 3, Moderadamente | 4, Bastante | 5, Sumamente",,,,,,"[pbq_6_parentself_child_2] = '1' or [pbq_6_parentself_child_2] = '2' or [pbq_6_parentself_child_2] = '3' or [pbq_6_parentself_child_2] = '4' or [pbq_6_parentself_child_2] = '5'",,,,bbq_matrix_3_child_2,,
pbq_23_parentself_child_2,pbq,,radio,"Trató de ayudarle a mi hij@ enfocarse en las cosas positivas en vida","0, Para nada | 1, Muy ligeramente | 2, Ligeramente | 3, Moderadamente | 4, Bastante | 5, Sumamente",,,,,,"[pbq_7_parentself_child_2] = '1' or [pbq_7_parentself_child_2] = '2' or [pbq_7_parentself_child_2] = '3' or [pbq_7_parentself_child_2] = '4' or [pbq_7_parentself_child_2] = '5'",,,,bbq_matrix_3_child_2,,
pbq_24_parentself_child_2,pbq,,radio,"Sugirió actividades que mi hij@ disfrutara hacer en casa","0, Para nada | 1, Muy ligeramente | 2, Ligeramente | 3, Moderadamente | 4, Bastante | 5, Sumamente",,,,,,"[pbq_8_parentself_child_2] = '1' or [pbq_8_parentself_child_2] = '2' or [pbq_8_parentself_child_2] = '3' or [pbq_8_parentself_child_2] = '4' or [pbq_8_parentself_child_2] = '5'",,,,bbq_matrix_3_child_2,,
pbq_25_parentself_child_2,pbq,,radio,"Sugirió hacer algún tipo de ejercicio","0, Para nada | 1, Muy ligeramente | 2, Ligeramente | 3, Moderadamente | 4, Bastante | 5, Sumamente",,,,,,"[pbq_9_parentself_child_2] = '1' or [pbq_9_parentself_child_2] = '2' or [pbq_9_parentself_child_2] = '3' or [pbq_9_parentself_child_2] = '4' or [pbq_9_parentself_child_2] = '5'",,,,bbq_matrix_3_child_2,,
pbq_26_parentself_child_2,pbq,,radio,"Trató de ayudarle a mi hij@ a dormir más","0, Para nada | 1, Muy ligeramente | 2, Ligeramente | 3, Moderadamente | 4, Bastante | 5, Sumamente",,,,,,"[pbq_10_parentself_child_2] = '1' or [pbq_10_parentself_child_2] = '2' or [pbq_10_parentself_child_2] = '3' or [pbq_10_parentself_child_2] = '4' or [pbq_10_parentself_child_2] = '5'",,,,bbq_matrix_3_child_2,,
pbq_27_parentself_child_2,pbq,,radio,"Organizó una actividad divertida con miembros de la familia","0, Para nada | 1, Muy ligeramente | 2, Ligeramente | 3, Moderadamente | 4, Bastante | 5, Sumamente",,,,,,"[pbq_11_parentself_child_2] = '1' or [pbq_11_parentself_child_2] = '2' or [pbq_11_parentself_child_2] = '3' or [pbq_11_parentself_child_2] = '4' or [pbq_11_parentself_child_2] = '5'",,,,bbq_matrix_3_child_2,,
pbq_28_parentself_child_2,pbq,,radio,"Trató de ayudar a pensar en el problema de una manera diferente para que no parezca tan mal","0, Para nada | 1, Muy ligeramente | 2, Ligeramente | 3, Moderadamente | 4, Bastante | 5, Sumamente",,,,,,"[pbq_12_parentself_child_2] = '1' or [pbq_12_parentself_child_2] = '2' or [pbq_12_parentself_child_2] = '3' or [pbq_12_parentself_child_2] = '4' or [pbq_12_parentself_child_2] = '5'",,,,bbq_matrix_3_child_2,,
pbq_29_parentself_child_2,pbq,,radio,"Le animó a hablar sobre sus emociones con otros; familia, amigos, o otros personas que confía","0, Para nada | 1, Muy ligeramente | 2, Ligeramente | 3, Moderadamente | 4, Bastante | 5, Sumamente",,,,,,"[pbq_13_parentself_child_2] = '1' or [pbq_13_parentself_child_2] = '2' or [pbq_13_parentself_child_2] = '3' or [pbq_13_parentself_child_2] = '4' or [pbq_13_parentself_child_2] = '5'",,,,bbq_matrix_3_child_2,,
pbq_30_parentself_child_2,pbq,,radio,"Sugirió recurrir a creencias religiosas, espirituales o meditar","0, Para nada | 1, Muy ligeramente | 2, Ligeramente | 3, Moderadamente | 4, Bastante | 5, Sumamente",,,,,,"[pbq_14_parentself_child_2] = '1' or [pbq_14_parentself_child_2] = '2' or [pbq_14_parentself_child_2] = '3' or [pbq_14_parentself_child_2] = '4' or [pbq_14_parentself_child_2] = '5'",,,,bbq_matrix_3_child_2,,
pbq_31_parentself_child_2,pbq,,radio,"Hago una cita con un psicólogo, terapeuta o otro servicio de apoyo de salud mental","0, Para nada | 1, Muy ligeramente | 2, Ligeramente | 3, Moderadamente | 4, Bastante | 5, Sumamente",,,,,,"[pbq_15_parentself_child_2] = '1' or [pbq_15_parentself_child_2] = '2' or [pbq_15_parentself_child_2] = '3' or [pbq_15_parentself_child_2] = '4' or [pbq_15_parentself_child_2] = '5'",,,,bbq_matrix_3_child_2,,
pbq_1_parentself_child_3,pbq,"Las siguientes preguntas se refieren a Niñ@ 3.

Indique cuántas veces en las ÚLTIMAS DOS SEMANAS participó en cualquiera de los siguientes comportamientos con el Niñ@ 3.",radio,"Usado contacto físico para regular el estrés de mi hij@","0, Nunca | 1, Una vez | 2, Muchas veces a la semana | 3, Aproximadamente una vez al día | 4, Muchas veces al día | 5, Casi constantemente",,,,,,"[parentself_number_children_study] = '3' or [parentself_number_children_study] = '4'",,,,pbq_matrix_2_child_3,,
pbq_2_parentself_child_3,pbq,,radio,"Limitó uso de los medios a mi hij@","0, Nunca | 1, Una vez | 2, Muchas veces a la semana | 3, Aproximadamente una vez al día | 4, Muchas veces al día | 5, Casi constantemente",,,,,,"[parentself_number_children_study] = '3' or [parentself_number_children_study] = '4'",,,,pbq_matrix_2_child_3,,
pbq_3_parentself_child_3,pbq,,radio,"Tuve conversaciones sobre COVID-19 en casa","0, Nunca | 1, Una vez | 2, Muchas veces a la semana | 3, Aproximadamente una vez al día | 4, Muchas veces al día | 5, Casi constantemente",,,,,,"[parentself_number_children_study] = '3' or [parentself_number_children_study] = '4'",,,,pbq_matrix_2_child_3,,
pbq_4_parentself_child_3,pbq,,radio,"Intenté explicar COVID-19 de una manera que mi hij@ entendería","0, Nunca | 1, Una vez | 2, Muchas veces a la semana | 3, Aproximadamente una vez al día | 4, Muchas veces al día | 5, Casi constantemente",,,,,,"[parentself_number_children_study] = '3' or [parentself_number_children_study] = '4'",,,,pbq_matrix_2_child_3,,
pbq_5_parentself_child_3,pbq,,radio,"Estabilicé rutinas diarias para mi hij@","0, Nunca | 1, Una vez | 2, Muchas veces a la semana | 3, Aproximadamente una vez al día | 4, Muchas veces al día | 5, Casi constantemente",,,,,,"[parentself_number_children_study] = '3' or [parentself_number_children_study] = '4'",,,,pbq_matrix_2_child_3,,
pbq_6_parentself_child_3,pbq,,radio,"Reservó tiempo para escuchar las preocupaciones de mi hij@","0, Nunca | 1, Una vez | 2, Muchas veces a la semana | 3, Aproximadamente una vez al día | 4, Muchas veces al día | 5, Casi constantemente",,,,,,"[parentself_number_children_study] = '3' or [parentself_number_children_study] = '4'",,,,pbq_matrix_2_child_3,,
pbq_7_parentself_child_3,pbq,,radio,"Trató de ayudarle a mi hij@ enfocarse en las cosas positivas en vida","0, Nunca | 1, Una vez | 2, Muchas veces a la semana | 3, Aproximadamente una vez al día | 4, Muchas veces al día | 5, Casi constantemente",,,,,,"[parentself_number_children_study] = '3' or [parentself_number_children_study] = '4'",,,,pbq_matrix_2_child_3,,
pbq_8_parentself_child_3,pbq,,radio,"Sugirió actividades que mi hij@ disfrutara hacer en casa","0, Nunca | 1, Una vez | 2, Muchas veces a la semana | 3, Aproximadamente una vez al día | 4, Muchas veces al día | 5, Casi constantemente",,,,,,"[parentself_number_children_study] = '3' or [parentself_number_children_study] = '4'",,,,pbq_matrix_2_child_3,,
pbq_9_parentself_child_3,pbq,,radio,"Sugirió hacer algún tipo de ejercicio","0, Nunca | 1, Una vez | 2, Muchas veces a la semana | 3, Aproximadamente una vez al día | 4, Muchas veces al día | 5, Casi constantemente",,,,,,"[parentself_number_children_study] = '3' or [parentself_number_children_study] = '4'",,,,pbq_matrix_2_child_3,,
pbq_10_parentself_child_3,pbq,,radio,"Trató de ayudarle a mi hij@ dormir más","0, Nunca | 1, Una vez | 2, Muchas veces a la semana | 3, Aproximadamente una vez al día | 4, Muchas veces al día | 5, Casi constantemente",,,,,,"[parentself_number_children_study] = '3' or [parentself_number_children_study] = '4'",,,,pbq_matrix_2_child_3,,
pbq_11_parentself_child_3,pbq,,radio,"Organizó una actividad divertida con miembros de la familia","0, Nunca | 1, Una vez | 2, Muchas veces a la semana | 3, Aproximadamente una vez al día | 4, Muchas veces al día | 5, Casi constantemente",,,,,,"[parentself_number_children_study] = '3' or [parentself_number_children_study] = '4'",,,,pbq_matrix_2_child_3,,
pbq_12_parentself_child_3,pbq,,radio,"Trató de ayudar a pensar en el problema de una manera diferente para que no parezca tan mal","0, Nunca | 1, Una vez | 2, Muchas veces a la semana | 3, Aproximadamente una vez al día | 4, Muchas veces al día | 5, Casi constantemente",,,,,,"[parentself_number_children_study] = '3' or [parentself_number_children_study] = '4'",,,,pbq_matrix_2_child_3,,
pbq_13_parentself_child_3,pbq,,radio,"Le animó a hablar sobre sus emociones con otros; familia, amigos, o otros personas que confía","0, Nunca | 1, Una vez | 2, Muchas veces a la semana | 3, Aproximadamente una vez al día | 4, Muchas veces al día | 5, Casi constantemente",,,,,,"[parentself_number_children_study] = '3' or [parentself_number_children_study] = '4'",,,,pbq_matrix_2_child_3,,
pbq_14_parentself_child_3,pbq,,radio,"Sugirió recurrir a creencias religiosas, espirituales o meditar","0, Nunca | 1, Una vez | 2, Muchas veces a la semana | 3, Aproximadamente una vez al día | 4, Muchas veces al día | 5, Casi constantemente",,,,,,"[parentself_number_children_study] = '3' or [parentself_number_children_study] = '4'",,,,pbq_matrix_2_child_3,,
pbq_15_parentself_child_3,pbq,,radio,"Hago una cita con un psicólogo, terapeuta o otro servicio de apoyo de salud mental","0, Nunca | 1, Una vez | 2, Muchas veces a la semana | 3, Aproximadamente una vez al día | 4, Muchas veces al día | 5, Casi constantemente",,,,,,"[parentself_number_children_study] = '3' or [parentself_number_children_study] = '4'",,,,pbq_matrix_2_child_3,,
pbq_16_parentself_child_3,pbq,,radio,Otro,"0, Nunca | 1, Una vez | 2, Muchas veces a la semana | 3, Aproximadamente una vez al día | 4, Muchas veces al día | 5, Casi constantemente",,,,,,"[parentself_number_children_study] = '3' or [parentself_number_children_study] = '4'",,,,pbq_matrix_2_child_3,,
pbq_16_other_parentself_child_3,pbq,,notes,"¿De qué otras formas has estado ayudando a Niñ@ 3 a lidiar con COVID-19 y la orden de quedarse en casa?

Por favor utilice este espacio para decirnos qué más ha estado haciendo ",,,,,,,"[pbq_16_parentself_child_3] = '5' or [pbq_16_parentself_child_3] = '4' or [pbq_16_parentself_child_3] = '3' or [pbq_16_parentself_child_3] = '2' or [pbq_16_parentself_child_3] = '1'",,,,,,
pbq_16_other_helpful_parentself_child_3,pbq,,radio,"¿Cómo de útil fueron estos servicios?","0, Para nada | 1, Muy ligeramente | 2, Ligeramente | 3, Moderadamente | 4, Bastante | 5, Sumamente",,,,,,"[pbq_16_parentself_child_3] = '5' or [pbq_16_parentself_child_3] = '4' or [pbq_16_parentself_child_3] = '3' or [pbq_16_parentself_child_3] = '2' or [pbq_16_parentself_child_3] = '1'",,,,,,
pbq_17_parentself_child_3,pbq,"Las siguientes preguntas se refieren a Niñ@ 3.

¿Como de útiles fueron cada uno de estos comportamientos en los que participó con el Niñ@ 3?",radio,"Usado contacto físico para regular el estrés de mi hij@","0, Para nada | 1, Muy ligeramente | 2, Ligeramente | 3, Moderadamente | 4, Bastante | 5, Sumamente",,,,,,"[pbq_1_parentself_child_3] = '1' or [pbq_1_parentself_child_3] = '2' or [pbq_1_parentself_child_3] = '3' or [pbq_1_parentself_child_3] = '4' or [pbq_1_parentself_child_3] = '5'",,,,bbq_matrix_3_child_3,,
pbq_18_parentself_child_3,pbq,,radio,"Limitó uso de los medios a mi hij@","0, Para nada | 1, Muy ligeramente | 2, Ligeramente | 3, Moderadamente | 4, Bastante | 5, Sumamente",,,,,,"[pbq_2_parentself_child_3] = '1' or [pbq_2_parentself_child_3] = '2' or [pbq_2_parentself_child_3] = '3' or [pbq_2_parentself_child_3] = '4' or [pbq_2_parentself_child_3] = '5'",,,,bbq_matrix_3_child_3,,
pbq_19_parentself_child_3,pbq,,radio,"Tuve conversaciones sobre COVID-19 en casa","0, Para nada | 1, Muy ligeramente | 2, Ligeramente | 3, Moderadamente | 4, Bastante | 5, Sumamente",,,,,,"[pbq_3_parentself_child_3] = '1' or [pbq_3_parentself_child_3] = '2' or [pbq_3_parentself_child_3] = '3' or [pbq_3_parentself_child_3] = '4' or [pbq_3_parentself_child_3] = '5'",,,,bbq_matrix_3_child_3,,
pbq_20_parentself_child_3,pbq,,radio,"Intenté explicar COVID-19 de una manera que mi hij@ entendería","0, Para nada | 1, Muy ligeramente | 2, Ligeramente | 3, Moderadamente | 4, Bastante | 5, Sumamente",,,,,,"[pbq_4_parentself_child_3] = '1' or [pbq_4_parentself_child_3] = '2' or [pbq_4_parentself_child_3] = '3' or [pbq_4_parentself_child_3] = '4' or [pbq_4_parentself_child_3] = '5'",,,,bbq_matrix_3_child_3,,
pbq_21_parentself_child_3,pbq,,radio,"Estabilicé rutinas diarias para mi hij@","0, Para nada | 1, Muy ligeramente | 2, Ligeramente | 3, Moderadamente | 4, Bastante | 5, Sumamente",,,,,,"[pbq_5_parentself_child_3] = '1' or [pbq_5_parentself_child_3] = '2' or [pbq_5_parentself_child_3] = '3' or [pbq_5_parentself_child_3] = '4' or [pbq_5_parentself_child_3] = '5'",,,,bbq_matrix_3_child_3,,
pbq_22_parentself_child_3,pbq,,radio,"Reservó tiempo para escuchar las preocupaciones de mi hij@","0, Para nada | 1, Muy ligeramente | 2, Ligeramente | 3, Moderadamente | 4, Bastante | 5, Sumamente",,,,,,"[pbq_6_parentself_child_3] = '1' or [pbq_6_parentself_child_3] = '2' or [pbq_6_parentself_child_3] = '3' or [pbq_6_parentself_child_3] = '4' or [pbq_6_parentself_child_3] = '5'",,,,bbq_matrix_3_child_3,,
pbq_23_parentself_child_3,pbq,,radio,"Trató de ayudarle a mi hij@ enfocarse en las cosas positivas en vida","0, Para nada | 1, Muy ligeramente | 2, Ligeramente | 3, Moderadamente | 4, Bastante | 5, Sumamente",,,,,,"[pbq_7_parentself_child_3] = '1' or [pbq_7_parentself_child_3] = '2' or [pbq_7_parentself_child_3] = '3' or [pbq_7_parentself_child_3] = '4' or [pbq_7_parentself_child_3] = '5'",,,,bbq_matrix_3_child_3,,
pbq_24_parentself_child_3,pbq,,radio,"Sugirió actividades que mi hij@ disfrutara hacer en casa","0, Para nada | 1, Muy ligeramente | 2, Ligeramente | 3, Moderadamente | 4, Bastante | 5, Sumamente",,,,,,"[pbq_8_parentself_child_3] = '1' or [pbq_8_parentself_child_3] = '2' or [pbq_8_parentself_child_3] = '3' or [pbq_8_parentself_child_3] = '4' or [pbq_8_parentself_child_3] = '5'",,,,bbq_matrix_3_child_3,,
pbq_25_parentself_child_3,pbq,,radio,"Sugirió hacer algún tipo de ejercicio","0, Para nada | 1, Muy ligeramente | 2, Ligeramente | 3, Moderadamente | 4, Bastante | 5, Sumamente",,,,,,"[pbq_9_parentself_child_3] = '1' or [pbq_9_parentself_child_3] = '2' or [pbq_9_parentself_child_3] = '3' or [pbq_9_parentself_child_3] = '4' or [pbq_9_parentself_child_3] = '5'",,,,bbq_matrix_3_child_3,,
pbq_26_parentself_child_3,pbq,,radio,"Trató de ayudarle a mi hij@ dormir más","0, Para nada | 1, Muy ligeramente | 2, Ligeramente | 3, Moderadamente | 4, Bastante | 5, Sumamente",,,,,,"[pbq_10_parentself_child_3] = '1' or [pbq_10_parentself_child_3] = '2' or [pbq_10_parentself_child_3] = '3' or [pbq_10_parentself_child_3] = '4' or [pbq_10_parentself_child_3] = '5'",,,,bbq_matrix_3_child_3,,
pbq_27_parentself_child_3,pbq,,radio,"Organizó una actividad divertida con miembros de la familia","0, Para nada | 1, Muy ligeramente | 2, Ligeramente | 3, Moderadamente | 4, Bastante | 5, Sumamente",,,,,,"[pbq_11_parentself_child_3] = '1' or [pbq_11_parentself_child_3] = '2' or [pbq_11_parentself_child_3] = '3' or [pbq_11_parentself_child_3] = '4' or [pbq_11_parentself_child_3] = '5'",,,,bbq_matrix_3_child_3,,
pbq_28_parentself_child_3,pbq,,radio,"Trató de ayudar a pensar en el problema de una manera diferente para que no parezca tan mal","0, Para nada | 1, Muy ligeramente | 2, Ligeramente | 3, Moderadamente | 4, Bastante | 5, Sumamente",,,,,,"[pbq_12_parentself_child_3] = '1' or [pbq_12_parentself_child_3] = '2' or [pbq_12_parentself_child_3] = '3' or [pbq_12_parentself_child_3] = '4' or [pbq_12_parentself_child_3] = '5'",,,,bbq_matrix_3_child_3,,
pbq_29_parentself_child_3,pbq,,radio,"Le animó a hablar sobre sus emociones con otros; familia, amigos, o otros personas que confía","0, Para nada | 1, Muy ligeramente | 2, Ligeramente | 3, Moderadamente | 4, Bastante | 5, Sumamente",,,,,,"[pbq_13_parentself_child_3] = '1' or [pbq_13_parentself_child_3] = '2' or [pbq_13_parentself_child_3] = '3' or [pbq_13_parentself_child_3] = '4' or [pbq_13_parentself_child_3] = '5'",,,,bbq_matrix_3_child_3,,
pbq_30_parentself_child_3,pbq,,radio,"Sugirió recurrir a creencias religiosas, espirituales o meditar","0, Para nada | 1, Muy ligeramente | 2, Ligeramente | 3, Moderadamente | 4, Bastante | 5, Sumamente",,,,,,"[pbq_14_parentself_child_3] = '1' or [pbq_14_parentself_child_3] = '2' or [pbq_14_parentself_child_3] = '3' or [pbq_14_parentself_child_3] = '4' or [pbq_14_parentself_child_3] = '5'",,,,bbq_matrix_3_child_3,,
pbq_31_parentself_child_3,pbq,,radio,"Hago una cita con un psicólogo, terapeuta o otro servicio de apoyo de salud mental","0, Para nada | 1, Muy ligeramente | 2, Ligeramente | 3, Moderadamente | 4, Bastante | 5, Sumamente",,,,,,"[pbq_15_parentself_child_3] = '1' or [pbq_15_parentself_child_3] = '2' or [pbq_15_parentself_child_3] = '3' or [pbq_15_parentself_child_3] = '4' or [pbq_15_parentself_child_3] = '5'",,,,bbq_matrix_3_child_3,,
pbq_1_parentself_child_4,pbq,"Las siguientes preguntas se refieren a Niñ@ 4.

Indique cuántas veces en las ÚLTIMAS DOS SEMANAS participó en cualquiera de los siguientes comportamientos con el Niñ@ 4.",radio,"Usado contacto físico para regular el estrés de mi hij@","0, Nunca | 1, Una vez | 2, Muchas veces a la semana | 3, Aproximadamente una vez al día | 4, Muchas veces al día | 5, Casi constantemente",,,,,,"[parentself_number_children_study] = '4'",,,,pbq_matrix_2_child_4,,
pbq_2_parentself_child_4,pbq,,radio,"Limitado uso de los mediosa mi hij@","0, Nunca | 1, Una vez | 2, Muchas veces a la semana | 3, Aproximadamente una vez al día | 4, Muchas veces al día | 5, Casi constantemente",,,,,,"[parentself_number_children_study] = '4'",,,,pbq_matrix_2_child_4,,
pbq_3_parentself_child_4,pbq,,radio,"Tuve conversaciones sobre COVID-19 en casa","0, Nunca | 1, Una vez | 2, Muchas veces a la semana | 3, Aproximadamente una vez al día | 4, Muchas veces al día | 5, Casi constantemente",,,,,,"[parentself_number_children_study] = '4'",,,,pbq_matrix_2_child_4,,
pbq_4_parentself_child_4,pbq,,radio,"Intenté explicar COVID-19 de una manera que mi hij@ entendería","0, Nunca | 1, Una vez | 2, Muchas veces a la semana | 3, Aproximadamente una vez al día | 4, Muchas veces al día | 5, Casi constantemente",,,,,,"[parentself_number_children_study] = '4'",,,,pbq_matrix_2_child_4,,
pbq_5_parentself_child_4,pbq,,radio,"Estableció rutinas diarias para mi hij@","0, Nunca | 1, Una vez | 2, Muchas veces a la semana | 3, Aproximadamente una vez al día | 4, Muchas veces al día | 5, Casi constantemente",,,,,,"[parentself_number_children_study] = '4'",,,,pbq_matrix_2_child_4,,
pbq_6_parentself_child_4,pbq,,radio,"Reservó tiempo para escuchar las preocupaciones de mi hij@","0, Nunca | 1, Una vez | 2, Muchas veces a la semana | 3, Aproximadamente una vez al día | 4, Muchas veces al día | 5, Casi constantemente",,,,,,"[parentself_number_children_study] = '4'",,,,pbq_matrix_2_child_4,,
pbq_7_parentself_child_4,pbq,,radio,"Trató de ayudarle a mi hij@ enfocarse en las cosas positivas en vida","0, Nunca | 1, Una vez | 2, Muchas veces a la semana | 3, Aproximadamente una vez al día | 4, Muchas veces al día | 5, Casi constantemente",,,,,,"[parentself_number_children_study] = '4'",,,,pbq_matrix_2_child_4,,
pbq_8_parentself_child_4,pbq,,radio,"Sugirió actividades que mi hij@ disfrutara hacer en casa","0, Nunca | 1, Una vez | 2, Muchas veces a la semana | 3, Aproximadamente una vez al día | 4, Muchas veces al día | 5, Casi constantemente",,,,,,"[parentself_number_children_study] = '4'",,,,pbq_matrix_2_child_4,,
pbq_9_parentself_child_4,pbq,,radio,"Sugirió hacer algún tipo de ejercicio","0, Nunca | 1, Una vez | 2, Muchas veces a la semana | 3, Aproximadamente una vez al día | 4, Muchas veces al día | 5, Casi constantemente",,,,,,"[parentself_number_children_study] = '4'",,,,pbq_matrix_2_child_4,,
pbq_10_parentself_child_4,pbq,,radio,"Trató de ayudarle a mi hij@ a dormir más","0, Nunca | 1, Una vez | 2, Muchas veces a la semana | 3, Aproximadamente una vez al día | 4, Muchas veces al día | 5, Casi constantemente",,,,,,"[parentself_number_children_study] = '4'",,,,pbq_matrix_2_child_4,,
pbq_11_parentself_child_4,pbq,,radio,"Organizó una actividad divertida con miembros de la familia","0, Nunca | 1, Una vez | 2, Muchas veces a la semana | 3, Aproximadamente una vez al día | 4, Muchas veces al día | 5, Casi constantemente",,,,,,"[parentself_number_children_study] = '4'",,,,pbq_matrix_2_child_4,,
pbq_12_parentself_child_4,pbq,,radio,"Trató de ayudar a pensar en el problema de una manera diferente para que no parezca tan mal","0, Nunca | 1, Una vez | 2, Muchas veces a la semana | 3, Aproximadamente una vez al día | 4, Muchas veces al día | 5, Casi constantemente",,,,,,"[parentself_number_children_study] = '4'",,,,pbq_matrix_2_child_4,,
pbq_13_parentself_child_4,pbq,,radio,"Le animó a hablar sobre sus emociones con otros; familia, amigos, o otros personas que confía","0, Nunca | 1, Una vez | 2, Muchas veces a la semana | 3, Aproximadamente una vez al día | 4, Muchas veces al día | 5, Casi constantemente",,,,,,"[parentself_number_children_study] = '4'",,,,pbq_matrix_2_child_4,,
pbq_14_parentself_child_4,pbq,,radio,"Sugirió recurrir a creencias religiosas, espirituales o meditar","0, Nunca | 1, Una vez | 2, Muchas veces a la semana | 3, Aproximadamente una vez al día | 4, Muchas veces al día | 5, Casi constantemente",,,,,,"[parentself_number_children_study] = '4'",,,,pbq_matrix_2_child_4,,
pbq_15_parentself_child_4,pbq,,radio,"Hago una cita con un psicólogo, terapeuta o otro servicio de apoyo de salud mental","0, Nunca | 1, Una vez | 2, Muchas veces a la semana | 3, Aproximadamente una vez al día | 4, Muchas veces al día | 5, Casi constantemente",,,,,,"[parentself_number_children_study] = '4'",,,,pbq_matrix_2_child_4,,
pbq_16_parentself_child_4,pbq,,radio,Otro,"0, Nunca | 1, Una vez | 2, Muchas veces a la semana | 3, Aproximadamente una vez al día | 4, Muchas veces al día | 5, Casi constantemente",,,,,,"[parentself_number_children_study] = '4'",,,,pbq_matrix_2_child_4,,
pbq_16_other_parentself_child_4,pbq,,notes,"¿De qué otras formas has estado ayudando a Niñ@ 4 a lidiar con COVID-19 y la orden de quedarse en casa?

Por favor utilice este espacio para decirnos qué más ha estado haciendo ",,,,,,,"[pbq_16_parentself_child_4] = '5' or [pbq_16_parentself_child_4] = '4' or [pbq_16_parentself_child_4] = '3' or [pbq_16_parentself_child_4] = '2' or [pbq_16_parentself_child_4] = '1'",,,,,,
pbq_16_other_helpful_parentself_child_4,pbq,,radio,"¿Cómo de útil fueron estos servicios?
","0, Para nada | 1, Muy ligeramente | 2, Ligeramente | 3, Moderadamente | 4, Bastante | 5, Sumamente",,,,,,"[pbq_16_parentself_child_4] = '5' or [pbq_16_parentself_child_4] = '4' or [pbq_16_parentself_child_4] = '3' or [pbq_16_parentself_child_4] = '2' or [pbq_16_parentself_child_4] = '1'",,,,,,
pbq_17_parentself_child_4,pbq,"Las siguientes preguntas se refieren a Niñ@ 4.

¿Como de útiles fueron cada uno de estos comportamientos en los que participó con el Niñ@ 4?",radio,"Usado contacto físico para regular el estrés de mi hij@","0, Para nada | 1, Muy ligeramente | 2, Ligeramente | 3, Moderadamente | 4, Bastante | 5, Sumamente",,,,,,"[pbq_1_parentself_child_4] = '1' or [pbq_1_parentself_child_4] = '2' or [pbq_1_parentself_child_4] = '3' or [pbq_1_parentself_child_4] = '4' or [pbq_1_parentself_child_4] = '5'",,,,bbq_matrix_3_child_4,,
pbq_18_parentself_child_4,pbq,,radio,"Limitado uso de los mediosa mi hij@","0, Para nada | 1, Muy ligeramente | 2, Ligeramente | 3, Moderadamente | 4, Bastante | 5, Sumamente",,,,,,"[pbq_2_parentself_child_4] = '1' or [pbq_2_parentself_child_4] = '2' or [pbq_2_parentself_child_4] = '3' or [pbq_2_parentself_child_4] = '4' or [pbq_2_parentself_child_4] = '5'",,,,bbq_matrix_3_child_4,,
pbq_19_parentself_child_4,pbq,,radio,"Tuve conversaciones sobre COVID-19 en casa","0, Para nada | 1, Muy ligeramente | 2, Ligeramente | 3, Moderadamente | 4, Bastante | 5, Sumamente",,,,,,"[pbq_3_parentself_child_4] = '1' or [pbq_3_parentself_child_4] = '2' or [pbq_3_parentself_child_4] = '3' or [pbq_3_parentself_child_4] = '4' or [pbq_3_parentself_child_4] = '5'",,,,bbq_matrix_3_child_4,,
pbq_20_parentself_child_4,pbq,,radio,"Intenté explicar COVID-19 de una manera que mi hij@ entendería","0, Para nada | 1, Muy ligeramente | 2, Ligeramente | 3, Moderadamente | 4, Bastante | 5, Sumamente",,,,,,"[pbq_4_parentself_child_4] = '1' or [pbq_4_parentself_child_4] = '2' or [pbq_4_parentself_child_4] = '3' or [pbq_4_parentself_child_4] = '4' or [pbq_4_parentself_child_4] = '5'",,,,bbq_matrix_3_child_4,,
pbq_21_parentself_child_4,pbq,,radio,"Estableció rutinas diarias para mi hij@","0, Para nada | 1, Muy ligeramente | 2, Ligeramente | 3, Moderadamente | 4, Bastante | 5, Sumamente",,,,,,"[pbq_5_parentself_child_4] = '1' or [pbq_5_parentself_child_4] = '2' or [pbq_5_parentself_child_4] = '3' or [pbq_5_parentself_child_4] = '4' or [pbq_5_parentself_child_4] = '5'",,,,bbq_matrix_3_child_4,,
pbq_22_parentself_child_4,pbq,,radio,"Reservó tiempo para escuchar las preocupaciones de mi hij@","0, Para nada | 1, Muy ligeramente | 2, Ligeramente | 3, Moderadamente | 4, Bastante | 5, Sumamente",,,,,,"[pbq_6_parentself_child_4] = '1' or [pbq_6_parentself_child_4] = '2' or [pbq_6_parentself_child_4] = '3' or [pbq_6_parentself_child_4] = '4' or [pbq_6_parentself_child_4] = '5'",,,,bbq_matrix_3_child_4,,
pbq_23_parentself_child_4,pbq,,radio,"Trató de ayudarle a mi hij@ enfocarse en las cosas positivas en vida","0, Para nada | 1, Muy ligeramente | 2, Ligeramente | 3, Moderadamente | 4, Bastante | 5, Sumamente",,,,,,"[pbq_7_parentself_child_4] = '1' or [pbq_7_parentself_child_4] = '2' or [pbq_7_parentself_child_4] = '3' or [pbq_7_parentself_child_4] = '4' or [pbq_7_parentself_child_4] = '5'",,,,bbq_matrix_3_child_4,,
pbq_24_parentself_child_4,pbq,,radio,"Sugirió actividades que mi hij@ disfrutara hacer en casa","0, Para nada | 1, Muy ligeramente | 2, Ligeramente | 3, Moderadamente | 4, Bastante | 5, Sumamente",,,,,,"[pbq_8_parentself_child_4] = '1' or [pbq_8_parentself_child_4] = '2' or [pbq_8_parentself_child_4] = '3' or [pbq_8_parentself_child_4] = '4' or [pbq_8_parentself_child_4] = '5'",,,,bbq_matrix_3_child_4,,
pbq_25_parentself_child_4,pbq,,radio,"Sugirió hacer algún tipo de ejercicio","0, Para nada | 1, Muy ligeramente | 2, Ligeramente | 3, Moderadamente | 4, Bastante | 5, Sumamente",,,,,,"[pbq_9_parentself_child_4] = '1' or [pbq_9_parentself_child_4] = '2' or [pbq_9_parentself_child_4] = '3' or [pbq_9_parentself_child_4] = '4' or [pbq_9_parentself_child_4] = '5'",,,,bbq_matrix_3_child_4,,
pbq_26_parentself_child_4,pbq,,radio,"Trató ayudarle a mi hij@ dormir más","0, Para nada | 1, Muy ligeramente | 2, Ligeramente | 3, Moderadamente | 4, Bastante | 5, Sumamente",,,,,,"[pbq_10_parentself_child_4] = '1' or [pbq_10_parentself_child_4] = '2' or [pbq_10_parentself_child_4] = '3' or [pbq_10_parentself_child_4] = '4' or [pbq_10_parentself_child_4] = '5'",,,,bbq_matrix_3_child_4,,
pbq_27_parentself_child_4,pbq,,radio,"Organizó una actividad divertida con miembros de la familia","0, Para nada | 1, Muy ligeramente | 2, Ligeramente | 3, Moderadamente | 4, Bastante | 5, Sumamente",,,,,,"[pbq_11_parentself_child_4] = '1' or [pbq_11_parentself_child_4] = '2' or [pbq_11_parentself_child_4] = '3' or [pbq_11_parentself_child_4] = '4' or [pbq_11_parentself_child_4] = '5'",,,,bbq_matrix_3_child_4,,
pbq_28_parentself_child_4,pbq,,radio,"Trató de ayudar a pensar en el problema de una manera diferente para que no parezca tan mal","0, Para nada | 1, Muy ligeramente | 2, Ligeramente | 3, Moderadamente | 4, Bastante | 5, Sumamente",,,,,,"[pbq_12_parentself_child_4] = '1' or [pbq_12_parentself_child_4] = '2' or [pbq_12_parentself_child_4] = '3' or [pbq_12_parentself_child_4] = '4' or [pbq_12_parentself_child_4] = '5'",,,,bbq_matrix_3_child_4,,
pbq_29_parentself_child_4,pbq,,radio,"Le animó a hablar sobre sus emociones con otros personas; familia, amigos, o otros personas que confía","0, Para nada | 1, Muy ligeramente | 2, Ligeramente | 3, Moderadamente | 4, Bastante | 5, Sumamente",,,,,,"[pbq_13_parentself_child_4] = '1' or [pbq_13_parentself_child_4] = '2' or [pbq_13_parentself_child_4] = '3' or [pbq_13_parentself_child_4] = '4' or [pbq_13_parentself_child_4] = '5'",,,,bbq_matrix_3_child_4,,
pbq_30_parentself_child_4,pbq,,radio,"Sugirió recurrir a creencias religiosas, espirituales o meditar","0, Para nada | 1, Muy ligeramente | 2, Ligeramente | 3, Moderadamente | 4, Bastante | 5, Sumamente",,,,,,"[pbq_14_parentself_child_4] = '1' or [pbq_14_parentself_child_4] = '2' or [pbq_14_parentself_child_4] = '3' or [pbq_14_parentself_child_4] = '4' or [pbq_14_parentself_child_4] = '5'",,,,bbq_matrix_3_child_4,,
pbq_31_parentself_child_4,pbq,,radio,"Hago una cita con un psicólogo, terapeuta o otro servicio de apoyo de salud mental","0, Para nada | 1, Muy ligeramente | 2, Ligeramente | 3, Moderadamente | 4, Bastante | 5, Sumamente",,,,,,"[pbq_15_parentself_child_4] = '1' or [pbq_15_parentself_child_4] = '2' or [pbq_15_parentself_child_4] = '3' or [pbq_15_parentself_child_4] = '4' or [pbq_15_parentself_child_4] = '5'",,,,bbq_matrix_3_child_4,,
