"Variable / Field Name","Form Name","Section Header","Field Type","Field Label","Choices, Calculations, OR Slider Labels","Field Note","Text Validation Type OR Show Slider Number","Text Validation Min","Text Validation Max",Identifier?,"Branching Logic (Show field only if...)","Required Field?","Custom Alignment","Question Number (surveys only)","Matrix Group Name","Matrix Ranking?","Field Annotation"
rdas_1_parentselfreport,rdas,"Most persons have disagreements in their relationships. Please indicate below the approximate extent of agreement or disagreement between you and your partner for each item on the following list.",radio,"Religious matters","5, Always Agree | 4, Almost Always Agree | 3, Occasionally Agree | 2, Frequently Disagree | 1, Almost Always Disagree | 0, Always Disagree",,,,,,,,,,rdas_matrix_1,,
rdas_2_parentselfreport,rdas,,radio,"Demonstrations of affection","5, Always Agree | 4, Almost Always Agree | 3, Occasionally Agree | 2, Frequently Disagree | 1, Almost Always Disagree | 0, Always Disagree",,,,,,,,,,rdas_matrix_1,,
rdas_3_parentselfreport,rdas,,radio,"Making major decisions","5, Always Agree | 4, Almost Always Agree | 3, Occasionally Agree | 2, Frequently Disagree | 1, Almost Always Disagree | 0, Always Disagree",,,,,,,,,,rdas_matrix_1,,
rdas_4_parentselfreport,rdas,,radio,"Sex relations","5, Always Agree | 4, Almost Always Agree | 3, Occasionally Agree | 2, Frequently Disagree | 1, Almost Always Disagree | 0, Always Disagree",,,,,,,,,,rdas_matrix_1,,
rdas_5_parentselfreport,rdas,,radio,"Conventionality (correct or proper behavior)","5, Always Agree | 4, Almost Always Agree | 3, Occasionally Agree | 2, Frequently Disagree | 1, Almost Always Disagree | 0, Always Disagree",,,,,,,,,,rdas_matrix_1,,
rdas_6_parentselfreport,rdas,,radio,"Career decisions","5, Always Agree | 4, Almost Always Agree | 3, Occasionally Agree | 2, Frequently Disagree | 1, Almost Always Disagree | 0, Always Disagree",,,,,,,,,,rdas_matrix_1,,
rdas_7_parentselfreport,rdas,"How often would you say the following events occur between you and your mate?",radio,"How often do you discuss or have you considered divorce, separation, or terminating your relationship?","0, All of the time | 1, Most of the time | 2, More often than not | 3, Occasionally | 4, Rarely | 5, Never",,,,,,,,,,rdas_matrix_2,,
rdas_8_parentselfreport,rdas,,radio,"How often do you and your partner quarrel?","0, All of the time | 1, Most of the time | 2, More often than not | 3, Occasionally | 4, Rarely | 5, Never",,,,,,,,,,rdas_matrix_2,,
rdas_9_parentselfreport,rdas,,radio,"Do you ever regret that you married (or lived together)?","0, All of the time | 1, Most of the time | 2, More often than not | 3, Occasionally | 4, Rarely | 5, Never",,,,,,,,,,rdas_matrix_2,,
rdas_10_parentselfreport,rdas,,radio,"How often do you and your mate ""get on each other's nerves""?","0, All of the time | 1, Most of the time | 2, More often than not | 3, Occasionally | 4, Rarely | 5, Never",,,,,,,,,,rdas_matrix_2,,
rdas_11_parentselfreport,rdas,,radio,"Do you and your mate engage in outside interests together?","0, All of the time | 1, Most of the time | 2, More often than not | 3, Occasionally | 4, Rarely | 5, Never",,,,,,,,,,rdas_matrix_2,,
rdas_12_parentselfreport,rdas,"How often would you say the following events occur between you and your mate?",radio,"Have a stimulating exchange of ideas","0, Never | 1, Less than once a month | 2, Once or twice a month | 3, Once or twice a week | 4, Once a day | 5, More often",,,,,,,,,,rdas_matrix_3,,
rdas_13_parentselfreport,rdas,,radio,"Work together on a project","0, Never | 1, Less than once a month | 2, Once or twice a month | 3, Once or twice a week | 4, Once a day | 5, More often",,,,,,,,,,rdas_matrix_3,,
rdas_14_parentselfreport,rdas,,radio,"Calmly discuss something","0, Never | 1, Less than once a month | 2, Once or twice a month | 3, Once or twice a week | 4, Once a day | 5, More often",,,,,,,,,,rdas_matrix_3,,
