"Variable / Field Name","Form Name","Section Header","Field Type","Field Label","Choices, Calculations, OR Slider Labels","Field Note","Text Validation Type OR Show Slider Number","Text Validation Min","Text Validation Max",Identifier?,"Branching Logic (Show field only if...)","Required Field?","Custom Alignment","Question Number (surveys only)","Matrix Group Name","Matrix Ranking?","Field Annotation"
soi_instructions,soi,,descriptive,"Please read each item and answer the following question about it in the context of CHILD 1.",,,,,,,,,,,,,
soi_1_parentproxy_child_1,soi,"Child 1",radio,"I warn my child about COVID-19","1, Almost Never or Never True | 2, Not Very Often True | 3, Sometimes True | 4, Often True | 5, Almost Always or Always True",,,,,,,,,,soi_parentproxy_matrix_1_child_1,,
soi_2_parentproxy_child_1,soi,,radio,"My child hears scary things about COVID-10 when watching television","1, Almost Never or Never True | 2, Not Very Often True | 3, Sometimes True | 4, Often True | 5, Almost Always or Always True",,,,,,,,,,soi_parentproxy_matrix_1_child_1,,
soi_3_parentproxy_child_1,soi,,radio,"When my child was in school, they saw posters hanging in the school about how to prevent contamination with COVID-19","1, Almost Never or Never True | 2, Not Very Often True | 3, Sometimes True | 4, Often True | 5, Almost Always or Always True",,,,,,,,,,soi_parentproxy_matrix_1_child_1,,
soi_4_parentproxy_child_1,soi,,radio,"My child know someone who is infected with COVID-19","1, Almost Never or Never True | 2, Not Very Often True | 3, Sometimes True | 4, Often True | 5, Almost Always or Always True",,,,,,,,,,soi_parentproxy_matrix_1_child_1,,
soi_5_parentproxy_child_1,soi,,radio,"I tell my child about the dangers of COVID-19","1, Almost Never or Never True | 2, Not Very Often True | 3, Sometimes True | 4, Often True | 5, Almost Always or Always True",,,,,,,,,,soi_parentproxy_matrix_1_child_1,,
soi_6_parentproxy_child_1,soi,,radio,"My child receives newsletters or emails from school about COVID-19","1, Almost Never or Never True | 2, Not Very Often True | 3, Sometimes True | 4, Often True | 5, Almost Always or Always True",,,,,,,,,,soi_parentproxy_matrix_1_child_1,,
soi_7_parentproxy_child_1,soi,,radio,"My child's friends talk to them about the dangerousness of COVID-19","1, Almost Never or Never True | 2, Not Very Often True | 3, Sometimes True | 4, Often True | 5, Almost Always or Always True",,,,,,,,,,soi_parentproxy_matrix_1_child_1,,
soi_8_parentproxy_child_1,soi,,radio,"My child sees warnings about COVID-19 on social media","1, Almost Never or Never True | 2, Not Very Often True | 3, Sometimes True | 4, Often True | 5, Almost Always or Always True",,,,,,,,,,soi_parentproxy_matrix_1_child_1,,
soi_9_parentproxy_child_1,soi,,radio,"My child hears about how to prevent contamination with COVID-19 from me","1, Almost Never or Never True | 2, Not Very Often True | 3, Sometimes True | 4, Often True | 5, Almost Always or Always True",,,,,,,,,,soi_parentproxy_matrix_1_child_1,,
