"Variable / Field Name","Form Name","Section Header","Field Type","Field Label","Choices, Calculations, OR Slider Labels","Field Note","Text Validation Type OR Show Slider Number","Text Validation Min","Text Validation Max",Identifier?,"Branching Logic (Show field only if...)","Required Field?","Custom Alignment","Question Number (surveys only)","Matrix Group Name","Matrix Ranking?","Field Annotation"
pbq_1_parentself,pbq,"Please read each statement and indicate how much you agree or disagree with it.",radio,"I believe I can regulate my child's stress","1, Strongly disagree | 2, Disagree | 3, Slightly disagree | 4, Neither agree nor disagree | 5, Slightly agree | 6, Agree | 7, Strongly agree",,,,,,,,,,pbq_matrix_1,,
pbq_2_parentself,pbq,,radio,"I believe I can think of ways to help my child when they're having problems","1, Strongly disagree | 2, Disagree | 3, Slightly disagree | 4, Neither agree nor disagree | 5, Slightly agree | 6, Agree | 7, Strongly agree",,,,,,,,,,pbq_matrix_1,,
pbq_3_parentself,pbq,,radio,"I believe I can help my child understand their feelings when they are distressed","1, Strongly disagree | 2, Disagree | 3, Slightly disagree | 4, Neither agree nor disagree | 5, Slightly agree | 6, Agree | 7, Strongly agree",,,,,,,,,,pbq_matrix_1,,
pbq_4_parentself,pbq,,radio,"I believe I can handle most of the ups and downs of being a parent on most days","1, Strongly disagree | 2, Disagree | 3, Slightly disagree | 4, Neither agree nor disagree | 5, Slightly agree | 6, Agree | 7, Strongly agree",,,,,,,,,,pbq_matrix_1,,
pbq_5_parentself,pbq,,radio,"I believe if I try to ask my child questions when I see them in distress, they can better understand what they are feeling","1, Strongly disagree | 2, Disagree | 3, Slightly disagree | 4, Neither agree nor disagree | 5, Slightly agree | 6, Agree | 7, Strongly agree",,,,,,,,,,pbq_matrix_1,,
pbq_1_parentself_child_1,pbq,"The following questions refer to Child 1.

Please indicate how many times in the PAST TWO WEEKS you engaged in any of the following behaviors with Child 1.",radio,"Used physical touch to regulate my child's stress","0, Never | 1, Once | 2, Several times a week | 3, Once a day | 4, Multiple times a day | 5, Almost constantly",,,,,,,,,,pbq_matrix_2_child_1,,
pbq_2_parentself_child_1,pbq,,radio,"Limited my child's media usage","0, Never | 1, Once | 2, Several times a week | 3, Once a day | 4, Multiple times a day | 5, Almost constantly",,,,,,,,,,pbq_matrix_2_child_1,,
pbq_3_parentself_child_1,pbq,,radio,"Had conversations about COVID-19 at home","0, Never | 1, Once | 2, Several times a week | 3, Once a day | 4, Multiple times a day | 5, Almost constantly",,,,,,,,,,pbq_matrix_2_child_1,,
pbq_4_parentself_child_1,pbq,,radio,"Tried to explain COVID-19 in a way they will understand","0, Never | 1, Once | 2, Several times a week | 3, Once a day | 4, Multiple times a day | 5, Almost constantly",,,,,,,,,,pbq_matrix_2_child_1,,
pbq_5_parentself_child_1,pbq,,radio,"Established daily routines for my child","0, Never | 1, Once | 2, Several times a week | 3, Once a day | 4, Multiple times a day | 5, Almost constantly",,,,,,,,,,pbq_matrix_2_child_1,,
pbq_6_parentself_child_1,pbq,,radio,"Set aside time to listen to my child's concerns","0, Never | 1, Once | 2, Several times a week | 3, Once a day | 4, Multiple times a day | 5, Almost constantly",,,,,,,,,,pbq_matrix_2_child_1,,
pbq_7_parentself_child_1,pbq,,radio,"Tried to help my child focus on positive things in life","0, Never | 1, Once | 2, Several times a week | 3, Once a day | 4, Multiple times a day | 5, Almost constantly",,,,,,,,,,pbq_matrix_2_child_1,,
pbq_8_parentself_child_1,pbq,,radio,"Suggested activities they enjoy doing at home","0, Never | 1, Once | 2, Several times a week | 3, Once a day | 4, Multiple times a day | 5, Almost constantly",,,,,,,,,,pbq_matrix_2_child_1,,
pbq_9_parentself_child_1,pbq,,radio,"Suggested doing some exercise","0, Never | 1, Once | 2, Several times a week | 3, Once a day | 4, Multiple times a day | 5, Almost constantly",,,,,,,,,,pbq_matrix_2_child_1,,
pbq_10_parentself_child_1,pbq,,radio,"Tried to help them get more sleep","0, Never | 1, Once | 2, Several times a week | 3, Once a day | 4, Multiple times a day | 5, Almost constantly",,,,,,,,,,pbq_matrix_2_child_1,,
pbq_11_parentself_child_1,pbq,,radio,"Organized a fun activity with family members","0, Never | 1, Once | 2, Several times a week | 3, Once a day | 4, Multiple times a day | 5, Almost constantly",,,,,,,,,,pbq_matrix_2_child_1,,
pbq_12_parentself_child_1,pbq,,radio,"Tried to help think of the problem in a different way so it didn't seem as bad","0, Never | 1, Once | 2, Several times a week | 3, Once a day | 4, Multiple times a day | 5, Almost constantly",,,,,,,,,,pbq_matrix_2_child_1,,
pbq_13_parentself_child_1,pbq,,radio,"Encouraged them to talk about their feelings with others like family, friends, or trusted others","0, Never | 1, Once | 2, Several times a week | 3, Once a day | 4, Multiple times a day | 5, Almost constantly",,,,,,,,,,pbq_matrix_2_child_1,,
attention_check_3,pbq,,radio,"To ensure that you are giving this study your complete attentiveness, please select option 6,  ""Almost constantly""","0, Never | 1, Once | 2, Several times a week | 3, Once a day | 4, Multiple times a day | 5, Almost constantly",,,,,,,,,,pbq_matrix_2_child_1,,
pbq_14_parentself_child_1,pbq,,radio,"Suggested turning to religious or spiritual beliefs, or meditating","0, Never | 1, Once | 2, Several times a week | 3, Once a day | 4, Multiple times a day | 5, Almost constantly",,,,,,,,,,pbq_matrix_2_child_1,,
pbq_15_parentself_child_1,pbq,,radio,"Scheduled an appointment with a psychologist, therapist, or other mental health support service","0, Never | 1, Once | 2, Several times a week | 3, Once a day | 4, Multiple times a day | 5, Almost constantly",,,,,,,,,,pbq_matrix_2_child_1,,
pbq_16_parentself_child_1,pbq,,radio,Other,"0, Never | 1, Once | 2, Several times a week | 3, Once a day | 4, Multiple times a day | 5, Almost constantly",,,,,,,,,,pbq_matrix_2_child_1,,
pbq_16_other_parentself_child_1,pbq,,notes,"In what other ways have you been helping your Child 1 cope with COVID-19 and the Safer-at-Home orders? 

Please use this space to tell us what else you have been doing.",,,,,,,"[pbq_16_parentself_child_1] = '5' or [pbq_16_parentself_child_1] = '4' or [pbq_16_parentself_child_1] = '3' or [pbq_16_parentself_child_1] = '2' or [pbq_16_parentself_child_1] = '1'",,,,,,
pbq_16_other_helpful_parentself_child_1,pbq,,radio,"How helpful were these other behaviors?","0, Not at all | 1, Very slightly | 2, Slightly | 3, Moderately | 4, Quite a bit | 5, Extremely",,,,,,"[pbq_16_parentself_child_1] = '5' or [pbq_16_parentself_child_1] = '4' or [pbq_16_parentself_child_1] = '3' or [pbq_16_parentself_child_1] = '2' or [pbq_16_parentself_child_1] = '1'",,,,,,
pbq_17_parentself_child_1,pbq,"The following questions refer to Child 1. 

How helpful were each of these behaviors that you engaged in with Child 1?",radio,"Used physical touch to regulate my child's stress","0, Not at all | 1, Very slightly | 2, Slightly | 3, Moderately | 4, Quite a bit | 5, Extremely",,,,,,"[pbq_1_parentself_child_1] = '1' or [pbq_1_parentself_child_1] = '2' or [pbq_1_parentself_child_1] = '3' or [pbq_1_parentself_child_1] = '4' or [pbq_1_parentself_child_1] = '5'",,,,bbq_matrix_3_child_1,,
pbq_18_parentself_child_1,pbq,,radio,"Limited my child's media usage","0, Not at all | 1, Very slightly | 2, Slightly | 3, Moderately | 4, Quite a bit | 5, Extremely",,,,,,"[pbq_2_parentself_child_1] = '1' or [pbq_2_parentself_child_1] = '2' or [pbq_2_parentself_child_1] = '3' or [pbq_2_parentself_child_1] = '4' or [pbq_2_parentself_child_1] = '5'",,,,bbq_matrix_3_child_1,,
pbq_19_parentself_child_1,pbq,,radio,"Had conversations about COVID-19 at home","0, Not at all | 1, Very slightly | 2, Slightly | 3, Moderately | 4, Quite a bit | 5, Extremely",,,,,,"[pbq_3_parentself_child_1] = '1' or [pbq_3_parentself_child_1] = '2' or [pbq_3_parentself_child_1] = '3' or [pbq_3_parentself_child_1] = '4' or [pbq_3_parentself_child_1] = '5'",,,,bbq_matrix_3_child_1,,
pbq_20_parentself_child_1,pbq,,radio,"Tried to explain COVID-19 in a way they will understand","0, Not at all | 1, Very slightly | 2, Slightly | 3, Moderately | 4, Quite a bit | 5, Extremely",,,,,,"[pbq_4_parentself_child_1] = '1' or [pbq_4_parentself_child_1] = '2' or [pbq_4_parentself_child_1] = '3' or [pbq_4_parentself_child_1] = '4' or [pbq_4_parentself_child_1] = '5'",,,,bbq_matrix_3_child_1,,
pbq_21_parentself_child_1,pbq,,radio,"Established daily routines for my child","0, Not at all | 1, Very slightly | 2, Slightly | 3, Moderately | 4, Quite a bit | 5, Extremely",,,,,,"[pbq_5_parentself_child_1] = '1' or [pbq_5_parentself_child_1] = '2' or [pbq_5_parentself_child_1] = '3' or [pbq_5_parentself_child_1] = '4' or [pbq_5_parentself_child_1] = '5'",,,,bbq_matrix_3_child_1,,
pbq_22_parentself_child_1,pbq,,radio,"Set aside time to listen to my child's concerns","0, Not at all | 1, Very slightly | 2, Slightly | 3, Moderately | 4, Quite a bit | 5, Extremely",,,,,,"[pbq_6_parentself_child_1] = '1' or [pbq_6_parentself_child_1] = '2' or [pbq_6_parentself_child_1] = '3' or [pbq_6_parentself_child_1] = '4' or [pbq_6_parentself_child_1] = '5'",,,,bbq_matrix_3_child_1,,
pbq_23_parentself_child_1,pbq,,radio,"Tried to help my child focus on positive things in life","0, Not at all | 1, Very slightly | 2, Slightly | 3, Moderately | 4, Quite a bit | 5, Extremely",,,,,,"[pbq_7_parentself_child_1] = '1' or [pbq_7_parentself_child_1] = '2' or [pbq_7_parentself_child_1] = '3' or [pbq_7_parentself_child_1] = '4' or [pbq_7_parentself_child_1] = '5'",,,,bbq_matrix_3_child_1,,
pbq_24_parentself_child_1,pbq,,radio,"Suggested activities they enjoy doing at home","0, Not at all | 1, Very slightly | 2, Slightly | 3, Moderately | 4, Quite a bit | 5, Extremely",,,,,,"[pbq_8_parentself_child_1] = '1' or [pbq_8_parentself_child_1] = '2' or [pbq_8_parentself_child_1] = '3' or [pbq_8_parentself_child_1] = '4' or [pbq_8_parentself_child_1] = '5'",,,,bbq_matrix_3_child_1,,
pbq_25_parentself_child_1,pbq,,radio,"Suggested doing some exercise","0, Not at all | 1, Very slightly | 2, Slightly | 3, Moderately | 4, Quite a bit | 5, Extremely",,,,,,"[pbq_9_parentself_child_1] = '1' or [pbq_9_parentself_child_1] = '2' or [pbq_9_parentself_child_1] = '3' or [pbq_9_parentself_child_1] = '4' or [pbq_9_parentself_child_1] = '5'",,,,bbq_matrix_3_child_1,,
pbq_26_parentself_child_1,pbq,,radio,"Tried to help them get more sleep","0, Not at all | 1, Very slightly | 2, Slightly | 3, Moderately | 4, Quite a bit | 5, Extremely",,,,,,"[pbq_10_parentself_child_1] = '1' or [pbq_10_parentself_child_1] = '2' or [pbq_10_parentself_child_1] = '3' or [pbq_10_parentself_child_1] = '4' or [pbq_10_parentself_child_1] = '5'",,,,bbq_matrix_3_child_1,,
pbq_27_parentself_child_1,pbq,,radio,"Organized a fun activity with family members","0, Not at all | 1, Very slightly | 2, Slightly | 3, Moderately | 4, Quite a bit | 5, Extremely",,,,,,"[pbq_11_parentself_child_1] = '1' or [pbq_11_parentself_child_1] = '2' or [pbq_11_parentself_child_1] = '3' or [pbq_11_parentself_child_1] = '4' or [pbq_11_parentself_child_1] = '5'",,,,bbq_matrix_3_child_1,,
pbq_28_parentself_child_1,pbq,,radio,"Tried to help think of the problem in a different way so it didn't seem as bad","0, Not at all | 1, Very slightly | 2, Slightly | 3, Moderately | 4, Quite a bit | 5, Extremely",,,,,,"[pbq_12_parentself_child_1] = '1' or [pbq_12_parentself_child_1] = '2' or [pbq_12_parentself_child_1] = '3' or [pbq_12_parentself_child_1] = '4' or [pbq_12_parentself_child_1] = '5'",,,,bbq_matrix_3_child_1,,
pbq_29_parentself_child_1,pbq,,radio,"Encouraged them to talk about their feelings with others like family, friends, or trusted others","0, Not at all | 1, Very slightly | 2, Slightly | 3, Moderately | 4, Quite a bit | 5, Extremely",,,,,,"[pbq_13_parentself_child_1] = '1' or [pbq_13_parentself_child_1] = '2' or [pbq_13_parentself_child_1] = '3' or [pbq_13_parentself_child_1] = '4' or [pbq_13_parentself_child_1] = '5'",,,,bbq_matrix_3_child_1,,
pbq_30_parentself_child_1,pbq,,radio,"Suggested turning to religious or spiritual beliefs, or meditating","0, Not at all | 1, Very slightly | 2, Slightly | 3, Moderately | 4, Quite a bit | 5, Extremely",,,,,,"[pbq_14_parentself_child_1] = '1' or [pbq_14_parentself_child_1] = '2' or [pbq_14_parentself_child_1] = '3' or [pbq_14_parentself_child_1] = '4' or [pbq_14_parentself_child_1] = '5'",,,,bbq_matrix_3_child_1,,
pbq_31_parentself_child_1,pbq,,radio,"Scheduled an appointment with a psychologist, therapist, or other mental health support service","0, Not at all | 1, Very slightly | 2, Slightly | 3, Moderately | 4, Quite a bit | 5, Extremely",,,,,,"[pbq_15_parentself_child_1] = '1' or [pbq_15_parentself_child_1] = '2' or [pbq_15_parentself_child_1] = '3' or [pbq_15_parentself_child_1] = '4' or [pbq_15_parentself_child_1] = '5'",,,,bbq_matrix_3_child_1,,
pbq_1_parentself_child_2,pbq,"The following questions refer to Child 2.

Please indicate how many times in the PAST TWO WEEKS you engaged in any of the following behaviors with Child 2.",radio,"Used physical touch to regulate my child's stress","0, Never | 1, Once | 2, Several times a week | 3, Once a day | 4, Multiple times a day | 5, Almost constantly",,,,,,"[parentself_number_children_study] = '2' or [parentself_number_children_study] = '3' or [parentself_number_children_study] = '4'",,,,pbq_matrix_2_child_2,,
pbq_2_parentself_child_2,pbq,,radio,"Limited my child's media usage","0, Never | 1, Once | 2, Several times a week | 3, Once a day | 4, Multiple times a day | 5, Almost constantly",,,,,,"[parentself_number_children_study] = '2' or [parentself_number_children_study] = '3' or [parentself_number_children_study] = '4'",,,,pbq_matrix_2_child_2,,
pbq_3_parentself_child_2,pbq,,radio,"Had conversations about COVID-19 at home","0, Never | 1, Once | 2, Several times a week | 3, Once a day | 4, Multiple times a day | 5, Almost constantly",,,,,,"[parentself_number_children_study] = '2' or [parentself_number_children_study] = '3' or [parentself_number_children_study] = '4'",,,,pbq_matrix_2_child_2,,
pbq_4_parentself_child_2,pbq,,radio,"Tried to explain COVID-19 in a way they will understand","0, Never | 1, Once | 2, Several times a week | 3, Once a day | 4, Multiple times a day | 5, Almost constantly",,,,,,"[parentself_number_children_study] = '2' or [parentself_number_children_study] = '3' or [parentself_number_children_study] = '4'",,,,pbq_matrix_2_child_2,,
pbq_5_parentself_child_2,pbq,,radio,"Established daily routines for my child","0, Never | 1, Once | 2, Several times a week | 3, Once a day | 4, Multiple times a day | 5, Almost constantly",,,,,,"[parentself_number_children_study] = '2' or [parentself_number_children_study] = '3' or [parentself_number_children_study] = '4'",,,,pbq_matrix_2_child_2,,
pbq_6_parentself_child_2,pbq,,radio,"Set aside time to listen to my child's concerns","0, Never | 1, Once | 2, Several times a week | 3, Once a day | 4, Multiple times a day | 5, Almost constantly",,,,,,"[parentself_number_children_study] = '2' or [parentself_number_children_study] = '3' or [parentself_number_children_study] = '4'",,,,pbq_matrix_2_child_2,,
pbq_7_parentself_child_2,pbq,,radio,"Tried to help my child focus on positive things in life","0, Never | 1, Once | 2, Several times a week | 3, Once a day | 4, Multiple times a day | 5, Almost constantly",,,,,,"[parentself_number_children_study] = '2' or [parentself_number_children_study] = '3' or [parentself_number_children_study] = '4'",,,,pbq_matrix_2_child_2,,
pbq_8_parentself_child_2,pbq,,radio,"Suggested activities they enjoy doing at home","0, Never | 1, Once | 2, Several times a week | 3, Once a day | 4, Multiple times a day | 5, Almost constantly",,,,,,"[parentself_number_children_study] = '2' or [parentself_number_children_study] = '3' or [parentself_number_children_study] = '4'",,,,pbq_matrix_2_child_2,,
pbq_9_parentself_child_2,pbq,,radio,"Suggested doing some exercise","0, Never | 1, Once | 2, Several times a week | 3, Once a day | 4, Multiple times a day | 5, Almost constantly",,,,,,"[parentself_number_children_study] = '2' or [parentself_number_children_study] = '3' or [parentself_number_children_study] = '4'",,,,pbq_matrix_2_child_2,,
pbq_10_parentself_child_2,pbq,,radio,"Tried to help them get more sleep","0, Never | 1, Once | 2, Several times a week | 3, Once a day | 4, Multiple times a day | 5, Almost constantly",,,,,,"[parentself_number_children_study] = '2' or [parentself_number_children_study] = '3' or [parentself_number_children_study] = '4'",,,,pbq_matrix_2_child_2,,
pbq_11_parentself_child_2,pbq,,radio,"Organized a fun activity with family members","0, Never | 1, Once | 2, Several times a week | 3, Once a day | 4, Multiple times a day | 5, Almost constantly",,,,,,"[parentself_number_children_study] = '2' or [parentself_number_children_study] = '3' or [parentself_number_children_study] = '4'",,,,pbq_matrix_2_child_2,,
pbq_12_parentself_child_2,pbq,,radio,"Tried to help think of the problem in a different way so it didn't seem as bad","0, Never | 1, Once | 2, Several times a week | 3, Once a day | 4, Multiple times a day | 5, Almost constantly",,,,,,"[parentself_number_children_study] = '2' or [parentself_number_children_study] = '3' or [parentself_number_children_study] = '4'",,,,pbq_matrix_2_child_2,,
pbq_13_parentself_child_2,pbq,,radio,"Encouraged them to talk about their feelings with others like family, friends, or trusted others","0, Never | 1, Once | 2, Several times a week | 3, Once a day | 4, Multiple times a day | 5, Almost constantly",,,,,,"[parentself_number_children_study] = '2' or [parentself_number_children_study] = '3' or [parentself_number_children_study] = '4'",,,,pbq_matrix_2_child_2,,
pbq_14_parentself_child_2,pbq,,radio,"Suggested turning to religious or spiritual beliefs, or meditating","0, Never | 1, Once | 2, Several times a week | 3, Once a day | 4, Multiple times a day | 5, Almost constantly",,,,,,"[parentself_number_children_study] = '2' or [parentself_number_children_study] = '3' or [parentself_number_children_study] = '4'",,,,pbq_matrix_2_child_2,,
pbq_15_parentself_child_2,pbq,,radio,"Scheduled an appointment with a psychologist, therapist, or other mental health support service","0, Never | 1, Once | 2, Several times a week | 3, Once a day | 4, Multiple times a day | 5, Almost constantly",,,,,,"[parentself_number_children_study] = '2' or [parentself_number_children_study] = '3' or [parentself_number_children_study] = '4'",,,,pbq_matrix_2_child_2,,
pbq_16_parentself_child_2,pbq,,radio,Other,"0, Never | 1, Once | 2, Several times a week | 3, Once a day | 4, Multiple times a day | 5, Almost constantly",,,,,,"[parentself_number_children_study] = '2' or [parentself_number_children_study] = '3' or [parentself_number_children_study] = '4'",,,,pbq_matrix_2_child_2,,
pbq_16_other_parentself_child_2,pbq,,notes,"In what other ways have you been helping your Child 2 cope with COVID-19 and the Safer-at-Home orders? 

Please use this space to tell us what else you have been doing.",,,,,,,"[pbq_16_parentself_child_2] = '5' or [pbq_16_parentself_child_2] = '4' or [pbq_16_parentself_child_2] = '3' or [pbq_16_parentself_child_2] = '2' or [pbq_16_parentself_child_2] = '1'",,,,,,
pbq_16_other_helpful_parentself_child_2,pbq,,radio,"How helpful were these other behaviors?","0, Not at all | 1, Very slightly | 2, Slightly | 3, Moderately | 4, Quite a bit | 5, Extremely",,,,,,"[pbq_16_parentself_child_2] = '5' or [pbq_16_parentself_child_2] = '4' or [pbq_16_parentself_child_2] = '3' or [pbq_16_parentself_child_2] = '2' or [pbq_16_parentself_child_2] = '1'",,,,,,
pbq_17_parentself_child_2,pbq,"The following questions refer to Child 2. 

How helpful were each of these behaviors that you engaged in with Child 2?",radio,"Used physical touch to regulate my child's stress","0, Not at all | 1, Very slightly | 2, Slightly | 3, Moderately | 4, Quite a bit | 5, Extremely",,,,,,"[pbq_1_parentself_child_2] = '1' or [pbq_1_parentself_child_2] = '2' or [pbq_1_parentself_child_2] = '3' or [pbq_1_parentself_child_2] = '4' or [pbq_1_parentself_child_2] = '5'",,,,bbq_matrix_3_child_2,,
pbq_18_parentself_child_2,pbq,,radio,"Limited my child's media usage","0, Not at all | 1, Very slightly | 2, Slightly | 3, Moderately | 4, Quite a bit | 5, Extremely",,,,,,"[pbq_2_parentself_child_2] = '1' or [pbq_2_parentself_child_2] = '2' or [pbq_2_parentself_child_2] = '3' or [pbq_2_parentself_child_2] = '4' or [pbq_2_parentself_child_2] = '5'",,,,bbq_matrix_3_child_2,,
pbq_19_parentself_child_2,pbq,,radio,"Had conversations about COVID-19 at home","0, Not at all | 1, Very slightly | 2, Slightly | 3, Moderately | 4, Quite a bit | 5, Extremely",,,,,,"[pbq_3_parentself_child_2] = '1' or [pbq_3_parentself_child_2] = '2' or [pbq_3_parentself_child_2] = '3' or [pbq_3_parentself_child_2] = '4' or [pbq_3_parentself_child_2] = '5'",,,,bbq_matrix_3_child_2,,
pbq_20_parentself_child_2,pbq,,radio,"Tried to explain COVID-19 in a way they will understand","0, Not at all | 1, Very slightly | 2, Slightly | 3, Moderately | 4, Quite a bit | 5, Extremely",,,,,,"[pbq_4_parentself_child_2] = '1' or [pbq_4_parentself_child_2] = '2' or [pbq_4_parentself_child_2] = '3' or [pbq_4_parentself_child_2] = '4' or [pbq_4_parentself_child_2] = '5'",,,,bbq_matrix_3_child_2,,
pbq_21_parentself_child_2,pbq,,radio,"Established daily routines for my child","0, Not at all | 1, Very slightly | 2, Slightly | 3, Moderately | 4, Quite a bit | 5, Extremely",,,,,,"[pbq_5_parentself_child_2] = '1' or [pbq_5_parentself_child_2] = '2' or [pbq_5_parentself_child_2] = '3' or [pbq_5_parentself_child_2] = '4' or [pbq_5_parentself_child_2] = '5'",,,,bbq_matrix_3_child_2,,
pbq_22_parentself_child_2,pbq,,radio,"Set aside time to listen to my child's concerns","0, Not at all | 1, Very slightly | 2, Slightly | 3, Moderately | 4, Quite a bit | 5, Extremely",,,,,,"[pbq_6_parentself_child_2] = '1' or [pbq_6_parentself_child_2] = '2' or [pbq_6_parentself_child_2] = '3' or [pbq_6_parentself_child_2] = '4' or [pbq_6_parentself_child_2] = '5'",,,,bbq_matrix_3_child_2,,
pbq_23_parentself_child_2,pbq,,radio,"Tried to help my child focus on positive things in life","0, Not at all | 1, Very slightly | 2, Slightly | 3, Moderately | 4, Quite a bit | 5, Extremely",,,,,,"[pbq_7_parentself_child_2] = '1' or [pbq_7_parentself_child_2] = '2' or [pbq_7_parentself_child_2] = '3' or [pbq_7_parentself_child_2] = '4' or [pbq_7_parentself_child_2] = '5'",,,,bbq_matrix_3_child_2,,
pbq_24_parentself_child_2,pbq,,radio,"Suggested activities they enjoy doing at home","0, Not at all | 1, Very slightly | 2, Slightly | 3, Moderately | 4, Quite a bit | 5, Extremely",,,,,,"[pbq_8_parentself_child_2] = '1' or [pbq_8_parentself_child_2] = '2' or [pbq_8_parentself_child_2] = '3' or [pbq_8_parentself_child_2] = '4' or [pbq_8_parentself_child_2] = '5'",,,,bbq_matrix_3_child_2,,
pbq_25_parentself_child_2,pbq,,radio,"Suggested doing some exercise","0, Not at all | 1, Very slightly | 2, Slightly | 3, Moderately | 4, Quite a bit | 5, Extremely",,,,,,"[pbq_9_parentself_child_2] = '1' or [pbq_9_parentself_child_2] = '2' or [pbq_9_parentself_child_2] = '3' or [pbq_9_parentself_child_2] = '4' or [pbq_9_parentself_child_2] = '5'",,,,bbq_matrix_3_child_2,,
pbq_26_parentself_child_2,pbq,,radio,"Tried to help them get more sleep","0, Not at all | 1, Very slightly | 2, Slightly | 3, Moderately | 4, Quite a bit | 5, Extremely",,,,,,"[pbq_10_parentself_child_2] = '1' or [pbq_10_parentself_child_2] = '2' or [pbq_10_parentself_child_2] = '3' or [pbq_10_parentself_child_2] = '4' or [pbq_10_parentself_child_2] = '5'",,,,bbq_matrix_3_child_2,,
pbq_27_parentself_child_2,pbq,,radio,"Organized a fun activity with family members","0, Not at all | 1, Very slightly | 2, Slightly | 3, Moderately | 4, Quite a bit | 5, Extremely",,,,,,"[pbq_11_parentself_child_2] = '1' or [pbq_11_parentself_child_2] = '2' or [pbq_11_parentself_child_2] = '3' or [pbq_11_parentself_child_2] = '4' or [pbq_11_parentself_child_2] = '5'",,,,bbq_matrix_3_child_2,,
pbq_28_parentself_child_2,pbq,,radio,"Tried to help think of the problem in a different way so it didn't seem as bad","0, Not at all | 1, Very slightly | 2, Slightly | 3, Moderately | 4, Quite a bit | 5, Extremely",,,,,,"[pbq_12_parentself_child_2] = '1' or [pbq_12_parentself_child_2] = '2' or [pbq_12_parentself_child_2] = '3' or [pbq_12_parentself_child_2] = '4' or [pbq_12_parentself_child_2] = '5'",,,,bbq_matrix_3_child_2,,
pbq_29_parentself_child_2,pbq,,radio,"Encouraged them to talk about their feelings with others like family, friends, or trusted others","0, Not at all | 1, Very slightly | 2, Slightly | 3, Moderately | 4, Quite a bit | 5, Extremely",,,,,,"[pbq_13_parentself_child_2] = '1' or [pbq_13_parentself_child_2] = '2' or [pbq_13_parentself_child_2] = '3' or [pbq_13_parentself_child_2] = '4' or [pbq_13_parentself_child_2] = '5'",,,,bbq_matrix_3_child_2,,
pbq_30_parentself_child_2,pbq,,radio,"Suggested turning to religious or spiritual beliefs, or meditating","0, Not at all | 1, Very slightly | 2, Slightly | 3, Moderately | 4, Quite a bit | 5, Extremely",,,,,,"[pbq_14_parentself_child_2] = '1' or [pbq_14_parentself_child_2] = '2' or [pbq_14_parentself_child_2] = '3' or [pbq_14_parentself_child_2] = '4' or [pbq_14_parentself_child_2] = '5'",,,,bbq_matrix_3_child_2,,
pbq_31_parentself_child_2,pbq,,radio,"Scheduled an appointment with a psychologist, therapist, or other mental health support service","0, Not at all | 1, Very slightly | 2, Slightly | 3, Moderately | 4, Quite a bit | 5, Extremely",,,,,,"[pbq_15_parentself_child_2] = '1' or [pbq_15_parentself_child_2] = '2' or [pbq_15_parentself_child_2] = '3' or [pbq_15_parentself_child_2] = '4' or [pbq_15_parentself_child_2] = '5'",,,,bbq_matrix_3_child_2,,
pbq_1_parentself_child_3,pbq,"The following questions refer to Child 3.

Please indicate how many times in the PAST TWO WEEKS you engaged in any of the following behaviors with Child 3.",radio,"Used physical touch to regulate my child's stress","0, Never | 1, Once | 2, Several times a week | 3, Once a day | 4, Multiple times a day | 5, Almost constantly",,,,,,"[parentself_number_children_study] = '3' or [parentself_number_children_study] = '4'",,,,pbq_matrix_2_child_3,,
pbq_2_parentself_child_3,pbq,,radio,"Limited my child's media usage","0, Never | 1, Once | 2, Several times a week | 3, Once a day | 4, Multiple times a day | 5, Almost constantly",,,,,,"[parentself_number_children_study] = '3' or [parentself_number_children_study] = '4'",,,,pbq_matrix_2_child_3,,
pbq_3_parentself_child_3,pbq,,radio,"Had conversations about COVID-19 at home","0, Never | 1, Once | 2, Several times a week | 3, Once a day | 4, Multiple times a day | 5, Almost constantly",,,,,,"[parentself_number_children_study] = '3' or [parentself_number_children_study] = '4'",,,,pbq_matrix_2_child_3,,
pbq_4_parentself_child_3,pbq,,radio,"Tried to explain COVID-19 in a way they will understand","0, Never | 1, Once | 2, Several times a week | 3, Once a day | 4, Multiple times a day | 5, Almost constantly",,,,,,"[parentself_number_children_study] = '3' or [parentself_number_children_study] = '4'",,,,pbq_matrix_2_child_3,,
pbq_5_parentself_child_3,pbq,,radio,"Established daily routines for my child","0, Never | 1, Once | 2, Several times a week | 3, Once a day | 4, Multiple times a day | 5, Almost constantly",,,,,,"[parentself_number_children_study] = '3' or [parentself_number_children_study] = '4'",,,,pbq_matrix_2_child_3,,
pbq_6_parentself_child_3,pbq,,radio,"Set aside time to listen to my child's concerns","0, Never | 1, Once | 2, Several times a week | 3, Once a day | 4, Multiple times a day | 5, Almost constantly",,,,,,"[parentself_number_children_study] = '3' or [parentself_number_children_study] = '4'",,,,pbq_matrix_2_child_3,,
pbq_7_parentself_child_3,pbq,,radio,"Tried to help my child focus on positive things in life","0, Never | 1, Once | 2, Several times a week | 3, Once a day | 4, Multiple times a day | 5, Almost constantly",,,,,,"[parentself_number_children_study] = '3' or [parentself_number_children_study] = '4'",,,,pbq_matrix_2_child_3,,
pbq_8_parentself_child_3,pbq,,radio,"Suggested activities they enjoy doing at home","0, Never | 1, Once | 2, Several times a week | 3, Once a day | 4, Multiple times a day | 5, Almost constantly",,,,,,"[parentself_number_children_study] = '3' or [parentself_number_children_study] = '4'",,,,pbq_matrix_2_child_3,,
pbq_9_parentself_child_3,pbq,,radio,"Suggested doing some exercise","0, Never | 1, Once | 2, Several times a week | 3, Once a day | 4, Multiple times a day | 5, Almost constantly",,,,,,"[parentself_number_children_study] = '3' or [parentself_number_children_study] = '4'",,,,pbq_matrix_2_child_3,,
pbq_10_parentself_child_3,pbq,,radio,"Tried to help them get more sleep","0, Never | 1, Once | 2, Several times a week | 3, Once a day | 4, Multiple times a day | 5, Almost constantly",,,,,,"[parentself_number_children_study] = '3' or [parentself_number_children_study] = '4'",,,,pbq_matrix_2_child_3,,
pbq_11_parentself_child_3,pbq,,radio,"Organized a fun activity with family members","0, Never | 1, Once | 2, Several times a week | 3, Once a day | 4, Multiple times a day | 5, Almost constantly",,,,,,"[parentself_number_children_study] = '3' or [parentself_number_children_study] = '4'",,,,pbq_matrix_2_child_3,,
pbq_12_parentself_child_3,pbq,,radio,"Tried to help think of the problem in a different way so it didn't seem as bad","0, Never | 1, Once | 2, Several times a week | 3, Once a day | 4, Multiple times a day | 5, Almost constantly",,,,,,"[parentself_number_children_study] = '3' or [parentself_number_children_study] = '4'",,,,pbq_matrix_2_child_3,,
pbq_13_parentself_child_3,pbq,,radio,"Encouraged them to talk about their feelings with others like family, friends, or trusted others","0, Never | 1, Once | 2, Several times a week | 3, Once a day | 4, Multiple times a day | 5, Almost constantly",,,,,,"[parentself_number_children_study] = '3' or [parentself_number_children_study] = '4'",,,,pbq_matrix_2_child_3,,
pbq_14_parentself_child_3,pbq,,radio,"Suggested turning to religious or spiritual beliefs, or meditating","0, Never | 1, Once | 2, Several times a week | 3, Once a day | 4, Multiple times a day | 5, Almost constantly",,,,,,"[parentself_number_children_study] = '3' or [parentself_number_children_study] = '4'",,,,pbq_matrix_2_child_3,,
pbq_15_parentself_child_3,pbq,,radio,"Scheduled an appointment with a psychologist, therapist, or other mental health support service","0, Never | 1, Once | 2, Several times a week | 3, Once a day | 4, Multiple times a day | 5, Almost constantly",,,,,,"[parentself_number_children_study] = '3' or [parentself_number_children_study] = '4'",,,,pbq_matrix_2_child_3,,
pbq_16_parentself_child_3,pbq,,radio,Other,"0, Never | 1, Once | 2, Several times a week | 3, Once a day | 4, Multiple times a day | 5, Almost constantly",,,,,,"[parentself_number_children_study] = '3' or [parentself_number_children_study] = '4'",,,,pbq_matrix_2_child_3,,
pbq_16_other_parentself_child_3,pbq,,notes,"In what other ways have you been helping your Child 3 cope with COVID-19 and the Safer-at-Home orders? 

Please use this space to tell us what else you have been doing.",,,,,,,"[pbq_16_parentself_child_3] = '5' or [pbq_16_parentself_child_3] = '4' or [pbq_16_parentself_child_3] = '3' or [pbq_16_parentself_child_3] = '2' or [pbq_16_parentself_child_3] = '1'",,,,,,
pbq_16_other_helpful_parentself_child_3,pbq,,radio,"How helpful were these other behaviors?","0, Not at all | 1, Very slightly | 2, Slightly | 3, Moderately | 4, Quite a bit | 5, Extremely",,,,,,"[pbq_16_parentself_child_3] = '5' or [pbq_16_parentself_child_3] = '4' or [pbq_16_parentself_child_3] = '3' or [pbq_16_parentself_child_3] = '2' or [pbq_16_parentself_child_3] = '1'",,,,,,
pbq_17_parentself_child_3,pbq,"The following questions refer to Child 3. 

How helpful were each of these behaviors that you engaged in with Child 3?",radio,"Used physical touch to regulate my child's stress","0, Not at all | 1, Very slightly | 2, Slightly | 3, Moderately | 4, Quite a bit | 5, Extremely",,,,,,"[pbq_1_parentself_child_3] = '1' or [pbq_1_parentself_child_3] = '2' or [pbq_1_parentself_child_3] = '3' or [pbq_1_parentself_child_3] = '4' or [pbq_1_parentself_child_3] = '5'",,,,bbq_matrix_3_child_3,,
pbq_18_parentself_child_3,pbq,,radio,"Limited my child's media usage","0, Not at all | 1, Very slightly | 2, Slightly | 3, Moderately | 4, Quite a bit | 5, Extremely",,,,,,"[pbq_2_parentself_child_3] = '1' or [pbq_2_parentself_child_3] = '2' or [pbq_2_parentself_child_3] = '3' or [pbq_2_parentself_child_3] = '4' or [pbq_2_parentself_child_3] = '5'",,,,bbq_matrix_3_child_3,,
pbq_19_parentself_child_3,pbq,,radio,"Had conversations about COVID-19 at home","0, Not at all | 1, Very slightly | 2, Slightly | 3, Moderately | 4, Quite a bit | 5, Extremely",,,,,,"[pbq_3_parentself_child_3] = '1' or [pbq_3_parentself_child_3] = '2' or [pbq_3_parentself_child_3] = '3' or [pbq_3_parentself_child_3] = '4' or [pbq_3_parentself_child_3] = '5'",,,,bbq_matrix_3_child_3,,
pbq_20_parentself_child_3,pbq,,radio,"Tried to explain COVID-19 in a way they will understand","0, Not at all | 1, Very slightly | 2, Slightly | 3, Moderately | 4, Quite a bit | 5, Extremely",,,,,,"[pbq_4_parentself_child_3] = '1' or [pbq_4_parentself_child_3] = '2' or [pbq_4_parentself_child_3] = '3' or [pbq_4_parentself_child_3] = '4' or [pbq_4_parentself_child_3] = '5'",,,,bbq_matrix_3_child_3,,
pbq_21_parentself_child_3,pbq,,radio,"Established daily routines for my child","0, Not at all | 1, Very slightly | 2, Slightly | 3, Moderately | 4, Quite a bit | 5, Extremely",,,,,,"[pbq_5_parentself_child_3] = '1' or [pbq_5_parentself_child_3] = '2' or [pbq_5_parentself_child_3] = '3' or [pbq_5_parentself_child_3] = '4' or [pbq_5_parentself_child_3] = '5'",,,,bbq_matrix_3_child_3,,
pbq_22_parentself_child_3,pbq,,radio,"Set aside time to listen to my child's concerns","0, Not at all | 1, Very slightly | 2, Slightly | 3, Moderately | 4, Quite a bit | 5, Extremely",,,,,,"[pbq_6_parentself_child_3] = '1' or [pbq_6_parentself_child_3] = '2' or [pbq_6_parentself_child_3] = '3' or [pbq_6_parentself_child_3] = '4' or [pbq_6_parentself_child_3] = '5'",,,,bbq_matrix_3_child_3,,
pbq_23_parentself_child_3,pbq,,radio,"Tried to help my child focus on positive things in life","0, Not at all | 1, Very slightly | 2, Slightly | 3, Moderately | 4, Quite a bit | 5, Extremely",,,,,,"[pbq_7_parentself_child_3] = '1' or [pbq_7_parentself_child_3] = '2' or [pbq_7_parentself_child_3] = '3' or [pbq_7_parentself_child_3] = '4' or [pbq_7_parentself_child_3] = '5'",,,,bbq_matrix_3_child_3,,
pbq_24_parentself_child_3,pbq,,radio,"Suggested activities they enjoy doing at home","0, Not at all | 1, Very slightly | 2, Slightly | 3, Moderately | 4, Quite a bit | 5, Extremely",,,,,,"[pbq_8_parentself_child_3] = '1' or [pbq_8_parentself_child_3] = '2' or [pbq_8_parentself_child_3] = '3' or [pbq_8_parentself_child_3] = '4' or [pbq_8_parentself_child_3] = '5'",,,,bbq_matrix_3_child_3,,
pbq_25_parentself_child_3,pbq,,radio,"Suggested doing some exercise","0, Not at all | 1, Very slightly | 2, Slightly | 3, Moderately | 4, Quite a bit | 5, Extremely",,,,,,"[pbq_9_parentself_child_3] = '1' or [pbq_9_parentself_child_3] = '2' or [pbq_9_parentself_child_3] = '3' or [pbq_9_parentself_child_3] = '4' or [pbq_9_parentself_child_3] = '5'",,,,bbq_matrix_3_child_3,,
pbq_26_parentself_child_3,pbq,,radio,"Tried to help them get more sleep","0, Not at all | 1, Very slightly | 2, Slightly | 3, Moderately | 4, Quite a bit | 5, Extremely",,,,,,"[pbq_10_parentself_child_3] = '1' or [pbq_10_parentself_child_3] = '2' or [pbq_10_parentself_child_3] = '3' or [pbq_10_parentself_child_3] = '4' or [pbq_10_parentself_child_3] = '5'",,,,bbq_matrix_3_child_3,,
pbq_27_parentself_child_3,pbq,,radio,"Organized a fun activity with family members","0, Not at all | 1, Very slightly | 2, Slightly | 3, Moderately | 4, Quite a bit | 5, Extremely",,,,,,"[pbq_11_parentself_child_3] = '1' or [pbq_11_parentself_child_3] = '2' or [pbq_11_parentself_child_3] = '3' or [pbq_11_parentself_child_3] = '4' or [pbq_11_parentself_child_3] = '5'",,,,bbq_matrix_3_child_3,,
pbq_28_parentself_child_3,pbq,,radio,"Tried to help think of the problem in a different way so it didn't seem as bad","0, Not at all | 1, Very slightly | 2, Slightly | 3, Moderately | 4, Quite a bit | 5, Extremely",,,,,,"[pbq_12_parentself_child_3] = '1' or [pbq_12_parentself_child_3] = '2' or [pbq_12_parentself_child_3] = '3' or [pbq_12_parentself_child_3] = '4' or [pbq_12_parentself_child_3] = '5'",,,,bbq_matrix_3_child_3,,
pbq_29_parentself_child_3,pbq,,radio,"Encouraged them to talk about their feelings with others like family, friends, or trusted others","0, Not at all | 1, Very slightly | 2, Slightly | 3, Moderately | 4, Quite a bit | 5, Extremely",,,,,,"[pbq_13_parentself_child_3] = '1' or [pbq_13_parentself_child_3] = '2' or [pbq_13_parentself_child_3] = '3' or [pbq_13_parentself_child_3] = '4' or [pbq_13_parentself_child_3] = '5'",,,,bbq_matrix_3_child_3,,
pbq_30_parentself_child_3,pbq,,radio,"Suggested turning to religious or spiritual beliefs, or meditating","0, Not at all | 1, Very slightly | 2, Slightly | 3, Moderately | 4, Quite a bit | 5, Extremely",,,,,,"[pbq_14_parentself_child_3] = '1' or [pbq_14_parentself_child_3] = '2' or [pbq_14_parentself_child_3] = '3' or [pbq_14_parentself_child_3] = '4' or [pbq_14_parentself_child_3] = '5'",,,,bbq_matrix_3_child_3,,
pbq_31_parentself_child_3,pbq,,radio,"Scheduled an appointment with a psychologist, therapist, or other mental health support service","0, Not at all | 1, Very slightly | 2, Slightly | 3, Moderately | 4, Quite a bit | 5, Extremely",,,,,,"[pbq_15_parentself_child_3] = '1' or [pbq_15_parentself_child_3] = '2' or [pbq_15_parentself_child_3] = '3' or [pbq_15_parentself_child_3] = '4' or [pbq_15_parentself_child_3] = '5'",,,,bbq_matrix_3_child_3,,
pbq_1_parentself_child_4,pbq,"The following questions refer to Child 4.

Please indicate how many times in the PAST TWO WEEKS you engaged in any of the following behaviors with Child 4.",radio,"Used physical touch to regulate my child's stress","0, Never | 1, Once | 2, Several times a week | 3, Once a day | 4, Multiple times a day | 5, Almost constantly",,,,,,"[parentself_number_children_study] = '4'",,,,pbq_matrix_2_child_4,,
pbq_2_parentself_child_4,pbq,,radio,"Limited my child's media usage","0, Never | 1, Once | 2, Several times a week | 3, Once a day | 4, Multiple times a day | 5, Almost constantly",,,,,,"[parentself_number_children_study] = '4'",,,,pbq_matrix_2_child_4,,
pbq_3_parentself_child_4,pbq,,radio,"Had conversations about COVID-19 at home","0, Never | 1, Once | 2, Several times a week | 3, Once a day | 4, Multiple times a day | 5, Almost constantly",,,,,,"[parentself_number_children_study] = '4'",,,,pbq_matrix_2_child_4,,
pbq_4_parentself_child_4,pbq,,radio,"Tried to explain COVID-19 in a way they will understand","0, Never | 1, Once | 2, Several times a week | 3, Once a day | 4, Multiple times a day | 5, Almost constantly",,,,,,"[parentself_number_children_study] = '4'",,,,pbq_matrix_2_child_4,,
pbq_5_parentself_child_4,pbq,,radio,"Established daily routines for my child","0, Never | 1, Once | 2, Several times a week | 3, Once a day | 4, Multiple times a day | 5, Almost constantly",,,,,,"[parentself_number_children_study] = '4'",,,,pbq_matrix_2_child_4,,
pbq_6_parentself_child_4,pbq,,radio,"Set aside time to listen to my child's concerns","0, Never | 1, Once | 2, Several times a week | 3, Once a day | 4, Multiple times a day | 5, Almost constantly",,,,,,"[parentself_number_children_study] = '4'",,,,pbq_matrix_2_child_4,,
pbq_7_parentself_child_4,pbq,,radio,"Tried to help my child focus on positive things in life","0, Never | 1, Once | 2, Several times a week | 3, Once a day | 4, Multiple times a day | 5, Almost constantly",,,,,,"[parentself_number_children_study] = '4'",,,,pbq_matrix_2_child_4,,
pbq_8_parentself_child_4,pbq,,radio,"Suggested activities they enjoy doing at home","0, Never | 1, Once | 2, Several times a week | 3, Once a day | 4, Multiple times a day | 5, Almost constantly",,,,,,"[parentself_number_children_study] = '4'",,,,pbq_matrix_2_child_4,,
pbq_9_parentself_child_4,pbq,,radio,"Suggested doing some exercise","0, Never | 1, Once | 2, Several times a week | 3, Once a day | 4, Multiple times a day | 5, Almost constantly",,,,,,"[parentself_number_children_study] = '4'",,,,pbq_matrix_2_child_4,,
pbq_10_parentself_child_4,pbq,,radio,"Tried to help them get more sleep","0, Never | 1, Once | 2, Several times a week | 3, Once a day | 4, Multiple times a day | 5, Almost constantly",,,,,,"[parentself_number_children_study] = '4'",,,,pbq_matrix_2_child_4,,
pbq_11_parentself_child_4,pbq,,radio,"Organized a fun activity with family members","0, Never | 1, Once | 2, Several times a week | 3, Once a day | 4, Multiple times a day | 5, Almost constantly",,,,,,"[parentself_number_children_study] = '4'",,,,pbq_matrix_2_child_4,,
pbq_12_parentself_child_4,pbq,,radio,"Tried to help think of the problem in a different way so it didn't seem as bad","0, Never | 1, Once | 2, Several times a week | 3, Once a day | 4, Multiple times a day | 5, Almost constantly",,,,,,"[parentself_number_children_study] = '4'",,,,pbq_matrix_2_child_4,,
pbq_13_parentself_child_4,pbq,,radio,"Encouraged them to talk about their feelings with others like family, friends, or trusted others","0, Never | 1, Once | 2, Several times a week | 3, Once a day | 4, Multiple times a day | 5, Almost constantly",,,,,,"[parentself_number_children_study] = '4'",,,,pbq_matrix_2_child_4,,
pbq_14_parentself_child_4,pbq,,radio,"Suggested turning to religious or spiritual beliefs, or meditating","0, Never | 1, Once | 2, Several times a week | 3, Once a day | 4, Multiple times a day | 5, Almost constantly",,,,,,"[parentself_number_children_study] = '4'",,,,pbq_matrix_2_child_4,,
pbq_15_parentself_child_4,pbq,,radio,"Scheduled an appointment with a psychologist, therapist, or other mental health support service","0, Never | 1, Once | 2, Several times a week | 3, Once a day | 4, Multiple times a day | 5, Almost constantly",,,,,,"[parentself_number_children_study] = '4'",,,,pbq_matrix_2_child_4,,
pbq_16_parentself_child_4,pbq,,radio,Other,"0, Never | 1, Once | 2, Several times a week | 3, Once a day | 4, Multiple times a day | 5, Almost constantly",,,,,,"[parentself_number_children_study] = '4'",,,,pbq_matrix_2_child_4,,
pbq_16_other_parentself_child_4,pbq,,notes,"In what other ways have you been helping your Child 4 cope with COVID-19 and the Safer-at-Home orders? 

Please use this space to tell us what else you have been doing.",,,,,,,"[pbq_16_parentself_child_4] = '5' or [pbq_16_parentself_child_4] = '4' or [pbq_16_parentself_child_4] = '3' or [pbq_16_parentself_child_4] = '2' or [pbq_16_parentself_child_4] = '1'",,,,,,
pbq_16_other_helpful_parentself_child_4,pbq,,radio,"How helpful were these other behaviors?","0, Not at all | 1, Very slightly | 2, Slightly | 3, Moderately | 4, Quite a bit | 5, Extremely",,,,,,"[pbq_16_parentself_child_4] = '5' or [pbq_16_parentself_child_4] = '4' or [pbq_16_parentself_child_4] = '3' or [pbq_16_parentself_child_4] = '2' or [pbq_16_parentself_child_4] = '1'",,,,,,
pbq_17_parentself_child_4,pbq,"The following questions refer to Child 4. 

How helpful were each of these behaviors that you engaged in with Child 4?",radio,"Used physical touch to regulate my child's stress","0, Not at all | 1, Very slightly | 2, Slightly | 3, Moderately | 4, Quite a bit | 5, Extremely",,,,,,"[pbq_1_parentself_child_4] = '1' or [pbq_1_parentself_child_4] = '2' or [pbq_1_parentself_child_4] = '3' or [pbq_1_parentself_child_4] = '4' or [pbq_1_parentself_child_4] = '5'",,,,bbq_matrix_3_child_4,,
pbq_18_parentself_child_4,pbq,,radio,"Limited my child's media usage","0, Not at all | 1, Very slightly | 2, Slightly | 3, Moderately | 4, Quite a bit | 5, Extremely",,,,,,"[pbq_2_parentself_child_4] = '1' or [pbq_2_parentself_child_4] = '2' or [pbq_2_parentself_child_4] = '3' or [pbq_2_parentself_child_4] = '4' or [pbq_2_parentself_child_4] = '5'",,,,bbq_matrix_3_child_4,,
pbq_19_parentself_child_4,pbq,,radio,"Had conversations about COVID-19 at home","0, Not at all | 1, Very slightly | 2, Slightly | 3, Moderately | 4, Quite a bit | 5, Extremely",,,,,,"[pbq_3_parentself_child_4] = '1' or [pbq_3_parentself_child_4] = '2' or [pbq_3_parentself_child_4] = '3' or [pbq_3_parentself_child_4] = '4' or [pbq_3_parentself_child_4] = '5'",,,,bbq_matrix_3_child_4,,
pbq_20_parentself_child_4,pbq,,radio,"Tried to explain COVID-19 in a way they will understand","0, Not at all | 1, Very slightly | 2, Slightly | 3, Moderately | 4, Quite a bit | 5, Extremely",,,,,,"[pbq_4_parentself_child_4] = '1' or [pbq_4_parentself_child_4] = '2' or [pbq_4_parentself_child_4] = '3' or [pbq_4_parentself_child_4] = '4' or [pbq_4_parentself_child_4] = '5'",,,,bbq_matrix_3_child_4,,
pbq_21_parentself_child_4,pbq,,radio,"Established daily routines for my child","0, Not at all | 1, Very slightly | 2, Slightly | 3, Moderately | 4, Quite a bit | 5, Extremely",,,,,,"[pbq_5_parentself_child_4] = '1' or [pbq_5_parentself_child_4] = '2' or [pbq_5_parentself_child_4] = '3' or [pbq_5_parentself_child_4] = '4' or [pbq_5_parentself_child_4] = '5'",,,,bbq_matrix_3_child_4,,
pbq_22_parentself_child_4,pbq,,radio,"Set aside time to listen to my child's concerns","0, Not at all | 1, Very slightly | 2, Slightly | 3, Moderately | 4, Quite a bit | 5, Extremely",,,,,,"[pbq_6_parentself_child_4] = '1' or [pbq_6_parentself_child_4] = '2' or [pbq_6_parentself_child_4] = '3' or [pbq_6_parentself_child_4] = '4' or [pbq_6_parentself_child_4] = '5'",,,,bbq_matrix_3_child_4,,
pbq_23_parentself_child_4,pbq,,radio,"Tried to help my child focus on positive things in life","0, Not at all | 1, Very slightly | 2, Slightly | 3, Moderately | 4, Quite a bit | 5, Extremely",,,,,,"[pbq_7_parentself_child_4] = '1' or [pbq_7_parentself_child_4] = '2' or [pbq_7_parentself_child_4] = '3' or [pbq_7_parentself_child_4] = '4' or [pbq_7_parentself_child_4] = '5'",,,,bbq_matrix_3_child_4,,
pbq_24_parentself_child_4,pbq,,radio,"Suggested activities they enjoy doing at home","0, Not at all | 1, Very slightly | 2, Slightly | 3, Moderately | 4, Quite a bit | 5, Extremely",,,,,,"[pbq_8_parentself_child_4] = '1' or [pbq_8_parentself_child_4] = '2' or [pbq_8_parentself_child_4] = '3' or [pbq_8_parentself_child_4] = '4' or [pbq_8_parentself_child_4] = '5'",,,,bbq_matrix_3_child_4,,
pbq_25_parentself_child_4,pbq,,radio,"Suggested doing some exercise","0, Not at all | 1, Very slightly | 2, Slightly | 3, Moderately | 4, Quite a bit | 5, Extremely",,,,,,"[pbq_9_parentself_child_4] = '1' or [pbq_9_parentself_child_4] = '2' or [pbq_9_parentself_child_4] = '3' or [pbq_9_parentself_child_4] = '4' or [pbq_9_parentself_child_4] = '5'",,,,bbq_matrix_3_child_4,,
pbq_26_parentself_child_4,pbq,,radio,"Tried to help them get more sleep","0, Not at all | 1, Very slightly | 2, Slightly | 3, Moderately | 4, Quite a bit | 5, Extremely",,,,,,"[pbq_10_parentself_child_4] = '1' or [pbq_10_parentself_child_4] = '2' or [pbq_10_parentself_child_4] = '3' or [pbq_10_parentself_child_4] = '4' or [pbq_10_parentself_child_4] = '5'",,,,bbq_matrix_3_child_4,,
pbq_27_parentself_child_4,pbq,,radio,"Organized a fun activity with family members","0, Not at all | 1, Very slightly | 2, Slightly | 3, Moderately | 4, Quite a bit | 5, Extremely",,,,,,"[pbq_11_parentself_child_4] = '1' or [pbq_11_parentself_child_4] = '2' or [pbq_11_parentself_child_4] = '3' or [pbq_11_parentself_child_4] = '4' or [pbq_11_parentself_child_4] = '5'",,,,bbq_matrix_3_child_4,,
pbq_28_parentself_child_4,pbq,,radio,"Tried to help think of the problem in a different way so it didn't seem as bad","0, Not at all | 1, Very slightly | 2, Slightly | 3, Moderately | 4, Quite a bit | 5, Extremely",,,,,,"[pbq_12_parentself_child_4] = '1' or [pbq_12_parentself_child_4] = '2' or [pbq_12_parentself_child_4] = '3' or [pbq_12_parentself_child_4] = '4' or [pbq_12_parentself_child_4] = '5'",,,,bbq_matrix_3_child_4,,
pbq_29_parentself_child_4,pbq,,radio,"Encouraged them to talk about their feelings with others like family, friends, or trusted others","0, Not at all | 1, Very slightly | 2, Slightly | 3, Moderately | 4, Quite a bit | 5, Extremely",,,,,,"[pbq_13_parentself_child_4] = '1' or [pbq_13_parentself_child_4] = '2' or [pbq_13_parentself_child_4] = '3' or [pbq_13_parentself_child_4] = '4' or [pbq_13_parentself_child_4] = '5'",,,,bbq_matrix_3_child_4,,
pbq_30_parentself_child_4,pbq,,radio,"Suggested turning to religious or spiritual beliefs, or meditating","0, Not at all | 1, Very slightly | 2, Slightly | 3, Moderately | 4, Quite a bit | 5, Extremely",,,,,,"[pbq_14_parentself_child_4] = '1' or [pbq_14_parentself_child_4] = '2' or [pbq_14_parentself_child_4] = '3' or [pbq_14_parentself_child_4] = '4' or [pbq_14_parentself_child_4] = '5'",,,,bbq_matrix_3_child_4,,
pbq_31_parentself_child_4,pbq,,radio,"Scheduled an appointment with a psychologist, therapist, or other mental health support service","0, Not at all | 1, Very slightly | 2, Slightly | 3, Moderately | 4, Quite a bit | 5, Extremely",,,,,,"[pbq_15_parentself_child_4] = '1' or [pbq_15_parentself_child_4] = '2' or [pbq_15_parentself_child_4] = '3' or [pbq_15_parentself_child_4] = '4' or [pbq_15_parentself_child_4] = '5'",,,,bbq_matrix_3_child_4,,
