"Variable / Field Name","Form Name","Section Header","Field Type","Field Label","Choices, Calculations, OR Slider Labels","Field Note","Text Validation Type OR Show Slider Number","Text Validation Min","Text Validation Max",Identifier?,"Branching Logic (Show field only if...)","Required Field?","Custom Alignment","Question Number (surveys only)","Matrix Group Name","Matrix Ranking?","Field Annotation"
five_1_parentself,five,"Rate how often you have felt afraid or worried about each item in the last week on the scale below.",radio,"I am afraid I may get a bad illness or virus.","0, I am not afraid of this at all. | 1, I am afraid of this some of the time. | 2, I am afraid of this most of the time. | 3, I am afraid of this all of the time.",,,,,,,,,,five_parentself_matrix_1,,
five_2_parentself,five,,radio,"I am afraid I will get very, very sick if I catch a bad illness or virus.","0, I am not afraid of this at all. | 1, I am afraid of this some of the time. | 2, I am afraid of this most of the time. | 3, I am afraid of this all of the time.",,,,,,,,,,five_parentself_matrix_1,,
five_3_parentself,five,,radio,"I am afraid I will have to go to the hospital because of a bad illness or virus.","0, I am not afraid of this at all. | 1, I am afraid of this some of the time. | 2, I am afraid of this most of the time. | 3, I am afraid of this all of the time.",,,,,,,,,,five_parentself_matrix_1,,
five_4_parentself,five,,radio,"I am afraid I might die if I get a bad illness or virus.","0, I am not afraid of this at all. | 1, I am afraid of this some of the time. | 2, I am afraid of this most of the time. | 3, I am afraid of this all of the time.",,,,,,,,,,five_parentself_matrix_1,,
five_5_parentself,five,,radio,"I am afraid my pet might get a bad illness or virus.","0, I am not afraid of this at all. | 1, I am afraid of this some of the time. | 2, I am afraid of this most of the time. | 3, I am afraid of this all of the time.",,,,,,,,,,five_parentself_matrix_1,,
five_6_parentself,five,,radio,"I am afraid a family member might get sick or die because of a bad illness or virus.","0, I am not afraid of this at all. | 1, I am afraid of this some of the time. | 2, I am afraid of this most of the time. | 3, I am afraid of this all of the time.",,,,,,,,,,five_parentself_matrix_1,,
five_7_parentself,five,,radio,"I am afraid I may do something that would cause someone else to get a bad illness or virus.","0, I am not afraid of this at all. | 1, I am afraid of this some of the time. | 2, I am afraid of this most of the time. | 3, I am afraid of this all of the time.",,,,,,,,,,five_parentself_matrix_1,,
five_8_parentself,five,,radio,"I am afraid a friend might get sick or die because of a bad illness or virus.","0, I am not afraid of this at all. | 1, I am afraid of this some of the time. | 2, I am afraid of this most of the time. | 3, I am afraid of this all of the time.",,,,,,,,,,five_parentself_matrix_1,,
five_9_parentself,five,,radio,"I am afraid people in the world might get sick or die because of a bad illness or virus.","0, I am not afraid of this at all. | 1, I am afraid of this some of the time. | 2, I am afraid of this most of the time. | 3, I am afraid of this all of the time.",,,,,,,,,,five_parentself_matrix_1,,
five_10_parentself,five,,radio,"I am afraid I will be stuck at home because of a bad illness or virus.","0, I am not afraid of this at all. | 1, I am afraid of this some of the time. | 2, I am afraid of this most of the time. | 3, I am afraid of this all of the time.",,,,,,,,,,five_parentself_matrix_1,,
five_11_parentself,five,,radio,"I am afraid it will be hard to do things I like because of a bad illness or virus.","0, I am not afraid of this at all. | 1, I am afraid of this some of the time. | 2, I am afraid of this most of the time. | 3, I am afraid of this all of the time.",,,,,,,,,,five_parentself_matrix_1,,
five_12_parentself,five,,radio,"I am afraid I will miss a lot of work because of a bad illness or virus.","0, I am not afraid of this at all. | 1, I am afraid of this some of the time. | 2, I am afraid of this most of the time. | 3, I am afraid of this all of the time.",,,,,,,,,,five_parentself_matrix_1,,
five_13_parentself,five,,radio,"I am afraid I will not be able to see friends (for a long time) because of a bad illness or virus.","0, I am not afraid of this at all. | 1, I am afraid of this some of the time. | 2, I am afraid of this most of the time. | 3, I am afraid of this all of the time.",,,,,,,,,,five_parentself_matrix_1,,
five_14_parentself,five,,radio,"I am afraid I will lose my job because of a bad illness or virus.","0, I am not afraid of this at all. | 1, I am afraid of this some of the time. | 2, I am afraid of this most of the time. | 3, I am afraid of this all of the time.",,,,,,,,,,five_parentself_matrix_1,,
five_15_parentself,five,,radio,"I am afraid I will lose my friends because of a bad illness or virus.","0, I am not afraid of this at all. | 1, I am afraid of this some of the time. | 2, I am afraid of this most of the time. | 3, I am afraid of this all of the time.",,,,,,,,,,five_parentself_matrix_1,,
five_16_parentself,five,,radio,"I am afraid I will be sad and lonely because of a bad illness or virus.","0, I am not afraid of this at all. | 1, I am afraid of this some of the time. | 2, I am afraid of this most of the time. | 3, I am afraid of this all of the time.",,,,,,,,,,five_parentself_matrix_1,,
five_17_parentself,five,,radio,"I am afraid I will not be able to celebrate good things (e.g. wedding, birthday, etc.) because of a bad illness or virus.","0, I am not afraid of this at all. | 1, I am afraid of this some of the time. | 2, I am afraid of this most of the time. | 3, I am afraid of this all of the time.",,,,,,,,,,five_parentself_matrix_1,,
five_18_parentself,five,,radio,"I am afraid I will not have enough food or supplies because of a bad illness or virus.","0, I am not afraid of this at all. | 1, I am afraid of this some of the time. | 2, I am afraid of this most of the time. | 3, I am afraid of this all of the time.",,,,,,,,,,five_parentself_matrix_1,,
five_19_parentself,five,,radio,"I am afraid I will not have enough money to pay my bills or take care of my family because of a bad illness or virus.","0, I am not afraid of this at all. | 1, I am afraid of this some of the time. | 2, I am afraid of this most of the time. | 3, I am afraid of this all of the time.",,,,,,,,,,five_parentself_matrix_1,,
five_20_parentself,five,"Please rate how often you have done the things listed below in the last week.",radio,"I stay away from people (other than those who live in my house).","0, I have not done this in last week. | 1, I did this some of the time last week. | 2, I did this most of the time last week. | 3, I did this all the time last week.",,,,,,,,,,five_parentself_matrix_2,,
five_21_parentself,five,,radio,"I ask people if they are sick.","0, I have not done this in last week. | 1, I did this some of the time last week. | 2, I did this most of the time last week. | 3, I did this all the time last week.",,,,,,,,,,five_parentself_matrix_2,,
five_22_parentself,five,,radio,"I avoid news or information about bad illnesses or viruses.","0, I have not done this in last week. | 1, I did this some of the time last week. | 2, I did this most of the time last week. | 3, I did this all the time last week.",,,,,,,,,,five_parentself_matrix_2,,
five_23_parentself,five,,radio,"I wash my hands at times other than just after using the bathroom or before eating.","0, I have not done this in last week. | 1, I did this some of the time last week. | 2, I did this most of the time last week. | 3, I did this all the time last week.",,,,,,,,,,five_parentself_matrix_2,,
five_24_parentself,five,,radio,"I wear a mask over my face or protective gear (e.g. gloves, things to cover my clothes).","0, I have not done this in last week. | 1, I did this some of the time last week. | 2, I did this most of the time last week. | 3, I did this all the time last week.",,,,,,,,,,five_parentself_matrix_2,,
five_25_parentself,five,,radio,"I use Purell/other sanitizer.","0, I have not done this in last week. | 1, I did this some of the time last week. | 2, I did this most of the time last week. | 3, I did this all the time last week.",,,,,,,,,,five_parentself_matrix_2,,
five_26_parentself,five,,radio,"I use Clorox/cleaners to wipe down surfaces.","0, I have not done this in last week. | 1, I did this some of the time last week. | 2, I did this most of the time last week. | 3, I did this all the time last week.",,,,,,,,,,five_parentself_matrix_2,,
five_27_parentself,five,,radio,"I avoid touching things (e.g., phone, door knobs).","0, I have not done this in last week. | 1, I did this some of the time last week. | 2, I did this most of the time last week. | 3, I did this all the time last week.",,,,,,,,,,five_parentself_matrix_2,,
five_28_parentself,five,,radio,"I avoid touching people (e.g., hugging, shaking hands).","0, I have not done this in last week. | 1, I did this some of the time last week. | 2, I did this most of the time last week. | 3, I did this all the time last week.",,,,,,,,,,five_parentself_matrix_2,,
five_29_parentself,five,,radio,"I check the internet for illness or virus updates.","0, I have not done this in last week. | 1, I did this some of the time last week. | 2, I did this most of the time last week. | 3, I did this all the time last week.",,,,,,,,,,five_parentself_matrix_2,,
five_30_parentself,five,,radio,"I use social media/FaceTime, etc. to stay connected to my friends.","0, I have not done this in last week. | 1, I did this some of the time last week. | 2, I did this most of the time last week. | 3, I did this all the time last week.",,,,,,,,,,five_parentself_matrix_2,,
five_31_parentself,five,,radio,"I exercise outside.","0, I have not done this in last week. | 1, I did this some of the time last week. | 2, I did this most of the time last week. | 3, I did this all the time last week.",,,,,,,,,,five_parentself_matrix_2,,
five_32_parentself,five,,radio,"I stay away from people inside my house (e.g., stay in another room or a certain distance away).","0, I have not done this in last week. | 1, I did this some of the time last week. | 2, I did this most of the time last week. | 3, I did this all the time last week.",,,,,,,,,,five_parentself_matrix_2,,
five_33_parentself,five,,radio,"I work or do my job on a computer.","0, I have not done this in last week. | 1, I did this some of the time last week. | 2, I did this most of the time last week. | 3, I did this all the time last week.",,,,,,,,,,five_parentself_matrix_2,,
five_34_parentself,five,"For these next two items, please indicate how true the statement is for you.",radio,"On average in the last week, being afraid of an illness or virus has caused me to experience strong emotions (e.g. anger, anxiety, sadness, irritable feelings, etc.).","0, Not true at all | 1, Somewhat true | 2, Mostly true | 3, Definitely true",,,,,,,,,,five_parentself_matrix_3,,
attention_check_1,five,,radio,"To ensure that you are giving this study your complete attentiveness, please select option 2, ""Somewhat true""","0, Not true at all | 1, Somewhat true | 2, Mostly true | 3, Definitely true",,,,,,,,,,five_parentself_matrix_3,,
five_35_parentself,five,,radio,"On average in the last week, being afraid of an illness or virus has gotten in the way of enjoying my life (e.g. caused fights in my house, kept me from connecting with others, made me feel isolated or hopeless about the future, etc.).","0, Not true at all | 1, Somewhat true | 2, Mostly true | 3, Definitely true",,,,,,,,,,five_parentself_matrix_3,,
five_1_parentproxy_child_1,five,"The following questions apply to Child 1.

Rate how often your child felt afraid or worried about each item in the LAST WEEK on the scale below.",radio,"My child is afraid they may get a bad illness or virus.","0, My child is not afraid of this at all. | 1, My child is afraid of this some of the time. | 2, My child is afraid of this most of the time. | 3, My child is afraid of this all of the time.",,,,,,,,,,five_parentproxy_matrix_1_child_1,,
five_2_parentproxy_child_1,five,,radio,"My child is afraid they will get very, very sick if they catch a bad illness or virus.","0, My child is not afraid of this at all. | 1, My child is afraid of this some of the time. | 2, My child is afraid of this most of the time. | 3, My child is afraid of this all of the time.",,,,,,,,,,five_parentproxy_matrix_1_child_1,,
five_3_parentproxy_child_1,five,,radio,"My child is afraid they will have to go to the hospital because of a bad illness or virus.","0, My child is not afraid of this at all. | 1, My child is afraid of this some of the time. | 2, My child is afraid of this most of the time. | 3, My child is afraid of this all of the time.",,,,,,,,,,five_parentproxy_matrix_1_child_1,,
five_4_parentproxy_child_1,five,,radio,"My child is afraid they might die if they get a bad illness or virus.","0, My child is not afraid of this at all. | 1, My child is afraid of this some of the time. | 2, My child is afraid of this most of the time. | 3, My child is afraid of this all of the time.",,,,,,,,,,five_parentproxy_matrix_1_child_1,,
five_5_parentproxy_child_1,five,,radio,"My child is afraid their pet might get a bad illness or virus.","0, My child is not afraid of this at all. | 1, My child is afraid of this some of the time. | 2, My child is afraid of this most of the time. | 3, My child is afraid of this all of the time.",,,,,,,,,,five_parentproxy_matrix_1_child_1,,
five_6_parentproxy_child_1,five,,radio,"My child is afraid that a family member might get sick or die because of a bad illness or virus.","0, My child is not afraid of this at all. | 1, My child is afraid of this some of the time. | 2, My child is afraid of this most of the time. | 3, My child is afraid of this all of the time.",,,,,,,,,,five_parentproxy_matrix_1_child_1,,
five_7_parentproxy_child_1,five,,radio,"My child is afraid they may do something that would cause someone else to get a bad illness or virus.","0, My child is not afraid of this at all. | 1, My child is afraid of this some of the time. | 2, My child is afraid of this most of the time. | 3, My child is afraid of this all of the time.",,,,,,,,,,five_parentproxy_matrix_1_child_1,,
five_8_parentproxy_child_1,five,,radio,"My child is afraid that a friend might get sick or die because of a bad illness or virus.","0, My child is not afraid of this at all. | 1, My child is afraid of this some of the time. | 2, My child is afraid of this most of the time. | 3, My child is afraid of this all of the time.",,,,,,,,,,five_parentproxy_matrix_1_child_1,,
five_9_parentproxy_child_1,five,,radio,"My child is afraid that people in the world might get sick or die because of a bad illness or virus.","0, My child is not afraid of this at all. | 1, My child is afraid of this some of the time. | 2, My child is afraid of this most of the time. | 3, My child is afraid of this all of the time.",,,,,,,,,,five_parentproxy_matrix_1_child_1,,
five_10_parentproxy_child_1,five,,radio,"My child is afraid they will be stuck at home because of a bad illness or virus.","0, My child is not afraid of this at all. | 1, My child is afraid of this some of the time. | 2, My child is afraid of this most of the time. | 3, My child is afraid of this all of the time.",,,,,,,,,,five_parentproxy_matrix_1_child_1,,
five_11_parentproxy_child_1,five,,radio,"My child is afraid it will be hard to do things they like because of a bad illness or virus.","0, My child is not afraid of this at all. | 1, My child is afraid of this some of the time. | 2, My child is afraid of this most of the time. | 3, My child is afraid of this all of the time.",,,,,,,,,,five_parentproxy_matrix_1_child_1,,
five_12_parentproxy_child_1,five,,radio,"My child is afraid they will miss a lot of school because of a bad illness or virus.","0, My child is not afraid of this at all. | 1, My child is afraid of this some of the time. | 2, My child is afraid of this most of the time. | 3, My child is afraid of this all of the time.",,,,,,,,,,five_parentproxy_matrix_1_child_1,,
five_13_parentproxy_child_1,five,,radio,"My child is afraid they will not be able to see friends (for a long time) because of a bad illness or virus.","0, My child is not afraid of this at all. | 1, My child is afraid of this some of the time. | 2, My child is afraid of this most of the time. | 3, My child is afraid of this all of the time.",,,,,,,,,,five_parentproxy_matrix_1_child_1,,
five_14_parentproxy_child_1,five,,radio,"My child is afraid they will do poorly in school because of a bad illness or virus.","0, My child is not afraid of this at all. | 1, My child is afraid of this some of the time. | 2, My child is afraid of this most of the time. | 3, My child is afraid of this all of the time.",,,,,,,,,,five_parentproxy_matrix_1_child_1,,
five_15_parentproxy_child_1,five,,radio,"My child is afraid they will lose friends because of a bad illness or virus.","0, My child is not afraid of this at all. | 1, My child is afraid of this some of the time. | 2, My child is afraid of this most of the time. | 3, My child is afraid of this all of the time.",,,,,,,,,,five_parentproxy_matrix_1_child_1,,
five_16_parentproxy_child_1,five,,radio,"My child is afraid they will be sad and lonely because of a bad illness or virus.","0, My child is not afraid of this at all. | 1, My child is afraid of this some of the time. | 2, My child is afraid of this most of the time. | 3, My child is afraid of this all of the time.",,,,,,,,,,five_parentproxy_matrix_1_child_1,,
five_17_parentproxy_child_1,five,,radio,"My child is afraid they will not be able to celebrate good things (e.g. graduation, birthday, etc.) because of a bad illness or virus.","0, My child is not afraid of this at all. | 1, My child is afraid of this some of the time. | 2, My child is afraid of this most of the time. | 3, My child is afraid of this all of the time.",,,,,,,,,,five_parentproxy_matrix_1_child_1,,
five_18_parentproxy_child_1,five,,radio,"My child is afraid they will not have enough food to eat because of a bad illness or virus.","0, My child is not afraid of this at all. | 1, My child is afraid of this some of the time. | 2, My child is afraid of this most of the time. | 3, My child is afraid of this all of the time.",,,,,,,,,,five_parentproxy_matrix_1_child_1,,
five_19_parentproxy_child_1,five,,radio,"My child is afraid that our family will not have enough money because of a bad illness or virus.","0, My child is not afraid of this at all. | 1, My child is afraid of this some of the time. | 2, My child is afraid of this most of the time. | 3, My child is afraid of this all of the time.",,,,,,,,,,five_parentproxy_matrix_1_child_1,,
five_20_parentproxy_child_1,five,"The following questions apply to Child 1.

Please rate how often your child has done the things listed below in the last week.",radio,"My child stays away from people (other than those who live in my house).","0, My child has not done this in last week. | 1, My child did this some of the time last week. | 2, My child did this most of the time last week. | 3, My child did this all the time last week.",,,,,,,,,,five_parentproxy_matrix_2_child_1,,
five_21_parentproxy_child_1,five,,radio,"My child asks people if they are sick.","0, My child has not done this in last week. | 1, My child did this some of the time last week. | 2, My child did this most of the time last week. | 3, My child did this all the time last week.",,,,,,,,,,five_parentproxy_matrix_2_child_1,,
five_22_parentproxy_child_1,five,,radio,"My child avoids news or information about bad illnesses or viruses.","0, My child has not done this in last week. | 1, My child did this some of the time last week. | 2, My child did this most of the time last week. | 3, My child did this all the time last week.",,,,,,,,,,five_parentproxy_matrix_2_child_1,,
five_23_parentproxy_child_1,five,,radio,"My child washes their hands at times other than just after they use the bathroom or before eating.","0, My child has not done this in last week. | 1, My child did this some of the time last week. | 2, My child did this most of the time last week. | 3, My child did this all the time last week.",,,,,,,,,,five_parentproxy_matrix_2_child_1,,
five_24_parentproxy_child_1,five,,radio,"My child wears a mask over their face or protective gear (e.g. gloves, things to cover clothes).","0, My child has not done this in last week. | 1, My child did this some of the time last week. | 2, My child did this most of the time last week. | 3, My child did this all the time last week.",,,,,,,,,,five_parentproxy_matrix_2_child_1,,
five_25_parentproxy_child_1,five,,radio,"My child uses Purell/other sanitizer.","0, My child has not done this in last week. | 1, My child did this some of the time last week. | 2, My child did this most of the time last week. | 3, My child did this all the time last week.",,,,,,,,,,five_parentproxy_matrix_2_child_1,,
five_26_parentproxy_child_1,five,,radio,"My child uses Clorox/cleaners to wipe down surfaces.","0, My child has not done this in last week. | 1, My child did this some of the time last week. | 2, My child did this most of the time last week. | 3, My child did this all the time last week.",,,,,,,,,,five_parentproxy_matrix_2_child_1,,
five_27_parentproxy_child_1,five,,radio,"My child avoids touching things (e.g., phone, door knobs).","0, My child has not done this in last week. | 1, My child did this some of the time last week. | 2, My child did this most of the time last week. | 3, My child did this all the time last week.",,,,,,,,,,five_parentproxy_matrix_2_child_1,,
five_28_parentproxy_child_1,five,,radio,"My child avoids touching people (e.g., hugging, shaking hands).","0, My child has not done this in last week. | 1, My child did this some of the time last week. | 2, My child did this most of the time last week. | 3, My child did this all the time last week.",,,,,,,,,,five_parentproxy_matrix_2_child_1,,
five_29_parentproxy_child_1,five,,radio,"My child checks the internet for illness or virus updates.","0, My child has not done this in last week. | 1, My child did this some of the time last week. | 2, My child did this most of the time last week. | 3, My child did this all the time last week.",,,,,,,,,,five_parentproxy_matrix_2_child_1,,
five_30_parentproxy_child_1,five,,radio,"My child uses social media/FaceTime, etc. to stay connected to friends.","0, My child has not done this in last week. | 1, My child did this some of the time last week. | 2, My child did this most of the time last week. | 3, My child did this all the time last week.",,,,,,,,,,five_parentproxy_matrix_2_child_1,,
five_31_parentproxy_child_1,five,,radio,"My child exercises or plays outside.","0, My child has not done this in last week. | 1, My child did this some of the time last week. | 2, My child did this most of the time last week. | 3, My child did this all the time last week.",,,,,,,,,,five_parentproxy_matrix_2_child_1,,
five_32_parentproxy_child_1,five,,radio,"My child stays away from people inside the house (e.g., stays in another room or a certain distance away).","0, My child has not done this in last week. | 1, My child did this some of the time last week. | 2, My child did this most of the time last week. | 3, My child did this all the time last week.",,,,,,,,,,five_parentproxy_matrix_2_child_1,,
five_33_parentproxy_child_1,five,,radio,"My child does schoolwork on a computer.","0, My child has not done this in last week. | 1, My child did this some of the time last week. | 2, My child did this most of the time last week. | 3, My child did this all the time last week.",,,,,,,,,,five_parentproxy_matrix_2_child_1,,
five_34_parentproxy_child_1,five,"The following questions apply to Child 1.

For these next two items, please indicate how true the statement is for your child on the following scale.",radio,"On average in the last week, being afraid of an illness or virus has caused my child to experience very strong emotions (e.g. anger, anxiety, sadness, irritable feelings, etc.).","0, Not true at all | 1, Somewhat true | 2, Mostly true | 3, Definitely true",,,,,,,,,,five_parentproxy_matrix_3_child_1,,
five_35_parentproxy_child_1,five,,radio,"On average in the last week, being afraid of an illness or virus has gotten in the way of my child enjoying their life (e.g. caused fights in the house, kept them from connecting with others, made them feel isolated or hopeless about the future, etc.).","0, Not true at all | 1, Somewhat true | 2, Mostly true | 3, Definitely true",,,,,,,,,,five_parentproxy_matrix_3_child_1,,
five_parentproxy_continue,five,,yesno,"Are any of these responses different for your other children?

(Only the children you are completing this survey for)",,,,,,,"[parentself_number_children_study] = '2' or [parentself_number_children_study] = '3' or [parentself_number_children_study] = '4'",,,,,,
five_parentproxy_continue_instructions,five,,descriptive,"Please fill in the sections that are different for your other children (you may leave the sections that are the same between children blank if you wish).",,,,,,,"[five_parentproxy_continue] = '1'",,,,,,
five_1_parentproxy_child_2,five,"The following questions apply to Child 2.

Rate how often your child felt afraid or worried about each item in the LAST WEEK on the scale below.",radio,"My child is afraid they may get a bad illness or virus.","0, My child is not afraid of this at all. | 1, My child is afraid of this some of the time. | 2, My child is afraid of this most of the time. | 3, My child is afraid of this all of the time.",,,,,,"([parentself_number_children_study] = '2'  or [parentself_number_children_study] = '3'  or [parentself_number_children_study] = '4') and [five_parentproxy_continue] = '1'",,,,five_parentproxy_matrix_1_child_2,,
five_2_parentproxy_child_2,five,,radio,"My child is afraid they will get very, very sick if they catch a bad illness or virus.","0, My child is not afraid of this at all. | 1, My child is afraid of this some of the time. | 2, My child is afraid of this most of the time. | 3, My child is afraid of this all of the time.",,,,,,"([parentself_number_children_study] = '2'  or [parentself_number_children_study] = '3'  or [parentself_number_children_study] = '4') and [five_parentproxy_continue] = '1'",,,,five_parentproxy_matrix_1_child_2,,
five_3_parentproxy_child_2,five,,radio,"My child is afraid they will have to go to the hospital because of a bad illness or virus.","0, My child is not afraid of this at all. | 1, My child is afraid of this some of the time. | 2, My child is afraid of this most of the time. | 3, My child is afraid of this all of the time.",,,,,,"([parentself_number_children_study] = '2'  or [parentself_number_children_study] = '3'  or [parentself_number_children_study] = '4') and [five_parentproxy_continue] = '1'",,,,five_parentproxy_matrix_1_child_2,,
five_4_parentproxy_child_2,five,,radio,"My child is afraid they might die if they get a bad illness or virus.","0, My child is not afraid of this at all. | 1, My child is afraid of this some of the time. | 2, My child is afraid of this most of the time. | 3, My child is afraid of this all of the time.",,,,,,"([parentself_number_children_study] = '2'  or [parentself_number_children_study] = '3'  or [parentself_number_children_study] = '4') and [five_parentproxy_continue] = '1'",,,,five_parentproxy_matrix_1_child_2,,
five_5_parentproxy_child_2,five,,radio,"My child is afraid their pet might get a bad illness or virus.","0, My child is not afraid of this at all. | 1, My child is afraid of this some of the time. | 2, My child is afraid of this most of the time. | 3, My child is afraid of this all of the time.",,,,,,"([parentself_number_children_study] = '2'  or [parentself_number_children_study] = '3'  or [parentself_number_children_study] = '4') and [five_parentproxy_continue] = '1'",,,,five_parentproxy_matrix_1_child_2,,
five_6_parentproxy_child_2,five,,radio,"My child is afraid that a family member might get sick or die because of a bad illness or virus.","0, My child is not afraid of this at all. | 1, My child is afraid of this some of the time. | 2, My child is afraid of this most of the time. | 3, My child is afraid of this all of the time.",,,,,,"([parentself_number_children_study] = '2'  or [parentself_number_children_study] = '3'  or [parentself_number_children_study] = '4') and [five_parentproxy_continue] = '1'",,,,five_parentproxy_matrix_1_child_2,,
five_7_parentproxy_child_2,five,,radio,"My child is afraid they may do something that would cause someone else to get a bad illness or virus.","0, My child is not afraid of this at all. | 1, My child is afraid of this some of the time. | 2, My child is afraid of this most of the time. | 3, My child is afraid of this all of the time.",,,,,,"([parentself_number_children_study] = '2'  or [parentself_number_children_study] = '3'  or [parentself_number_children_study] = '4') and [five_parentproxy_continue] = '1'",,,,five_parentproxy_matrix_1_child_2,,
five_8_parentproxy_child_2,five,,radio,"My child is afraid that a friend might get sick or die because of a bad illness or virus.","0, My child is not afraid of this at all. | 1, My child is afraid of this some of the time. | 2, My child is afraid of this most of the time. | 3, My child is afraid of this all of the time.",,,,,,"([parentself_number_children_study] = '2'  or [parentself_number_children_study] = '3'  or [parentself_number_children_study] = '4') and [five_parentproxy_continue] = '1'",,,,five_parentproxy_matrix_1_child_2,,
five_9_parentproxy_child_2,five,,radio,"My child is afraid that people in the world might get sick or die because of a bad illness or virus.","0, My child is not afraid of this at all. | 1, My child is afraid of this some of the time. | 2, My child is afraid of this most of the time. | 3, My child is afraid of this all of the time.",,,,,,"([parentself_number_children_study] = '2'  or [parentself_number_children_study] = '3'  or [parentself_number_children_study] = '4') and [five_parentproxy_continue] = '1'",,,,five_parentproxy_matrix_1_child_2,,
five_10_parentproxy_child_2,five,,radio,"My child is afraid they will be stuck at home because of a bad illness or virus.","0, My child is not afraid of this at all. | 1, My child is afraid of this some of the time. | 2, My child is afraid of this most of the time. | 3, My child is afraid of this all of the time.",,,,,,"([parentself_number_children_study] = '2'  or [parentself_number_children_study] = '3'  or [parentself_number_children_study] = '4') and [five_parentproxy_continue] = '1'",,,,five_parentproxy_matrix_1_child_2,,
five_11_parentproxy_child_2,five,,radio,"My child is afraid it will be hard to do things they like because of a bad illness or virus.","0, My child is not afraid of this at all. | 1, My child is afraid of this some of the time. | 2, My child is afraid of this most of the time. | 3, My child is afraid of this all of the time.",,,,,,"([parentself_number_children_study] = '2'  or [parentself_number_children_study] = '3'  or [parentself_number_children_study] = '4') and [five_parentproxy_continue] = '1'",,,,five_parentproxy_matrix_1_child_2,,
five_12_parentproxy_child_2,five,,radio,"My child is afraid they will miss a lot of school because of a bad illness or virus.","0, My child is not afraid of this at all. | 1, My child is afraid of this some of the time. | 2, My child is afraid of this most of the time. | 3, My child is afraid of this all of the time.",,,,,,"([parentself_number_children_study] = '2'  or [parentself_number_children_study] = '3'  or [parentself_number_children_study] = '4') and [five_parentproxy_continue] = '1'",,,,five_parentproxy_matrix_1_child_2,,
five_13_parentproxy_child_2,five,,radio,"My child is afraid they will not be able to see friends (for a long time) because of a bad illness or virus.","0, My child is not afraid of this at all. | 1, My child is afraid of this some of the time. | 2, My child is afraid of this most of the time. | 3, My child is afraid of this all of the time.",,,,,,"([parentself_number_children_study] = '2'  or [parentself_number_children_study] = '3'  or [parentself_number_children_study] = '4') and [five_parentproxy_continue] = '1'",,,,five_parentproxy_matrix_1_child_2,,
five_14_parentproxy_child_2,five,,radio,"My child is afraid they will do poorly in school because of a bad illness or virus.","0, My child is not afraid of this at all. | 1, My child is afraid of this some of the time. | 2, My child is afraid of this most of the time. | 3, My child is afraid of this all of the time.",,,,,,"([parentself_number_children_study] = '2'  or [parentself_number_children_study] = '3'  or [parentself_number_children_study] = '4') and [five_parentproxy_continue] = '1'",,,,five_parentproxy_matrix_1_child_2,,
five_15_parentproxy_child_2,five,,radio,"My child is afraid they will lose friends because of a bad illness or virus.","0, My child is not afraid of this at all. | 1, My child is afraid of this some of the time. | 2, My child is afraid of this most of the time. | 3, My child is afraid of this all of the time.",,,,,,"([parentself_number_children_study] = '2'  or [parentself_number_children_study] = '3'  or [parentself_number_children_study] = '4') and [five_parentproxy_continue] = '1'",,,,five_parentproxy_matrix_1_child_2,,
five_16_parentproxy_child_2,five,,radio,"My child is afraid they will be sad and lonely because of a bad illness or virus.","0, My child is not afraid of this at all. | 1, My child is afraid of this some of the time. | 2, My child is afraid of this most of the time. | 3, My child is afraid of this all of the time.",,,,,,"([parentself_number_children_study] = '2'  or [parentself_number_children_study] = '3'  or [parentself_number_children_study] = '4') and [five_parentproxy_continue] = '1'",,,,five_parentproxy_matrix_1_child_2,,
five_17_parentproxy_child_2,five,,radio,"My child is afraid they will not be able to celebrate good things (e.g. graduation, birthday, etc.) because of a bad illness or virus.","0, My child is not afraid of this at all. | 1, My child is afraid of this some of the time. | 2, My child is afraid of this most of the time. | 3, My child is afraid of this all of the time.",,,,,,"([parentself_number_children_study] = '2'  or [parentself_number_children_study] = '3'  or [parentself_number_children_study] = '4') and [five_parentproxy_continue] = '1'",,,,five_parentproxy_matrix_1_child_2,,
five_18_parentproxy_child_2,five,,radio,"My child is afraid they will not have enough food to eat because of a bad illness or virus.","0, My child is not afraid of this at all. | 1, My child is afraid of this some of the time. | 2, My child is afraid of this most of the time. | 3, My child is afraid of this all of the time.",,,,,,"([parentself_number_children_study] = '2'  or [parentself_number_children_study] = '3'  or [parentself_number_children_study] = '4') and [five_parentproxy_continue] = '1'",,,,five_parentproxy_matrix_1_child_2,,
five_19_parentproxy_child_2,five,,radio,"My child is afraid that our family will not have enough money because of a bad illness or virus.","0, My child is not afraid of this at all. | 1, My child is afraid of this some of the time. | 2, My child is afraid of this most of the time. | 3, My child is afraid of this all of the time.",,,,,,"([parentself_number_children_study] = '2'  or [parentself_number_children_study] = '3'  or [parentself_number_children_study] = '4') and [five_parentproxy_continue] = '1'",,,,five_parentproxy_matrix_1_child_2,,
five_20_parentproxy_child_2,five,"The following questions apply to Child 2.

Please rate how often your child has done the things listed below in the last week.",radio,"My child stays away from people (other than those who live in my house).","0, My child has not done this in last week. | 1, My child did this some of the time last week. | 2, My child did this most of the time last week. | 3, My child did this all the time last week.",,,,,,"([parentself_number_children_study] = '2'  or [parentself_number_children_study] = '3'  or [parentself_number_children_study] = '4') and [five_parentproxy_continue] = '1'",,,,five_parentproxy_matrix_2_child_2,,
five_21_parentproxy_child_2,five,,radio,"My child asks people if they are sick.","0, My child has not done this in last week. | 1, My child did this some of the time last week. | 2, My child did this most of the time last week. | 3, My child did this all the time last week.",,,,,,"([parentself_number_children_study] = '2'  or [parentself_number_children_study] = '3'  or [parentself_number_children_study] = '4') and [five_parentproxy_continue] = '1'",,,,five_parentproxy_matrix_2_child_2,,
five_22_parentproxy_child_2,five,,radio,"My child avoids news or information about bad illnesses or viruses.","0, My child has not done this in last week. | 1, My child did this some of the time last week. | 2, My child did this most of the time last week. | 3, My child did this all the time last week.",,,,,,"([parentself_number_children_study] = '2'  or [parentself_number_children_study] = '3'  or [parentself_number_children_study] = '4') and [five_parentproxy_continue] = '1'",,,,five_parentproxy_matrix_2_child_2,,
five_23_parentproxy_child_2,five,,radio,"My child washes their hands at times other than just after they use the bathroom or before eating.","0, My child has not done this in last week. | 1, My child did this some of the time last week. | 2, My child did this most of the time last week. | 3, My child did this all the time last week.",,,,,,"([parentself_number_children_study] = '2'  or [parentself_number_children_study] = '3'  or [parentself_number_children_study] = '4') and [five_parentproxy_continue] = '1'",,,,five_parentproxy_matrix_2_child_2,,
five_24_parentproxy_child_2,five,,radio,"My child wears a mask over their face or protective gear (e.g. gloves, things to cover clothes).","0, My child has not done this in last week. | 1, My child did this some of the time last week. | 2, My child did this most of the time last week. | 3, My child did this all the time last week.",,,,,,"([parentself_number_children_study] = '2'  or [parentself_number_children_study] = '3'  or [parentself_number_children_study] = '4') and [five_parentproxy_continue] = '1'",,,,five_parentproxy_matrix_2_child_2,,
five_25_parentproxy_child_2,five,,radio,"My child uses Purell/other sanitizer.","0, My child has not done this in last week. | 1, My child did this some of the time last week. | 2, My child did this most of the time last week. | 3, My child did this all the time last week.",,,,,,"([parentself_number_children_study] = '2'  or [parentself_number_children_study] = '3'  or [parentself_number_children_study] = '4') and [five_parentproxy_continue] = '1'",,,,five_parentproxy_matrix_2_child_2,,
five_26_parentproxy_child_2,five,,radio,"My child uses Clorox/cleaners to wipe down surfaces.","0, My child has not done this in last week. | 1, My child did this some of the time last week. | 2, My child did this most of the time last week. | 3, My child did this all the time last week.",,,,,,"([parentself_number_children_study] = '2'  or [parentself_number_children_study] = '3'  or [parentself_number_children_study] = '4') and [five_parentproxy_continue] = '1'",,,,five_parentproxy_matrix_2_child_2,,
five_27_parentproxy_child_2,five,,radio,"My child avoids touching things (e.g., phone, door knobs).","0, My child has not done this in last week. | 1, My child did this some of the time last week. | 2, My child did this most of the time last week. | 3, My child did this all the time last week.",,,,,,"([parentself_number_children_study] = '2'  or [parentself_number_children_study] = '3'  or [parentself_number_children_study] = '4') and [five_parentproxy_continue] = '1'",,,,five_parentproxy_matrix_2_child_2,,
five_28_parentproxy_child_2,five,,radio,"My child avoids touching people (e.g., hugging, shaking hands).","0, My child has not done this in last week. | 1, My child did this some of the time last week. | 2, My child did this most of the time last week. | 3, My child did this all the time last week.",,,,,,"([parentself_number_children_study] = '2'  or [parentself_number_children_study] = '3'  or [parentself_number_children_study] = '4') and [five_parentproxy_continue] = '1'",,,,five_parentproxy_matrix_2_child_2,,
five_29_parentproxy_child_2,five,,radio,"My child checks the internet for illness or virus updates.","0, My child has not done this in last week. | 1, My child did this some of the time last week. | 2, My child did this most of the time last week. | 3, My child did this all the time last week.",,,,,,"([parentself_number_children_study] = '2'  or [parentself_number_children_study] = '3'  or [parentself_number_children_study] = '4') and [five_parentproxy_continue] = '1'",,,,five_parentproxy_matrix_2_child_2,,
five_30_parentproxy_child_2,five,,radio,"My child uses social media/FaceTime, etc. to stay connected to friends.","0, My child has not done this in last week. | 1, My child did this some of the time last week. | 2, My child did this most of the time last week. | 3, My child did this all the time last week.",,,,,,"([parentself_number_children_study] = '2'  or [parentself_number_children_study] = '3'  or [parentself_number_children_study] = '4') and [five_parentproxy_continue] = '1'",,,,five_parentproxy_matrix_2_child_2,,
five_31_parentproxy_child_2,five,,radio,"My child exercises or plays outside.","0, My child has not done this in last week. | 1, My child did this some of the time last week. | 2, My child did this most of the time last week. | 3, My child did this all the time last week.",,,,,,"([parentself_number_children_study] = '2'  or [parentself_number_children_study] = '3'  or [parentself_number_children_study] = '4') and [five_parentproxy_continue] = '1'",,,,five_parentproxy_matrix_2_child_2,,
five_32_parentproxy_child_2,five,,radio,"My child stays away from people inside the house (e.g., stays in another room or a certain distance away).","0, My child has not done this in last week. | 1, My child did this some of the time last week. | 2, My child did this most of the time last week. | 3, My child did this all the time last week.",,,,,,"([parentself_number_children_study] = '2'  or [parentself_number_children_study] = '3'  or [parentself_number_children_study] = '4') and [five_parentproxy_continue] = '1'",,,,five_parentproxy_matrix_2_child_2,,
five_33_parentproxy_child_2,five,,radio,"My child does schoolwork on a computer.","0, My child has not done this in last week. | 1, My child did this some of the time last week. | 2, My child did this most of the time last week. | 3, My child did this all the time last week.",,,,,,"([parentself_number_children_study] = '2'  or [parentself_number_children_study] = '3'  or [parentself_number_children_study] = '4') and [five_parentproxy_continue] = '1'",,,,five_parentproxy_matrix_2_child_2,,
five_34_parentproxy_child_2,five,"The following questions apply to Child 2.

For these next two items, please indicate how true the statement is for your child on the following scale.",radio,"On average in the last week, being afraid of an illness or virus has caused my child to experience very strong emotions (e.g. anger, anxiety, sadness, irritable feelings, etc.).","0, Not true at all | 1, Somewhat true | 2, Mostly true | 3, Definitely true",,,,,,"([parentself_number_children_study] = '2'  or [parentself_number_children_study] = '3'  or [parentself_number_children_study] = '4') and [five_parentproxy_continue] = '1'",,,,five_parentproxy_matrix_3_child_2,,
five_35_parentproxy_child_2,five,,radio,"On average in the last week, being afraid of an illness or virus has gotten in the way of my child enjoying their life (e.g. caused fights in the house, kept them from connecting with others, made them feel isolated or hopeless about the future, etc.).","0, Not true at all | 1, Somewhat true | 2, Mostly true | 3, Definitely true",,,,,,"([parentself_number_children_study] = '2'  or [parentself_number_children_study] = '3'  or [parentself_number_children_study] = '4') and [five_parentproxy_continue] = '1'",,,,five_parentproxy_matrix_3_child_2,,
five_1_parentproxy_child_3,five,"The following questions apply to Child 3.

Rate how often your child felt afraid or worried about each item in the LAST WEEK on the scale below.",radio,"My child is afraid they may get a bad illness or virus.","0, My child is not afraid of this at all. | 1, My child is afraid of this some of the time. | 2, My child is afraid of this most of the time. | 3, My child is afraid of this all of the time.",,,,,,"([parentself_number_children_study] = '3'  or [parentself_number_children_study] = '4') and [five_parentproxy_continue] = '1'",,,,five_parentproxy_matrix_1_child_3,,
five_2_parentproxy_child_3,five,,radio,"My child is afraid they will get very, very sick if they catch a bad illness or virus.","0, My child is not afraid of this at all. | 1, My child is afraid of this some of the time. | 2, My child is afraid of this most of the time. | 3, My child is afraid of this all of the time.",,,,,,"([parentself_number_children_study] = '3'  or [parentself_number_children_study] = '4') and [five_parentproxy_continue] = '1'",,,,five_parentproxy_matrix_1_child_3,,
five_3_parentproxy_child_3,five,,radio,"My child is afraid they will have to go to the hospital because of a bad illness or virus.","0, My child is not afraid of this at all. | 1, My child is afraid of this some of the time. | 2, My child is afraid of this most of the time. | 3, My child is afraid of this all of the time.",,,,,,"([parentself_number_children_study] = '3'  or [parentself_number_children_study] = '4') and [five_parentproxy_continue] = '1'",,,,five_parentproxy_matrix_1_child_3,,
five_4_parentproxy_child_3,five,,radio,"My child is afraid they might die if they get a bad illness or virus.","0, My child is not afraid of this at all. | 1, My child is afraid of this some of the time. | 2, My child is afraid of this most of the time. | 3, My child is afraid of this all of the time.",,,,,,"([parentself_number_children_study] = '3'  or [parentself_number_children_study] = '4') and [five_parentproxy_continue] = '1'",,,,five_parentproxy_matrix_1_child_3,,
five_5_parentproxy_child_3,five,,radio,"My child is afraid their pet might get a bad illness or virus.","0, My child is not afraid of this at all. | 1, My child is afraid of this some of the time. | 2, My child is afraid of this most of the time. | 3, My child is afraid of this all of the time.",,,,,,"([parentself_number_children_study] = '3'  or [parentself_number_children_study] = '4') and [five_parentproxy_continue] = '1'",,,,five_parentproxy_matrix_1_child_3,,
five_6_parentproxy_child_3,five,,radio,"My child is afraid that a family member might get sick or die because of a bad illness or virus.","0, My child is not afraid of this at all. | 1, My child is afraid of this some of the time. | 2, My child is afraid of this most of the time. | 3, My child is afraid of this all of the time.",,,,,,"([parentself_number_children_study] = '3'  or [parentself_number_children_study] = '4') and [five_parentproxy_continue] = '1'",,,,five_parentproxy_matrix_1_child_3,,
five_7_parentproxy_child_3,five,,radio,"My child is afraid they may do something that would cause someone else to get a bad illness or virus.","0, My child is not afraid of this at all. | 1, My child is afraid of this some of the time. | 2, My child is afraid of this most of the time. | 3, My child is afraid of this all of the time.",,,,,,"([parentself_number_children_study] = '3'  or [parentself_number_children_study] = '4') and [five_parentproxy_continue] = '1'",,,,five_parentproxy_matrix_1_child_3,,
five_8_parentproxy_child_3,five,,radio,"My child is afraid that a friend might get sick or die because of a bad illness or virus.","0, My child is not afraid of this at all. | 1, My child is afraid of this some of the time. | 2, My child is afraid of this most of the time. | 3, My child is afraid of this all of the time.",,,,,,"([parentself_number_children_study] = '3'  or [parentself_number_children_study] = '4') and [five_parentproxy_continue] = '1'",,,,five_parentproxy_matrix_1_child_3,,
five_9_parentproxy_child_3,five,,radio,"My child is afraid that people in the world might get sick or die because of a bad illness or virus.","0, My child is not afraid of this at all. | 1, My child is afraid of this some of the time. | 2, My child is afraid of this most of the time. | 3, My child is afraid of this all of the time.",,,,,,"([parentself_number_children_study] = '3'  or [parentself_number_children_study] = '4') and [five_parentproxy_continue] = '1'",,,,five_parentproxy_matrix_1_child_3,,
five_10_parentproxy_child_3,five,,radio,"My child is afraid they will be stuck at home because of a bad illness or virus.","0, My child is not afraid of this at all. | 1, My child is afraid of this some of the time. | 2, My child is afraid of this most of the time. | 3, My child is afraid of this all of the time.",,,,,,"([parentself_number_children_study] = '3'  or [parentself_number_children_study] = '4') and [five_parentproxy_continue] = '1'",,,,five_parentproxy_matrix_1_child_3,,
five_11_parentproxy_child_3,five,,radio,"My child is afraid it will be hard to do things they like because of a bad illness or virus.","0, My child is not afraid of this at all. | 1, My child is afraid of this some of the time. | 2, My child is afraid of this most of the time. | 3, My child is afraid of this all of the time.",,,,,,"([parentself_number_children_study] = '3'  or [parentself_number_children_study] = '4') and [five_parentproxy_continue] = '1'",,,,five_parentproxy_matrix_1_child_3,,
five_12_parentproxy_child_3,five,,radio,"My child is afraid they will miss a lot of school because of a bad illness or virus.","0, My child is not afraid of this at all. | 1, My child is afraid of this some of the time. | 2, My child is afraid of this most of the time. | 3, My child is afraid of this all of the time.",,,,,,"([parentself_number_children_study] = '3'  or [parentself_number_children_study] = '4') and [five_parentproxy_continue] = '1'",,,,five_parentproxy_matrix_1_child_3,,
five_13_parentproxy_child_3,five,,radio,"My child is afraid they will not be able to see friends (for a long time) because of a bad illness or virus.","0, My child is not afraid of this at all. | 1, My child is afraid of this some of the time. | 2, My child is afraid of this most of the time. | 3, My child is afraid of this all of the time.",,,,,,"([parentself_number_children_study] = '3'  or [parentself_number_children_study] = '4') and [five_parentproxy_continue] = '1'",,,,five_parentproxy_matrix_1_child_3,,
five_14_parentproxy_child_3,five,,radio,"My child is afraid they will do poorly in school because of a bad illness or virus.","0, My child is not afraid of this at all. | 1, My child is afraid of this some of the time. | 2, My child is afraid of this most of the time. | 3, My child is afraid of this all of the time.",,,,,,"([parentself_number_children_study] = '3'  or [parentself_number_children_study] = '4') and [five_parentproxy_continue] = '1'",,,,five_parentproxy_matrix_1_child_3,,
five_15_parentproxy_child_3,five,,radio,"My child is afraid they will lose friends because of a bad illness or virus.","0, My child is not afraid of this at all. | 1, My child is afraid of this some of the time. | 2, My child is afraid of this most of the time. | 3, My child is afraid of this all of the time.",,,,,,"([parentself_number_children_study] = '3'  or [parentself_number_children_study] = '4') and [five_parentproxy_continue] = '1'",,,,five_parentproxy_matrix_1_child_3,,
five_16_parentproxy_child_3,five,,radio,"My child is afraid they will be sad and lonely because of a bad illness or virus.","0, My child is not afraid of this at all. | 1, My child is afraid of this some of the time. | 2, My child is afraid of this most of the time. | 3, My child is afraid of this all of the time.",,,,,,"([parentself_number_children_study] = '3'  or [parentself_number_children_study] = '4') and [five_parentproxy_continue] = '1'",,,,five_parentproxy_matrix_1_child_3,,
five_17_parentproxy_child_3,five,,radio,"My child is afraid they will not be able to celebrate good things (e.g. graduation, birthday, etc.) because of a bad illness or virus.","0, My child is not afraid of this at all. | 1, My child is afraid of this some of the time. | 2, My child is afraid of this most of the time. | 3, My child is afraid of this all of the time.",,,,,,"([parentself_number_children_study] = '3'  or [parentself_number_children_study] = '4') and [five_parentproxy_continue] = '1'",,,,five_parentproxy_matrix_1_child_3,,
five_18_parentproxy_child_3,five,,radio,"My child is afraid they will not have enough food to eat because of a bad illness or virus.","0, My child is not afraid of this at all. | 1, My child is afraid of this some of the time. | 2, My child is afraid of this most of the time. | 3, My child is afraid of this all of the time.",,,,,,"([parentself_number_children_study] = '3'  or [parentself_number_children_study] = '4') and [five_parentproxy_continue] = '1'",,,,five_parentproxy_matrix_1_child_3,,
five_19_parentproxy_child_3,five,,radio,"My child is afraid that our family will not have enough money because of a bad illness or virus.","0, My child is not afraid of this at all. | 1, My child is afraid of this some of the time. | 2, My child is afraid of this most of the time. | 3, My child is afraid of this all of the time.",,,,,,"([parentself_number_children_study] = '3'  or [parentself_number_children_study] = '4') and [five_parentproxy_continue] = '1'",,,,five_parentproxy_matrix_1_child_3,,
five_20_parentproxy_child_3,five,"The following questions apply to Child 3.

Please rate how often your child has done the things listed below in the last week.",radio,"My child stays away from people (other than those who live in my house).","0, My child has not done this in last week. | 1, My child did this some of the time last week. | 2, My child did this most of the time last week. | 3, My child did this all the time last week.",,,,,,"([parentself_number_children_study] = '3'  or [parentself_number_children_study] = '4') and [five_parentproxy_continue] = '1'",,,,five_parentproxy_matrix_2_child_3,,
five_21_parentproxy_child_3,five,,radio,"My child asks people if they are sick.","0, My child has not done this in last week. | 1, My child did this some of the time last week. | 2, My child did this most of the time last week. | 3, My child did this all the time last week.",,,,,,"([parentself_number_children_study] = '3'  or [parentself_number_children_study] = '4') and [five_parentproxy_continue] = '1'",,,,five_parentproxy_matrix_2_child_3,,
five_22_parentproxy_child_3,five,,radio,"My child avoids news or information about bad illnesses or viruses.","0, My child has not done this in last week. | 1, My child did this some of the time last week. | 2, My child did this most of the time last week. | 3, My child did this all the time last week.",,,,,,"([parentself_number_children_study] = '3'  or [parentself_number_children_study] = '4') and [five_parentproxy_continue] = '1'",,,,five_parentproxy_matrix_2_child_3,,
five_23_parentproxy_child_3,five,,radio,"My child washes their hands at times other than just after they use the bathroom or before eating.","0, My child has not done this in last week. | 1, My child did this some of the time last week. | 2, My child did this most of the time last week. | 3, My child did this all the time last week.",,,,,,"([parentself_number_children_study] = '3'  or [parentself_number_children_study] = '4') and [five_parentproxy_continue] = '1'",,,,five_parentproxy_matrix_2_child_3,,
five_24_parentproxy_child_3,five,,radio,"My child wears a mask over their face or protective gear (e.g. gloves, things to cover clothes).","0, My child has not done this in last week. | 1, My child did this some of the time last week. | 2, My child did this most of the time last week. | 3, My child did this all the time last week.",,,,,,"([parentself_number_children_study] = '3'  or [parentself_number_children_study] = '4') and [five_parentproxy_continue] = '1'",,,,five_parentproxy_matrix_2_child_3,,
five_25_parentproxy_child_3,five,,radio,"My child uses Purell/other sanitizer.","0, My child has not done this in last week. | 1, My child did this some of the time last week. | 2, My child did this most of the time last week. | 3, My child did this all the time last week.",,,,,,"([parentself_number_children_study] = '3'  or [parentself_number_children_study] = '4') and [five_parentproxy_continue] = '1'",,,,five_parentproxy_matrix_2_child_3,,
five_26_parentproxy_child_3,five,,radio,"My child uses Clorox/cleaners to wipe down surfaces.","0, My child has not done this in last week. | 1, My child did this some of the time last week. | 2, My child did this most of the time last week. | 3, My child did this all the time last week.",,,,,,"([parentself_number_children_study] = '3'  or [parentself_number_children_study] = '4') and [five_parentproxy_continue] = '1'",,,,five_parentproxy_matrix_2_child_3,,
five_27_parentproxy_child_3,five,,radio,"My child avoids touching things (e.g., phone, door knobs).","0, My child has not done this in last week. | 1, My child did this some of the time last week. | 2, My child did this most of the time last week. | 3, My child did this all the time last week.",,,,,,"([parentself_number_children_study] = '3'  or [parentself_number_children_study] = '4') and [five_parentproxy_continue] = '1'",,,,five_parentproxy_matrix_2_child_3,,
five_28_parentproxy_child_3,five,,radio,"My child avoids touching people (e.g., hugging, shaking hands).","0, My child has not done this in last week. | 1, My child did this some of the time last week. | 2, My child did this most of the time last week. | 3, My child did this all the time last week.",,,,,,"([parentself_number_children_study] = '3'  or [parentself_number_children_study] = '4') and [five_parentproxy_continue] = '1'",,,,five_parentproxy_matrix_2_child_3,,
five_29_parentproxy_child_3,five,,radio,"My child checks the internet for illness or virus updates.","0, My child has not done this in last week. | 1, My child did this some of the time last week. | 2, My child did this most of the time last week. | 3, My child did this all the time last week.",,,,,,"([parentself_number_children_study] = '3'  or [parentself_number_children_study] = '4') and [five_parentproxy_continue] = '1'",,,,five_parentproxy_matrix_2_child_3,,
five_30_parentproxy_child_3,five,,radio,"My child uses social media/FaceTime, etc. to stay connected to friends.","0, My child has not done this in last week. | 1, My child did this some of the time last week. | 2, My child did this most of the time last week. | 3, My child did this all the time last week.",,,,,,"([parentself_number_children_study] = '3'  or [parentself_number_children_study] = '4') and [five_parentproxy_continue] = '1'",,,,five_parentproxy_matrix_2_child_3,,
five_31_parentproxy_child_3,five,,radio,"My child exercises or plays outside.","0, My child has not done this in last week. | 1, My child did this some of the time last week. | 2, My child did this most of the time last week. | 3, My child did this all the time last week.",,,,,,"([parentself_number_children_study] = '3'  or [parentself_number_children_study] = '4') and [five_parentproxy_continue] = '1'",,,,five_parentproxy_matrix_2_child_3,,
five_32_parentproxy_child_3,five,,radio,"My child stays away from people inside the house (e.g., stays in another room or a certain distance away).","0, My child has not done this in last week. | 1, My child did this some of the time last week. | 2, My child did this most of the time last week. | 3, My child did this all the time last week.",,,,,,"([parentself_number_children_study] = '3'  or [parentself_number_children_study] = '4') and [five_parentproxy_continue] = '1'",,,,five_parentproxy_matrix_2_child_3,,
five_33_parentproxy_child_3,five,,radio,"My child does schoolwork on a computer.","0, My child has not done this in last week. | 1, My child did this some of the time last week. | 2, My child did this most of the time last week. | 3, My child did this all the time last week.",,,,,,"([parentself_number_children_study] = '3'  or [parentself_number_children_study] = '4') and [five_parentproxy_continue] = '1'",,,,five_parentproxy_matrix_2_child_3,,
five_34_parentproxy_child_3,five,"The following questions apply to Child 3.

For these next two items, please indicate how true the statement is for your child on the following scale.",radio,"On average in the last week, being afraid of an illness or virus has caused my child to experience very strong emotions (e.g. anger, anxiety, sadness, irritable feelings, etc.).","0, Not true at all | 1, Somewhat true | 2, Mostly true | 3, Definitely true",,,,,,"([parentself_number_children_study] = '3'  or [parentself_number_children_study] = '4') and [five_parentproxy_continue] = '1'",,,,five_parentproxy_matrix_3_child_3,,
five_35_parentproxy_child_3,five,,radio,"On average in the last week, being afraid of an illness or virus has gotten in the way of my child enjoying their life (e.g. caused fights in the house, kept them from connecting with others, made them feel isolated or hopeless about the future, etc.).","0, Not true at all | 1, Somewhat true | 2, Mostly true | 3, Definitely true",,,,,,"([parentself_number_children_study] = '3'  or [parentself_number_children_study] = '4') and [five_parentproxy_continue] = '1'",,,,five_parentproxy_matrix_3_child_3,,
five_1_parentproxy_child_4,five,"The following questions apply to Child 4.

Rate how often your child felt afraid or worried about each item in the LAST WEEK on the scale below.",radio,"My child is afraid they may get a bad illness or virus.","0, My child is not afraid of this at all. | 1, My child is afraid of this some of the time. | 2, My child is afraid of this most of the time. | 3, My child is afraid of this all of the time.",,,,,,"([parentself_number_children_study] = '4') and [five_parentproxy_continue] = '1'",,,,five_parentproxy_matrix_1_child_4,,
five_2_parentproxy_child_4,five,,radio,"My child is afraid they will get very, very sick if they catch a bad illness or virus.","0, My child is not afraid of this at all. | 1, My child is afraid of this some of the time. | 2, My child is afraid of this most of the time. | 3, My child is afraid of this all of the time.",,,,,,"([parentself_number_children_study] = '4') and [five_parentproxy_continue] = '1'",,,,five_parentproxy_matrix_1_child_4,,
five_3_parentproxy_child_4,five,,radio,"My child is afraid they will have to go to the hospital because of a bad illness or virus.","0, My child is not afraid of this at all. | 1, My child is afraid of this some of the time. | 2, My child is afraid of this most of the time. | 3, My child is afraid of this all of the time.",,,,,,"([parentself_number_children_study] = '4') and [five_parentproxy_continue] = '1'",,,,five_parentproxy_matrix_1_child_4,,
five_4_parentproxy_child_4,five,,radio,"My child is afraid they might die if they get a bad illness or virus.","0, My child is not afraid of this at all. | 1, My child is afraid of this some of the time. | 2, My child is afraid of this most of the time. | 3, My child is afraid of this all of the time.",,,,,,"([parentself_number_children_study] = '4') and [five_parentproxy_continue] = '1'",,,,five_parentproxy_matrix_1_child_4,,
five_5_parentproxy_child_4,five,,radio,"My child is afraid their pet might get a bad illness or virus.","0, My child is not afraid of this at all. | 1, My child is afraid of this some of the time. | 2, My child is afraid of this most of the time. | 3, My child is afraid of this all of the time.",,,,,,"([parentself_number_children_study] = '4') and [five_parentproxy_continue] = '1'",,,,five_parentproxy_matrix_1_child_4,,
five_6_parentproxy_child_4,five,,radio,"My child is afraid that a family member might get sick or die because of a bad illness or virus.","0, My child is not afraid of this at all. | 1, My child is afraid of this some of the time. | 2, My child is afraid of this most of the time. | 3, My child is afraid of this all of the time.",,,,,,"([parentself_number_children_study] = '4') and [five_parentproxy_continue] = '1'",,,,five_parentproxy_matrix_1_child_4,,
five_7_parentproxy_child_4,five,,radio,"My child is afraid they may do something that would cause someone else to get a bad illness or virus.","0, My child is not afraid of this at all. | 1, My child is afraid of this some of the time. | 2, My child is afraid of this most of the time. | 3, My child is afraid of this all of the time.",,,,,,"([parentself_number_children_study] = '4') and [five_parentproxy_continue] = '1'",,,,five_parentproxy_matrix_1_child_4,,
five_8_parentproxy_child_4,five,,radio,"My child is afraid that a friend might get sick or die because of a bad illness or virus.","0, My child is not afraid of this at all. | 1, My child is afraid of this some of the time. | 2, My child is afraid of this most of the time. | 3, My child is afraid of this all of the time.",,,,,,"([parentself_number_children_study] = '4') and [five_parentproxy_continue] = '1'",,,,five_parentproxy_matrix_1_child_4,,
five_9_parentproxy_child_4,five,,radio,"My child is afraid that people in the world might get sick or die because of a bad illness or virus.","0, My child is not afraid of this at all. | 1, My child is afraid of this some of the time. | 2, My child is afraid of this most of the time. | 3, My child is afraid of this all of the time.",,,,,,"([parentself_number_children_study] = '4') and [five_parentproxy_continue] = '1'",,,,five_parentproxy_matrix_1_child_4,,
five_10_parentproxy_child_4,five,,radio,"My child is afraid they will be stuck at home because of a bad illness or virus.","0, My child is not afraid of this at all. | 1, My child is afraid of this some of the time. | 2, My child is afraid of this most of the time. | 3, My child is afraid of this all of the time.",,,,,,"([parentself_number_children_study] = '4') and [five_parentproxy_continue] = '1'",,,,five_parentproxy_matrix_1_child_4,,
five_11_parentproxy_child_4,five,,radio,"My child is afraid it will be hard to do things they like because of a bad illness or virus.","0, My child is not afraid of this at all. | 1, My child is afraid of this some of the time. | 2, My child is afraid of this most of the time. | 3, My child is afraid of this all of the time.",,,,,,"([parentself_number_children_study] = '4') and [five_parentproxy_continue] = '1'",,,,five_parentproxy_matrix_1_child_4,,
five_12_parentproxy_child_4,five,,radio,"My child is afraid they will miss a lot of school because of a bad illness or virus.","0, My child is not afraid of this at all. | 1, My child is afraid of this some of the time. | 2, My child is afraid of this most of the time. | 3, My child is afraid of this all of the time.",,,,,,"([parentself_number_children_study] = '4') and [five_parentproxy_continue] = '1'",,,,five_parentproxy_matrix_1_child_4,,
five_13_parentproxy_child_4,five,,radio,"My child is afraid they will not be able to see friends (for a long time) because of a bad illness or virus.","0, My child is not afraid of this at all. | 1, My child is afraid of this some of the time. | 2, My child is afraid of this most of the time. | 3, My child is afraid of this all of the time.",,,,,,"([parentself_number_children_study] = '4') and [five_parentproxy_continue] = '1'",,,,five_parentproxy_matrix_1_child_4,,
five_14_parentproxy_child_4,five,,radio,"My child is afraid they will do poorly in school because of a bad illness or virus.","0, My child is not afraid of this at all. | 1, My child is afraid of this some of the time. | 2, My child is afraid of this most of the time. | 3, My child is afraid of this all of the time.",,,,,,"([parentself_number_children_study] = '4') and [five_parentproxy_continue] = '1'",,,,five_parentproxy_matrix_1_child_4,,
five_15_parentproxy_child_4,five,,radio,"My child is afraid they will lose friends because of a bad illness or virus.","0, My child is not afraid of this at all. | 1, My child is afraid of this some of the time. | 2, My child is afraid of this most of the time. | 3, My child is afraid of this all of the time.",,,,,,"([parentself_number_children_study] = '4') and [five_parentproxy_continue] = '1'",,,,five_parentproxy_matrix_1_child_4,,
five_16_parentproxy_child_4,five,,radio,"My child is afraid they will be sad and lonely because of a bad illness or virus.","0, My child is not afraid of this at all. | 1, My child is afraid of this some of the time. | 2, My child is afraid of this most of the time. | 3, My child is afraid of this all of the time.",,,,,,"([parentself_number_children_study] = '4') and [five_parentproxy_continue] = '1'",,,,five_parentproxy_matrix_1_child_4,,
five_17_parentproxy_child_4,five,,radio,"My child is afraid they will not be able to celebrate good things (e.g. graduation, birthday, etc.) because of a bad illness or virus.","0, My child is not afraid of this at all. | 1, My child is afraid of this some of the time. | 2, My child is afraid of this most of the time. | 3, My child is afraid of this all of the time.",,,,,,"([parentself_number_children_study] = '4') and [five_parentproxy_continue] = '1'",,,,five_parentproxy_matrix_1_child_4,,
five_18_parentproxy_child_4,five,,radio,"My child is afraid they will not have enough food to eat because of a bad illness or virus.","0, My child is not afraid of this at all. | 1, My child is afraid of this some of the time. | 2, My child is afraid of this most of the time. | 3, My child is afraid of this all of the time.",,,,,,"([parentself_number_children_study] = '4') and [five_parentproxy_continue] = '1'",,,,five_parentproxy_matrix_1_child_4,,
five_19_parentproxy_child_4,five,,radio,"My child is afraid that our family will not have enough money because of a bad illness or virus.","0, My child is not afraid of this at all. | 1, My child is afraid of this some of the time. | 2, My child is afraid of this most of the time. | 3, My child is afraid of this all of the time.",,,,,,"([parentself_number_children_study] = '4') and [five_parentproxy_continue] = '1'",,,,five_parentproxy_matrix_1_child_4,,
five_20_parentproxy_child_4,five,"The following questions apply to Child 4.

Please rate how often your child has done the things listed below in the last week.",radio,"My child stays away from people (other than those who live in my house).","0, My child has not done this in last week. | 1, My child did this some of the time last week. | 2, My child did this most of the time last week. | 3, My child did this all the time last week.",,,,,,"([parentself_number_children_study] = '4') and [five_parentproxy_continue] = '1'",,,,five_parentproxy_matrix_2_child_4,,
five_21_parentproxy_child_4,five,,radio,"My child asks people if they are sick.","0, My child has not done this in last week. | 1, My child did this some of the time last week. | 2, My child did this most of the time last week. | 3, My child did this all the time last week.",,,,,,"([parentself_number_children_study] = '4') and [five_parentproxy_continue] = '1'",,,,five_parentproxy_matrix_2_child_4,,
five_22_parentproxy_child_4,five,,radio,"My child avoids news or information about bad illnesses or viruses.","0, My child has not done this in last week. | 1, My child did this some of the time last week. | 2, My child did this most of the time last week. | 3, My child did this all the time last week.",,,,,,"([parentself_number_children_study] = '4') and [five_parentproxy_continue] = '1'",,,,five_parentproxy_matrix_2_child_4,,
five_23_parentproxy_child_4,five,,radio,"My child washes their hands at times other than just after they use the bathroom or before eating.","0, My child has not done this in last week. | 1, My child did this some of the time last week. | 2, My child did this most of the time last week. | 3, My child did this all the time last week.",,,,,,"([parentself_number_children_study] = '4') and [five_parentproxy_continue] = '1'",,,,five_parentproxy_matrix_2_child_4,,
five_24_parentproxy_child_4,five,,radio,"My child wears a mask over their face or protective gear (e.g. gloves, things to cover clothes).","0, My child has not done this in last week. | 1, My child did this some of the time last week. | 2, My child did this most of the time last week. | 3, My child did this all the time last week.",,,,,,"([parentself_number_children_study] = '4') and [five_parentproxy_continue] = '1'",,,,five_parentproxy_matrix_2_child_4,,
five_25_parentproxy_child_4,five,,radio,"My child uses Purell/other sanitizer.","0, My child has not done this in last week. | 1, My child did this some of the time last week. | 2, My child did this most of the time last week. | 3, My child did this all the time last week.",,,,,,"([parentself_number_children_study] = '4') and [five_parentproxy_continue] = '1'",,,,five_parentproxy_matrix_2_child_4,,
five_26_parentproxy_child_4,five,,radio,"My child uses Clorox/cleaners to wipe down surfaces.","0, My child has not done this in last week. | 1, My child did this some of the time last week. | 2, My child did this most of the time last week. | 3, My child did this all the time last week.",,,,,,"([parentself_number_children_study] = '4') and [five_parentproxy_continue] = '1'",,,,five_parentproxy_matrix_2_child_4,,
five_27_parentproxy_child_4,five,,radio,"My child avoids touching things (e.g., phone, door knobs).","0, My child has not done this in last week. | 1, My child did this some of the time last week. | 2, My child did this most of the time last week. | 3, My child did this all the time last week.",,,,,,"([parentself_number_children_study] = '4') and [five_parentproxy_continue] = '1'",,,,five_parentproxy_matrix_2_child_4,,
five_28_parentproxy_child_4,five,,radio,"My child avoids touching people (e.g., hugging, shaking hands).","0, My child has not done this in last week. | 1, My child did this some of the time last week. | 2, My child did this most of the time last week. | 3, My child did this all the time last week.",,,,,,"([parentself_number_children_study] = '4') and [five_parentproxy_continue] = '1'",,,,five_parentproxy_matrix_2_child_4,,
five_29_parentproxy_child_4,five,,radio,"My child checks the internet for illness or virus updates.","0, My child has not done this in last week. | 1, My child did this some of the time last week. | 2, My child did this most of the time last week. | 3, My child did this all the time last week.",,,,,,"([parentself_number_children_study] = '4') and [five_parentproxy_continue] = '1'",,,,five_parentproxy_matrix_2_child_4,,
five_30_parentproxy_child_4,five,,radio,"My child uses social media/FaceTime, etc. to stay connected to friends.","0, My child has not done this in last week. | 1, My child did this some of the time last week. | 2, My child did this most of the time last week. | 3, My child did this all the time last week.",,,,,,"([parentself_number_children_study] = '4') and [five_parentproxy_continue] = '1'",,,,five_parentproxy_matrix_2_child_4,,
five_31_parentproxy_child_4,five,,radio,"My child exercises or plays outside.","0, My child has not done this in last week. | 1, My child did this some of the time last week. | 2, My child did this most of the time last week. | 3, My child did this all the time last week.",,,,,,"([parentself_number_children_study] = '4') and [five_parentproxy_continue] = '1'",,,,five_parentproxy_matrix_2_child_4,,
five_32_parentproxy_child_4,five,,radio,"My child stays away from people inside the house (e.g., stays in another room or a certain distance away).","0, My child has not done this in last week. | 1, My child did this some of the time last week. | 2, My child did this most of the time last week. | 3, My child did this all the time last week.",,,,,,"([parentself_number_children_study] = '4') and [five_parentproxy_continue] = '1'",,,,five_parentproxy_matrix_2_child_4,,
five_33_parentproxy_child_4,five,,radio,"My child does schoolwork on a computer.","0, My child has not done this in last week. | 1, My child did this some of the time last week. | 2, My child did this most of the time last week. | 3, My child did this all the time last week.",,,,,,"([parentself_number_children_study] = '4') and [five_parentproxy_continue] = '1'",,,,five_parentproxy_matrix_2_child_4,,
five_34_parentproxy_child_4,five,"The following questions apply to Child 4.

For these next two items, please indicate how true the statement is for your child on the following scale.",radio,"On average in the last week, being afraid of an illness or virus has caused my child to experience very strong emotions (e.g. anger, anxiety, sadness, irritable feelings, etc.).","0, Not true at all | 1, Somewhat true | 2, Mostly true | 3, Definitely true",,,,,,"([parentself_number_children_study] = '4') and [five_parentproxy_continue] = '1'",,,,five_parentproxy_matrix_3_child_4,,
five_35_parentproxy_child_4,five,,radio,"On average in the last week, being afraid of an illness or virus has gotten in the way of my child enjoying their life (e.g. caused fights in the house, kept them from connecting with others, made them feel isolated or hopeless about the future, etc.).","0, Not true at all | 1, Somewhat true | 2, Mostly true | 3, Definitely true",,,,,,"([parentself_number_children_study] = '4') and [five_parentproxy_continue] = '1'",,,,five_parentproxy_matrix_3_child_4,,
