"Variable / Field Name","Form Name","Section Header","Field Type","Field Label","Choices, Calculations, OR Slider Labels","Field Note","Text Validation Type OR Show Slider Number","Text Validation Min","Text Validation Max",Identifier?,"Branching Logic (Show field only if...)","Required Field?","Custom Alignment","Question Number (surveys only)","Matrix Group Name","Matrix Ranking?","Field Annotation"
tesi_instructions,tesi,,descriptive,"Children may experience stressful events, which may affect their health and well-being. 

Please indicate if your child has experienced any of these potentially stressful events by answering the following questions.",,,,,,,,,,,,,
tesi_2_parentproxy_child_1,tesi,"The following questions pertain to Child 1",radio,"Has your child ever had a doctor's visit?","0, No | 1, Yes | 2, Unsure",,,,,,,,,,,,
tesi_3_parentproxy_child_1,tesi,,text,"How old was your child the first time they went to the doctor?",,Years,number,,,,"[tesi_2_parentproxy_child_1] = '1'",,,,,,
tesi_4_parentproxy_child_1,tesi,,text,,,"and months",number,,,,"[tesi_2_parentproxy_child_1] = '1'",,,,,,
tesi_5_parentproxy_child_1,tesi,,text,"How old was your child the most stressful time they went to the doctor?",,Years,number,,,,"[tesi_2_parentproxy_child_1] = '1'",,,,,,
tesi_5_a_parentproxy_child_1,tesi,,text,,,"and months",number,,,,"[tesi_2_parentproxy_child_1] = '1'",,,,,,
tesi_6_parentproxy_child_1,tesi,,radio,"Was your child strongly affected by one or more of these experiences? ","0, No | 1, Yes | 2, Unsure","(By strongly affected we mean: did your child seem: a) to be extremely frightened; b) to be very confused or helpless; c) to be very shocked or horrified, d) to have difficulty getting back to her or his normal way of behaving or feeling when it was over, OR e) to behave differently in important ways after it was over.)",,,,,"[tesi_2_parentproxy_child_1] = '1'",,,,,,
tesi_7_parentproxy_child_1,tesi,,radio,"Has your child ever BEEN IN a serious accident where someone could have been (or actually was) severely injured or died? (like a serious car or bicycle accident, a fall, a fire, an incident where s/he was burned, an actual or near drowning, or a severe sports injury)","0, No | 1, Yes | 2, Unsure",,,,,,,,,,,,
tesi_8_parentproxy_child_1,tesi,,notes,"Identify the type of accident(s):",,,,,,,"[tesi_7_parentproxy_child_1] = '1'",,,,,,
tesi_9_parentproxy_child_1,tesi,,text,"Victim's relationship to your child:",,,,,,,"[tesi_7_parentproxy_child_1] = '1'",,,,,,
tesi_10_parentproxy_child_1,tesi,,radio,"Did anyone die?","0, No | 1, Yes | 2, Unsure",,,,,,"[tesi_7_parentproxy_child_1] = '1'",,,,,,
tesi_11_parentproxy_child_1,tesi,,text,"How old was your child the first time they experienced this?",,Years,number,,,,"[tesi_7_parentproxy_child_1] = '1'",,,,,,
tesi_11_a_parentproxy_child_1,tesi,,text,,,"and months",number,,,,"[tesi_7_parentproxy_child_1] = '1'",,,,,,
tesi_12_parentproxy_child_1,tesi,,text,"How old was your child the last time they experienced this?",,Years,number,,,,"[tesi_7_parentproxy_child_1] = '1'",,,,,,
tesi_12_a_parentproxy_child_1,tesi,,text,,,"and months",number,,,,"[tesi_7_parentproxy_child_1] = '1'",,,,,,
tesi_13_parentproxy_child_1,tesi,,text,"How old was your child the most stressful time they experienced this?",,Years,number,,,,"[tesi_7_parentproxy_child_1] = '1'",,,,,,
tesi_13_a_parentproxy_child_1,tesi,,text,,,"and months",number,,,,"[tesi_7_parentproxy_child_1] = '1'",,,,,,
tesi_14_parentproxy_child_1,tesi,,radio,"Was your child strongly affected by one or more of these experiences?","0, No | 1, Yes | 2, Unsure",,,,,,"[tesi_7_parentproxy_child_1] = '1'",,,,,,
tesi_15_parentproxy_child_1,tesi,,radio,"Has your child ever SEEN a serious accident where someone could have been (or actually was) severely injured or died? (like a serious car or bicycle accident, a fall, a fire, an incident where s/he was burned, an actual or near drowning, or a severe sports injury)","0, No | 1, Yes | 2, Unsure",,,,,,,,,,,,
tesi_16_parentproxy_child_1,tesi,,notes,"Identify the type of accident(s):",,,,,,,"[tesi_15_parentproxy_child_1] = '1'",,,,,,
tesi_17_parentproxy_child_1,tesi,,text,"Victim's relationship to your child:",,,,,,,"[tesi_15_parentproxy_child_1] = '1'",,,,,,
tesi_18_parentproxy_child_1,tesi,,radio,"Did anyone die?","0, No | 1, Yes | 2, Unsure",,,,,,"[tesi_15_parentproxy_child_1] = '1'",,,,,,
tesi_19_parentproxy_child_1,tesi,,text,"How old was your child the first time they experienced this?",,Years,number,,,,"[tesi_15_parentproxy_child_1] = '1'",,,,,,
tesi_19_a_parentproxy_child_1,tesi,,text,,,"and months",number,,,,"[tesi_15_parentproxy_child_1] = '1'",,,,,,
tesi_20_parentproxy_child_1,tesi,,text,"How old was your child the last time they experienced this?",,Years,number,,,,"[tesi_15_parentproxy_child_1] = '1'",,,,,,
tesi_20_a_parentproxy_child_1,tesi,,text,,,"and months",number,,,,"[tesi_15_parentproxy_child_1] = '1'",,,,,,
tesi_21_parentproxy_child_1,tesi,,text,"How old was your child the most stressful time they experienced this?",,Years,number,,,,"[tesi_15_parentproxy_child_1] = '1'",,,,,,
tesi_21_a_parentproxy_child_1,tesi,,text,,,"and months",number,,,,"[tesi_15_parentproxy_child_1] = '1'",,,,,,
tesi_22_parentproxy_child_1,tesi,,radio,"Was your child strongly affected by one or more of these experiences?","0, No | 1, Yes | 2, Unsure",,,,,,"[tesi_15_parentproxy_child_1] = '1'",,,,,,
tesi_23_parentproxy_child_1,tesi,,radio,"Has your child ever been in a natural disaster where someone could have been (or actually was) severely injured or died, or where your family or people in your community lost or had to permanently leave their home (like a tornado, fire, hurricane, or earthquake)? ","0, No | 1, Yes | 2, Unsure",,,,,,,,,,,,
tesi_24_parentproxy_child_1,tesi,,notes,"Identify the type of disaster(s):",,,,,,,"[tesi_23_parentproxy_child_1] = '1'",,,,,,
tesi_25_parentproxy_child_1,tesi,,radio,"Did anyone die?","0, No | 1, Yes | 2, Unsure",,,,,,"[tesi_23_parentproxy_child_1] = '1'",,,,,,
tesi_26_parentproxy_child_1,tesi,,text,"How old was your child the first time they experienced this?",,Years,number,,,,"[tesi_23_parentproxy_child_1] = '1'",,,,,,
tesi_26_a_parentproxy_child_1,tesi,,text,,,"and months",number,,,,"[tesi_23_parentproxy_child_1] = '1'",,,,,,
tesi_27_parentproxy_child_1,tesi,,text,"How old was your child the last time they experienced this?",,Years,number,,,,"[tesi_23_parentproxy_child_1] = '1'",,,,,,
tesi_27_a_parentproxy_child_1,tesi,,text,,,"and months",number,,,,"[tesi_23_parentproxy_child_1] = '1'",,,,,,
tesi_28_parentproxy_child_1,tesi,,text,"How old was your child the most stressful time they experienced this?",,Years,number,,,,"[tesi_23_parentproxy_child_1] = '1'",,,,,,
tesi_28_a_parentproxy_child_1,tesi,,text,,,"and months",number,,,,"[tesi_23_parentproxy_child_1] = '1'",,,,,,
tesi_29_parentproxy_child_1,tesi,,radio,"Was your child strongly affected by one or more of these experiences?","0, No | 1, Yes | 2, Unsure",,,,,,"[tesi_23_parentproxy_child_1] = '1'",,,,,,
tesi_30_parentproxy_child_1,tesi,,radio,"1.4a Has your child ever experienced the severe illness or injury of someone close to him/her?","0, No | 1, Yes | 2, Unsure",,,,,,,,,,,,
tesi_31_parentproxy_child_1,tesi,,text,"What was this person's relationship to your child?",,,,,,,"[tesi_30_parentproxy_child_1] = '1'",,,,,,
tesi_32_parentproxy_child_1,tesi,,text,"How old was your child the first time they experienced this?",,Years,number,,,,"[tesi_30_parentproxy_child_1] = '1'",,,,,,
tesi_32_a_parentproxy_child_1,tesi,,text,,,"and months",number,,,,"[tesi_30_parentproxy_child_1] = '1'",,,,,,
tesi_33_parentproxy_child_1,tesi,,text,"How old was your child the last time they experienced this?",,Years,number,,,,"[tesi_30_parentproxy_child_1] = '1'",,,,,,
tesi_33_a_parentproxy_child_1,tesi,,text,,,"and months",number,,,,"[tesi_30_parentproxy_child_1] = '1'",,,,,,
tesi_34_parentproxy_child_1,tesi,,text,"How old was your child the most stressful time they experienced this?",,Years,number,,,,"[tesi_30_parentproxy_child_1] = '1'",,,,,,
tesi_34_a_parentproxy_child_1,tesi,,text,,,"and months",number,,,,"[tesi_30_parentproxy_child_1] = '1'",,,,,,
tesi_35_parentproxy_child_1,tesi,,radio,"Was your child strongly affected by one or more of these experiences?","0, No | 1, Yes | 2, Unsure",,,,,,"[tesi_30_parentproxy_child_1] = '1'",,,,,,
tesi_36_parentproxy_child_1,tesi,,radio,"Has your child ever experienced the death of someone close to him/her?","0, No | 1, Yes | 2, Unsure",,,,,,,,,,,,
tesi_37_parentproxy_child_1,tesi,,text,"What was this person's relationship to your child?",,,,,,,"[tesi_36_parentproxy_child_1] = '1'",,,,,,
tesi_38_parentproxy_child_1,tesi,,text,"How old was your child the first time they experienced this?",,Years,number,,,,"[tesi_36_parentproxy_child_1] = '1'",,,,,,
tesi_38_a_parentproxy_child_1,tesi,,text,,,"and months",number,,,,"[tesi_36_parentproxy_child_1] = '1'",,,,,,
tesi_39_parentproxy_child_1,tesi,,text,"How old was your child the last time they experienced this?",,Years,number,,,,"[tesi_36_parentproxy_child_1] = '1'",,,,,,
tesi_39_a_parentproxy_child_1,tesi,,text,,,"and months",number,,,,"[tesi_36_parentproxy_child_1] = '1'",,,,,,
tesi_40_parentproxy_child_1,tesi,,text,"How old was your child the most stressful time they experienced this?",,Years,number,,,,"[tesi_36_parentproxy_child_1] = '1'",,,,,,
tesi_40_a_parentproxy_child_1,tesi,,text,,,"and months",number,,,,"[tesi_36_parentproxy_child_1] = '1'",,,,,,
tesi_41_parentproxy_child_1,tesi,,checkbox,"Was the death(s) due to (check all that apply):","0, Natural Causes | 1, Illness | 2, Accident | 3, Violence | 4, Unknown",,,,,,"[tesi_36_parentproxy_child_1] = '1'",,LH,,,,
tesi_42_parentproxy_child_1,tesi,,radio,"Was your child strongly affected by one or more of these experiences?","0, No | 1, Yes | 2, Unsure",,,,,,"[tesi_36_parentproxy_child_1] = '1'",,,,,,
tesi_43_parentproxy_child_1,tesi,,radio,"Has your child ever undergone any serious medical procedures or had a life threatening illness? Or been treated by a paramedic, seen in an emergency room, or hospitalized overnight for a medical procedure?","0, No | 1, Yes | 2, Unsure",,,,,,,,,,,,
tesi_44_parentproxy_child_1,tesi,,notes,Describe:,,,,,,,"[tesi_43_parentproxy_child_1] = '1'",,,,,,
tesi_45_parentproxy_child_1,tesi,,text,"How old was your child the first time they experienced this?",,Years,number,,,,"[tesi_43_parentproxy_child_1] = '1'",,,,,,
tesi_45_a_parentproxy_child_1,tesi,,text,,,"and months",number,,,,"[tesi_43_parentproxy_child_1] = '1'",,,,,,
tesi_46_parentproxy_child_1,tesi,,text,"How old was your child the last time they experienced this?",,Years,number,,,,"[tesi_43_parentproxy_child_1] = '1'",,,,,,
tesi_46_a_parentproxy_child_1,tesi,,text,,,"and months",number,,,,"[tesi_43_parentproxy_child_1] = '1'",,,,,,
tesi_47_parentproxy_child_1,tesi,,text,"How old was your child the most stressful time they experienced this?",,Years,number,,,,"[tesi_43_parentproxy_child_1] = '1'",,,,,,
tesi_47_a_parentproxy_child_1,tesi,,text,,,"and months",number,,,,"[tesi_43_parentproxy_child_1] = '1'",,,,,,
tesi_48_parentproxy_child_1,tesi,,radio,"Was your child strongly affected by one or more of these experiences?","0, No | 1, Yes | 2, Unsure",,,,,,"[tesi_43_parentproxy_child_1] = '1'",,,,,,
tesi_49_parentproxy_child_1,tesi,,radio,"Has your child ever been separated from you or another person who your child depends on for love or security for more than a few days OR under very stressful circumstances? For example due to foster care, immigration, war, major illness, or hospitalization.","0, No | 1, Yes | 2, Unsure",,,,,,,,,,,,
tesi_50_parentproxy_child_1,tesi,,text,"Who was your child separated from?",,,,,,,"[tesi_49_parentproxy_child_1] = '1'",,,,,,
tesi_51_parentproxy_child_1,tesi,,text,"How old was your child the first time they experienced this?",,Years,number,,,,"[tesi_49_parentproxy_child_1] = '1'",,,,,,
tesi_51_a_parentproxy_child_1,tesi,,text,,,"and months",number,,,,"[tesi_49_parentproxy_child_1] = '1'",,,,,,
tesi_52_parentproxy_child_1,tesi,,text,"How old was your child the last time they experienced this?",,Years,number,,,,"[tesi_49_parentproxy_child_1] = '1'",,,,,,
tesi_52_a_parentproxy_child_1,tesi,,text,,,"and months",number,,,,"[tesi_49_parentproxy_child_1] = '1'",,,,,,
tesi_53_parentproxy_child_1,tesi,,text,"How old was your child the most stressful time they experienced this?",,Years,number,,,,"[tesi_49_parentproxy_child_1] = '1'",,,,,,
tesi_53_a_parentproxy_child_1,tesi,,text,,,"and months",number,,,,"[tesi_49_parentproxy_child_1] = '1'",,,,,,
tesi_54_parentproxy_child_1,tesi,,radio,"Was your child strongly affected by one or more of these experiences?","0, No | 1, Yes | 2, Unsure",,,,,,"[tesi_49_parentproxy_child_1] = '1'",,,,,,
tesi_55_parentproxy_child_1,tesi,,radio,"Has someone close to your child ever attempted suicide or harmed him or herself?","0, No | 1, Yes | 2, Unsure",,,,,,,,,,,,
tesi_56_parentproxy_child_1,tesi,,text,"What was this person's relationship to your child?",,,,,,,"[tesi_55_parentproxy_child_1] = '1'",,,,,,
tesi_57_parentproxy_child_1,tesi,,text,"How old was your child the first time they experienced this?",,Years,number,,,,"[tesi_55_parentproxy_child_1] = '1'",,,,,,
tesi_55_a_parentproxy_child_1,tesi,,text,,,"and months",number,,,,"[tesi_55_parentproxy_child_1] = '1'",,,,,,
tesi_58_parentproxy_child_1,tesi,,text,"How old was your child the last time they experienced this?",,Years,number,,,,"[tesi_55_parentproxy_child_1] = '1'",,,,,,
tesi_58_a_parentproxy_child_1,tesi,,text,,,"and months",number,,,,"[tesi_55_parentproxy_child_1] = '1'",,,,,,
tesi_59_parentproxy_child_1,tesi,,text,"How old was your child the most stressful time they experienced this?",,Years,number,,,,"[tesi_55_parentproxy_child_1] = '1'",,,,,,
tesi_59_a_parentproxy_child_1,tesi,,text,,,"and months",number,,,,"[tesi_55_parentproxy_child_1] = '1'",,,,,,
tesi_60_parentproxy_child_1,tesi,,radio,"Was your child strongly affected by one or more of these experiences?","0, No | 1, Yes | 2, Unsure",,,,,,"[tesi_55_parentproxy_child_1] = '1'",,,,,,
tesi_61_parentproxy_child_1,tesi,,radio,"Has someone ever physically assaulted your child, like hitting, pushing, choking, shaking, biting, or burning? Or punished your child and caused physical injury or bruises. Or attacked your child with a gun, knife, or other weapon? (This could be done by someone in the family or by someone not in your child's family).","0, No | 1, Yes | 2, Unsure",,,,,,,,,,,,
tesi_62_parentproxy_child_1,tesi,,text,"What was this person's relationship to your child?",,,,,,,"[tesi_61_parentproxy_child_1] = '1'",,,,,,
tesi_63_parentproxy_child_1,tesi,,radio,"Was a weapon used?","0, No | 1, Yes | 2, Unsure",,,,,,"[tesi_61_parentproxy_child_1] = '1'",,,,,,
tesi_64_parentproxy_child_1,tesi,,text,"Type of weapon",,,,,,,"[tesi_61_parentproxy_child_1] = '1'",,,,,,
tesi_65_parentproxy_child_1,tesi,,text,"How old was your child the first time they experienced this?",,Years,number,,,,"[tesi_61_parentproxy_child_1] = '1'",,,,,,
tesi_65_a_parentproxy_child_1,tesi,,text,,,"and months",number,,,,"[tesi_61_parentproxy_child_1] = '1'",,,,,,
tesi_66_parentproxy_child_1,tesi,,text,"How old was your child the last time they experienced this?",,Years,number,,,,"[tesi_61_parentproxy_child_1] = '1'",,,,,,
tesi_66_a_parentproxy_child_1,tesi,,text,,,"and months",number,,,,"[tesi_61_parentproxy_child_1] = '1'",,,,,,
tesi_67_parentproxy_child_1,tesi,,text,"How old was your child the most stressful time they experienced this?",,Years,number,,,,"[tesi_61_parentproxy_child_1] = '1'",,,,,,
tesi_67_a_parentproxy_child_1,tesi,,text,,,"and months",number,,,,"[tesi_61_parentproxy_child_1] = '1'",,,,,,
tesi_68_parentproxy_child_1,tesi,,radio,"Was your child strongly affected by one or more of these experiences?","0, No | 1, Yes | 2, Unsure",,,,,,"[tesi_61_parentproxy_child_1] = '1'",,,,,,
tesi_69_parentproxy_child_1,tesi,,radio,"Has someone ever directly threatened your child with serious physical harm?","0, No | 1, Yes | 2, Unsure",,,,,,,,,,,,
tesi_70_parentproxy_child_1,tesi,,text,"What was this person's relationship to your child?",,,,,,,"[tesi_69_parentproxy_child_1] = '1'",,,,,,
tesi_71_parentproxy_child_1,tesi,,radio,"Did they threaten to use a weapon?","0, No | 1, Yes | 2, Unsure",,,,,,"[tesi_69_parentproxy_child_1] = '1'",,,,,,
tesi_72_parentproxy_child_1,tesi,,text,"Type of weapon",,,,,,,"[tesi_69_parentproxy_child_1] = '1'",,,,,,
tesi_73_parentproxy_child_1,tesi,,text,"How old was your child the first time they experienced this?",,Years,number,,,,"[tesi_69_parentproxy_child_1] = '1'",,,,,,
tesi_73_a_parentproxy_child_1,tesi,,text,,,"and months",number,,,,"[tesi_69_parentproxy_child_1] = '1'",,,,,,
tesi_74_parentproxy_child_1,tesi,,text,"How old was your child the last time they experienced this?",,Years,number,,,,"[tesi_69_parentproxy_child_1] = '1'",,,,,,
tesi_74_a_parentproxy_child_1,tesi,,text,,,"and months",number,,,,"[tesi_69_parentproxy_child_1] = '1'",,,,,,
tesi_75_parentproxy_child_1,tesi,,text,"How old was your child the most stressful time they experienced this?",,Years,number,,,,"[tesi_69_parentproxy_child_1] = '1'",,,,,,
tesi_75_a_parentproxy_child_1,tesi,,text,,,"and months",number,,,,"[tesi_69_parentproxy_child_1] = '1'",,,,,,
tesi_76_parentproxy_child_1,tesi,,radio,"Was your child strongly affected by one or more of these experiences?","0, No | 1, Yes | 2, Unsure",,,,,,"[tesi_69_parentproxy_child_1] = '1'",,,,,,
tesi_77_parentproxy_child_1,tesi,,radio,"Has someone ever mugged or tried to steal from your child? Or has your child been present when a family member, other caregiver, or friend was mugged?","0, No | 1, Yes | 2, Unsure",,,,,,,,,,,,
tesi_78_parentproxy_child_1,tesi,,text,"Who was mugged? (If not your child indicate the person's relationship to your child.) ",,,,,,,"[tesi_77_parentproxy_child_1] = '1'",,,,,,
tesi_79_parentproxy_child_1,tesi,,radio,"Was a weapon used?","0, No | 1, Yes | 2, Unsure",,,,,,"[tesi_77_parentproxy_child_1] = '1'",,,,,,
tesi_80_parentproxy_child_1,tesi,,text,"(Type of weapon)",,,,,,,"[tesi_79_parentproxy_child_1] = '1'",,,,,,
tesi_81_parentproxy_child_1,tesi,,text,"How old was your child the first time they experienced this?",,Years,number,,,,"[tesi_77_parentproxy_child_1] = '1'",,,,,,
tesi_81_a_parentproxy_child_1,tesi,,text,,,"and months",number,,,,"[tesi_77_parentproxy_child_1] = '1'",,,,,,
tesi_82_parentproxy_child_1,tesi,,text,"How old was your child the last time they experienced this?",,Years,number,,,,"[tesi_77_parentproxy_child_1] = '1'",,,,,,
tesi_82_a_parentproxy_child_1,tesi,,text,,,"and months",number,,,,"[tesi_77_parentproxy_child_1] = '1'",,,,,,
tesi_83_parentproxy_child_1,tesi,,text,"How old was your child the most stressful time they experienced this?",,Years,number,,,,"[tesi_77_parentproxy_child_1] = '1'",,,,,,
tesi_83_a_parentproxy_child_1,tesi,,text,,,"and months",number,,,,"[tesi_77_parentproxy_child_1] = '1'",,,,,,
tesi_84_parentproxy_child_1,tesi,,radio,"Was your child strongly affected by one or more of these experiences?","0, No | 1, Yes | 2, Unsure",,,,,,"[tesi_77_parentproxy_child_1] = '1'",,,,,,
tesi_85_parentproxy_child_1,tesi,,radio,"Has anyone ever kidnapped your child? (including a parent or relative) Or has anyone ever kidnapped someone close to your child?","0, No | 1, Yes | 2, Unsure",,,,,,,,,,,,
tesi_86_parentproxy_child_1,tesi,,text,"Who was kidnapped? (If not your child indicate the person's relationship to your child.) ",,,,,,,"[tesi_85_parentproxy_child_1] = '1'",,,,,,
tesi_87_parentproxy_child_1,tesi,,text,"What was the kidnapper's relationship to your child?",,,,,,,"[tesi_85_parentproxy_child_1] = '1'",,,,,,
tesi_88_parentproxy_child_1,tesi,,text,"How old was your child the first time they experienced this?",,Years,number,,,,"[tesi_85_parentproxy_child_1] = '1'",,,,,,
tesi_88_a_parentproxy_child_1,tesi,,text,,,"and months",number,,,,"[tesi_85_parentproxy_child_1] = '1'",,,,,,
tesi_89_parentproxy_child_1,tesi,,text,"How old was your child the last time they experienced this?",,Years,number,,,,"[tesi_85_parentproxy_child_1] = '1'",,,,,,
tesi_89_a_parentproxy_child_1,tesi,,text,,,"and months",number,,,,"[tesi_85_parentproxy_child_1] = '1'",,,,,,
tesi_90_parentproxy_child_1,tesi,,text,"How old was your child the most stressful time they experienced this?",,Years,number,,,,"[tesi_85_parentproxy_child_1] = '1'",,,,,,
tesi_90_a_parentproxy_child_1,tesi,,text,,,"and months",number,,,,"[tesi_85_parentproxy_child_1] = '1'",,,,,,
tesi_91_parentproxy_child_1,tesi,,radio,"Was your child strongly affected by one or more of these experiences?","0, No | 1, Yes | 2, Unsure",,,,,,"[tesi_85_parentproxy_child_1] = '1'",,,,,,
tesi_92_parentproxy_child_1,tesi,,radio,"Has your child ever been attacked by a dog or other animal?","0, No | 1, Yes | 2, Unsure",,,,,,,,,,,,
tesi_93_parentproxy_child_1,tesi,,text,"How old was your child the first time they experienced this?",,Years,number,,,,"[tesi_92_parentproxy_child_1] = '1'",,,,,,
tesi_93_a_parentproxy_child_1,tesi,,text,,,"and months",number,,,,"[tesi_92_parentproxy_child_1] = '1'",,,,,,
tesi_94_parentproxy_child_1,tesi,,text,"How old was your child the last time they experienced this?",,Years,number,,,,"[tesi_92_parentproxy_child_1] = '1'",,,,,,
tesi_94_a_parentproxy_child_1,tesi,,text,,,"and months",number,,,,"[tesi_92_parentproxy_child_1] = '1'",,,,,,
tesi_95_parentproxy_child_1,tesi,,text,"How old was your child the most stressful time they experienced this?",,Years,number,,,,"[tesi_92_parentproxy_child_1] = '1'",,,,,,
tesi_95_a_parentproxy_child_1,tesi,,text,,,"and months",number,,,,"[tesi_92_parentproxy_child_1] = '1'",,,,,,
tesi_96_parentproxy_child_1,tesi,,radio,"Was your child seriously physically hurt as a result of the attack?","0, No | 1, Yes | 2, Unsure",,,,,,"[tesi_92_parentproxy_child_1] = '1'",,,,,,
tesi_97_parentproxy_child_1,tesi,,radio,"Was your child strongly affected by one or more of these experiences?","0, No | 1, Yes | 2, Unsure",,,,,,"[tesi_92_parentproxy_child_1] = '1'",,,,,,
tesi_98_parentproxy_child_1,tesi,,radio,"Has your child ever seen, heard, or heard about people in your family physically fighting, hitting, slapping, kicking, or pushing each other. Or shooting with a gun or stabbing, or using any other kind of dangerous weapon?","0, No | 1, Yes | 2, Unsure",,,,,,,,,,,,
tesi_99_parentproxy_child_1,tesi,,text,"What were these people's relationships to your child?",,,,,,,"[tesi_98_parentproxy_child_1] = '1'",,,,,,
tesi_100_parentproxy_child_1,tesi,,radio,"Was a weapon used?","0, No | 1, Yes | 2, Unsure",,,,,,"[tesi_98_parentproxy_child_1] = '1'",,,,,,
tesi_101_parentproxy_child_1,tesi,,text,"(Type of weapon)",,,,,,,"[tesi_100_parentproxy_child_1] = '1'",,,,,,
tesi_102_parentproxy_child_1,tesi,,text,"How old was your child the first time they experienced this?",,Years,number,,,,"[tesi_98_parentproxy_child_1] = '1'",,,,,,
tesi_102_a_parentproxy_child_1,tesi,,text,,,"and months",number,,,,"[tesi_98_parentproxy_child_1] = '1'",,,,,,
tesi_103_parentproxy_child_1,tesi,,text,"How old was your child the last time they experienced this?",,Years,number,,,,"[tesi_98_parentproxy_child_1] = '1'",,,,,,
tesi_103_a_parentproxy_child_1,tesi,,text,,,"and months",number,,,,"[tesi_98_parentproxy_child_1] = '1'",,,,,,
tesi_104_parentproxy_child_1,tesi,,text,"How old was your child the most stressful time they experienced this?",,Years,number,,,,"[tesi_98_parentproxy_child_1] = '1'",,,,,,
tesi_104_a_parentproxy_child_1,tesi,,text,,,"and months",number,,,,"[tesi_98_parentproxy_child_1] = '1'",,,,,,
tesi_105_parentproxy_child_1,tesi,,radio,"Did your child see what happened?","0, No | 1, Yes | 2, Unsure",,,,,,"[tesi_98_parentproxy_child_1] = '1'",,,,,,
tesi_106_parentproxy_child_1,tesi,,radio,"Was your child strongly affected by one or more of these experiences?","0, No | 1, Yes | 2, Unsure",,,,,,"[tesi_98_parentproxy_child_1] = '1'",,,,,,
tesi_107_parentproxy_child_1,tesi,,radio,"3.2 Has your child ever seen or heard people in your family threaten to seriously harm each other?","0, No | 1, Yes | 2, Unsure",,,,,,,,,,,,
tesi_108_parentproxy_child_1,tesi,,text,"What were these people's relationships to your child?",,,,,,,"[tesi_107_parentproxy_child_1] = '1'",,,,,,
tesi_109_parentproxy_child_1,tesi,,radio,"Did they threaten to use a weapon?","0, No | 1, Yes | 2, Unsure",,,,,,"[tesi_107_parentproxy_child_1] = '1'",,,,,,
tesi_110_parentproxy_child_1,tesi,,text,"Type of weapon",,,,,,,"[tesi_109_parentproxy_child_1] = '1'",,,,,,
tesi_111_parentproxy_child_1,tesi,,text,"How old was your child the first time they experienced this?",,Years,number,,,,"[tesi_107_parentproxy_child_1] = '1'",,,,,,
tesi_111_a_parentproxy_child_1,tesi,,text,,,"and months",number,,,,"[tesi_107_parentproxy_child_1] = '1'",,,,,,
tesi_112_parentproxy_child_1,tesi,,text,"How old was your child the last time they experienced this?",,Years,number,,,,"[tesi_107_parentproxy_child_1] = '1'",,,,,,
tesi_112_a_parentproxy_child_1,tesi,,text,,,"and months",number,,,,"[tesi_107_parentproxy_child_1] = '1'",,,,,,
tesi_113_parentproxy_child_1,tesi,,text,"How old was your child the most stressful time they experienced this?",,Years,number,,,,"[tesi_107_parentproxy_child_1] = '1'",,,,,,
tesi_113_a_parentproxy_child_1,tesi,,text,,,"and months",number,,,,"[tesi_107_parentproxy_child_1] = '1'",,,,,,
tesi_114_parentproxy_child_1,tesi,,radio,"Was your child present when the threat was made?","0, No | 1, Yes | 2, Unsure",,,,,,"[tesi_107_parentproxy_child_1] = '1'",,,,,,
tesi_115_parentproxy_child_1,tesi,,radio,"Was your child strongly affected by one or more of these experiences?","0, No | 1, Yes | 2, Unsure",,,,,,"[tesi_107_parentproxy_child_1] = '1'",,,,,,
tesi_116_parentproxy_child_1,tesi,,radio,"3.3 Has your child ever known or seen that a family member was arrested, jailed, imprisoned, or taken away (like by police, soldiers, or other authorities)?","0, No | 1, Yes | 2, Unsure",,,,,,,,,,,,
tesi_117_parentproxy_child_1,tesi,,text,"What was this person's relationship to your child?",,,,,,,"[tesi_116_parentproxy_child_1] = '1'",,,,,,
tesi_118_parentproxy_child_1,tesi,,text,"How old was your child the first time they experienced this?",,Years,number,,,,"[tesi_116_parentproxy_child_1] = '1'",,,,,,
tesi_118_a_parentproxy_child_1,tesi,,text,,,"and months",number,,,,"[tesi_116_parentproxy_child_1] = '1'",,,,,,
tesi_119_parentproxy_child_1,tesi,,text,"How old was your child the last time they experienced this?",,Years,number,,,,"[tesi_116_parentproxy_child_1] = '1'",,,,,,
tesi_119_a_parentproxy_child_1,tesi,,text,,,"and months",number,,,,"[tesi_116_parentproxy_child_1] = '1'",,,,,,
tesi_120_parentproxy_child_1,tesi,,text,"How old was your child the most stressful time they experienced this?",,Years,number,,,,"[tesi_116_parentproxy_child_1] = '1'",,,,,,
tesi_120_a_parentproxy_child_1,tesi,,text,,,"and months",number,,,,"[tesi_116_parentproxy_child_1] = '1'",,,,,,
tesi_121_parentproxy_child_1,tesi,,radio,"Was your child there when the police came?","0, No | 1, Yes | 2, Unsure",,,,,,"[tesi_116_parentproxy_child_1] = '1'",,,,,,
tesi_122_parentproxy_child_1,tesi,,radio,"Was your child strongly affected by one or more of these experiences?","0, No | 1, Yes | 2, Unsure",,,,,,"[tesi_116_parentproxy_child_1] = '1'",,,,,,
tesi_123_parentproxy_child_1,tesi,,radio,"Has your child ever seen or heard people OUTSIDE THEIR FAMILY fighting, hitting, pushing, or attacking each other? Or seen or heard about violence such as beatings, shootings, or muggings that occurred in settings that are important to your child, such as school, your neighborhood, or the neighborhood of someone important to your child?","0, No | 1, Yes | 2, Unsure",,,,,,,,,,,,
tesi_124_parentproxy_child_1,tesi,,text,"What were these people's relationships to your child?",,,,,,,"[tesi_123_parentproxy_child_1] = '1'",,,,,,
tesi_125_parentproxy_child_1,tesi,,radio,"Was a weapon used?","0, No | 1, Yes | 2, Unsure",,,,,,"[tesi_123_parentproxy_child_1] = '1'",,,,,,
tesi_126_parentproxy_child_1,tesi,,text,"Type of weapon",,,,,,,"[tesi_125_parentproxy_child_1] = '1'",,,,,,
tesi_127_parentproxy_child_1,tesi,,text,"Where did this happen?",,,,,,,"[tesi_123_parentproxy_child_1] = '1'",,,,,,
tesi_128_parentproxy_child_1,tesi,,text,"How old was your child the first time they experienced this?",,Years,number,,,,"[tesi_123_parentproxy_child_1] = '1'",,,,,,
tesi_128_a_parentproxy_child_1,tesi,,text,,,"and months",number,,,,"[tesi_123_parentproxy_child_1] = '1'",,,,,,
tesi_129_parentproxy_child_1,tesi,,text,"How old was your child the last time they experienced this?",,Years,number,,,,"[tesi_123_parentproxy_child_1] = '1'",,,,,,
tesi_129_a_parentproxy_child_1,tesi,,text,,,"and months",number,,,,"[tesi_123_parentproxy_child_1] = '1'",,,,,,
tesi_130_parentproxy_child_1,tesi,,text,"How old was your child the most stressful time they experienced this?",,Years,number,,,,"[tesi_123_parentproxy_child_1] = '1'",,,,,,
tesi_130_a_parentproxy_child_1,tesi,,text,,,"and months",number,,,,"[tesi_123_parentproxy_child_1] = '1'",,,,,,
tesi_131_parentproxy_child_1,tesi,,radio,"Did your child see what happened?","0, No | 1, Yes | 2, Unsure",,,,,,"[tesi_123_parentproxy_child_1] = '1'",,,,,,
tesi_132_parentproxy_child_1,tesi,,radio,"Was your child strongly affected by one or more of these experiences?","0, No | 1, Yes | 2, Unsure",,,,,,"[tesi_123_parentproxy_child_1] = '1'",,,,,,
tesi_133_parentproxy_child_1,tesi,,radio,"Has your child ever been directly exposed to war, armed conflict, or terrorism?","0, No | 1, Yes | 2, Unsure",,,,,,,,,,,,
tesi_134_parentproxy_child_1,tesi,,text,"How old was your child the first time they experienced this?",,Years,number,,,,"[tesi_133_parentproxy_child_1] = '1'",,,,,,
tesi_134_a_parentproxy_child_1,tesi,,text,,,"and months",number,,,,"[tesi_133_parentproxy_child_1] = '1'",,,,,,
tesi_135_parentproxy_child_1,tesi,,text,"How old was your child the last time they experienced this?",,Years,number,,,,"[tesi_133_parentproxy_child_1] = '1'",,,,,,
tesi_135_a_parentproxy_child_1,tesi,,text,,,"and months",number,,,,"[tesi_133_parentproxy_child_1] = '1'",,,,,,
tesi_136_parentproxy_child_1,tesi,,text,"How old was your child the most stressful time they experienced this?",,Years,number,,,,"[tesi_133_parentproxy_child_1] = '1'",,,,,,
tesi_136_a_parentproxy_child_1,tesi,,text,,,"and months",number,,,,"[tesi_133_parentproxy_child_1] = '1'",,,,,,
tesi_137_parentproxy_child_1,tesi,,radio,"Was your child strongly affected by one or more of these experiences?","0, No | 1, Yes | 2, Unsure",,,,,,"[tesi_133_parentproxy_child_1] = '1'",,,,,,
tesi_138_parentproxy_child_1,tesi,,radio,"Has your child ever seen or heard acts of war or terrorism on the television or radio?","0, No | 1, Yes | 2, Unsure",,,,,,,,,,,,
tesi_139_parentproxy_child_1,tesi,,text,"How old was your child the first time they experienced this?",,Years,number,,,,"[tesi_138_parentproxy_child_1] = '1'",,,,,,
tesi_139_a_parentproxy_child_1,tesi,,text,,,"and months",number,,,,"[tesi_138_parentproxy_child_1] = '1'",,,,,,
tesi_140_parentproxy_child_1,tesi,,text,"How old was your child the last time they experienced this?",,Years,number,,,,"[tesi_138_parentproxy_child_1] = '1'",,,,,,
tesi_140_a_parentproxy_child_1,tesi,,text,,,"and months",number,,,,"[tesi_138_parentproxy_child_1] = '1'",,,,,,
tesi_141_parentproxy_child_1,tesi,,text,"How old was your child the most stressful time they experienced this?",,Years,number,,,,"[tesi_138_parentproxy_child_1] = '1'",,,,,,
tesi_141_a_parentproxy_child_1,tesi,,text,,,"and months",number,,,,"[tesi_138_parentproxy_child_1] = '1'",,,,,,
tesi_142_parentproxy_child_1,tesi,,radio,"Was your child strongly affected by one or more of these experiences?","0, No | 1, Yes | 2, Unsure",,,,,,"[tesi_138_parentproxy_child_1] = '1'",,,,,,
tesi_143_parentproxy_child_1,tesi,,radio,"Has someone ever made your child see or do something sexual (like touching in a sexual way, exposing self or masturbating in front of the child, engaging in sexual intercourse)?","0, No | 1, Yes | 2, Unsure",,,,,,,,,,,,
tesi_144_parentproxy_child_1,tesi,,text,"What was this person's relationship to your child?",,,,,,,"[tesi_143_parentproxy_child_1] = '1'",,,,,,
tesi_145_parentproxy_child_1,tesi,,radio,"Was physical violence used?","0, No | 1, Yes | 2, Unsure",,,,,,"[tesi_143_parentproxy_child_1] = '1'",,,,,,
tesi_146_parentproxy_child_1,tesi,,radio,"Was a weapon used?","0, No | 1, Yes | 2, Unsure",,,,,,"[tesi_143_parentproxy_child_1] = '1'",,,,,,
tesi_147_parentproxy_child_1,tesi,,text,"Type of weapon",,,,,,,"[tesi_146_parentproxy_child_1] = '1'",,,,,,
tesi_148_parentproxy_child_1,tesi,,text,"How old was your child the first time they experienced this?",,Years,number,,,,"[tesi_143_parentproxy_child_1] = '1'",,,,,,
tesi_148_a_parentproxy_child_1,tesi,,text,,,"and months",number,,,,"[tesi_143_parentproxy_child_1] = '1'",,,,,,
tesi_149_parentproxy_child_1,tesi,,text,"How old was your child the last time they experienced this?",,Years,number,,,,"[tesi_143_parentproxy_child_1] = '1'",,,,,,
tesi_149_a_parentproxy_child_1,tesi,,text,,,"and months",number,,,,"[tesi_143_parentproxy_child_1] = '1'",,,,,,
tesi_150_parentproxy_child_1,tesi,,text,"How old was your child the most stressful time they experienced this?",,Years,number,,,,"[tesi_143_parentproxy_child_1] = '1'",,,,,,
tesi_150_a_parentproxy_child_1,tesi,,text,,,"and months",number,,,,"[tesi_143_parentproxy_child_1] = '1'",,,,,,
tesi_151_parentproxy_child_1,tesi,,radio,"Was your child strongly affected by one or more of these experiences?","0, No | 1, Yes | 2, Unsure",,,,,,"[tesi_143_parentproxy_child_1] = '1'",,,,,,
tesi_152_parentproxy_child_1,tesi,,radio,"Has your child ever been present when someone was being forced to engage in any sort of sexual activity?","0, No | 1, Yes | 2, Unsure",,,,,,,,,,,,
tesi_153_parentproxy_child_1,tesi,,text,"What was the victim's relationship to your child?",,,,,,,"[tesi_152_parentproxy_child_1] = '1'",,,,,,
tesi_154_parentproxy_child_1,tesi,,text,"What was the aggressor's relationship to your child?",,,,,,,"[tesi_152_parentproxy_child_1] = '1'",,,,,,
tesi_155_parentproxy_child_1,tesi,,radio,"Was physical violence used?","0, No | 1, Yes | 2, Unsure",,,,,,"[tesi_152_parentproxy_child_1] = '1'",,,,,,
tesi_156_parentproxy_child_1,tesi,,radio,"Was a weapon used?","0, No | 1, Yes | 2, Unsure",,,,,,"[tesi_152_parentproxy_child_1] = '1'",,,,,,
tesi_157_parentproxy_child_1,tesi,,text,"Type of weapon",,,,,,,"[tesi_156_parentproxy_child_1] = '1'",,,,,,
tesi_158_parentproxy_child_1,tesi,,text,"How old was your child the first time they experienced this?",,Years,number,,,,"[tesi_152_parentproxy_child_1] = '1'",,,,,,
tesi_158_a_parentproxy_child_1,tesi,,text,,,"and months ",number,,,,"[tesi_152_parentproxy_child_1] = '1'",,,,,,
tesi_159_parentproxy_child_1,tesi,,text,"How old was your child the last time they experienced this?",,Years,number,,,,"[tesi_152_parentproxy_child_1] = '1'",,,,,,
tesi_159_a_parentproxy_child_1,tesi,,text,,,"and months",number,,,,"[tesi_152_parentproxy_child_1] = '1'",,,,,,
tesi_160_parentproxy_child_1,tesi,,text,"How old was your child the most stressful time they experienced this?",,Years,number,,,,"[tesi_152_parentproxy_child_1] = '1'",,,,,,
tesi_160_a_parentproxy_child_1,tesi,,text,,,"and months",number,,,,"[tesi_152_parentproxy_child_1] = '1'",,,,,,
tesi_161_parentproxy_child_1,tesi,,radio,"Was your child strongly affected by one or more of these experiences?","0, No | 1, Yes | 2, Unsure",,,,,,"[tesi_152_parentproxy_child_1] = '1'",,,,,,
tesi_162_parentproxy_child_1,tesi,,radio,"Has your child ever repeatedly been told s/he was no good, yelled at in a scary way, or had someone threaten to abandon, leave or send him/her away?","0, No | 1, Yes | 2, Unsure",,,,,,,,,,,,
tesi_163_parentproxy_child_1,tesi,,text,"What was this person's relationship to your child?",,,,,,,"[tesi_162_parentproxy_child_1] = '1'",,,,,,
tesi_164_parentproxy_child_1,tesi,,text,"How old was your child the first time they experienced this?",,Years,number,,,,"[tesi_162_parentproxy_child_1] = '1'",,,,,,
tesi_164_a_parentproxy_child_1,tesi,,text,,,"and months",number,,,,"[tesi_162_parentproxy_child_1] = '1'",,,,,,
tesi_165_parentproxy_child_1,tesi,,text,"How old was your child the last time they experienced this?",,Years,number,,,,"[tesi_162_parentproxy_child_1] = '1'",,,,,,
tesi_165_a_parentproxy_child_1,tesi,,text,,,"and months",number,,,,"[tesi_162_parentproxy_child_1] = '1'",,,,,,
tesi_166_parentproxy_child_1,tesi,,text,"How old was your child the most stressful time they experienced this?",,Years,number,,,,"[tesi_162_parentproxy_child_1] = '1'",,,,,,
tesi_166_a_parentproxy_child_1,tesi,,text,,,"and months",number,,,,"[tesi_162_parentproxy_child_1] = '1'",,,,,,
tesi_167_parentproxy_child_1,tesi,,radio,"Was your child strongly affected by one or more of these experiences?","0, No | 1, Yes | 2, Unsure",,,,,,"[tesi_162_parentproxy_child_1] = '1'",,,,,,
tesi_168_parentproxy_child_1,tesi,,radio,"Has your child ever gone through a period when s/he lacked appropriate care (like not having enough to eat or drink, lacking shelter, being left alone when they were too young to care for herself/himself, or being left with a caregiver who was abusing drugs)?","0, No | 1, Yes | 2, Unsure",,,,,,,,,,,,
tesi_169_parentproxy_child_1,tesi,,text,"How old was your child the first time they experienced this?",,Years,number,,,,"[tesi_168_parentproxy_child_1] = '1'",,,,,,
tesi_169_a_parentproxy_child_1,tesi,,text,,,"and months",number,,,,"[tesi_168_parentproxy_child_1] = '1'",,,,,,
tesi_170_parentproxy_child_1,tesi,,text,"How old was your child the last time they experienced this?",,Years,number,,,,"[tesi_168_parentproxy_child_1] = '1'",,,,,,
tesi_170_a_parentproxy_child_1,tesi,,text,,,"and months",number,,,,"[tesi_168_parentproxy_child_1] = '1'",,,,,,
tesi_171_parentproxy_child_1,tesi,,text,"How old was your child the most stressful time they experienced this?",,Years,number,,,,"[tesi_168_parentproxy_child_1] = '1'",,,,,,
tesi_171_a_parentproxy_child_1,tesi,,text,,,"and months",number,,,,"[tesi_168_parentproxy_child_1] = '1'",,,,,,
tesi_172_parentproxy_child_1,tesi,,radio,"Was your child strongly affected by one or more of these experiences?","0, No | 1, Yes | 2, Unsure",,,,,,"[tesi_168_parentproxy_child_1] = '1'",,,,,,
tesi_173_parentproxy_child_1,tesi,,radio,"Have there been other stressful things that have happened to your child?","0, No | 1, Yes | 2, Unsure",,,,,,,,,,,,
tesi_174_parentproxy_child_1,tesi,,notes,"Briefly describe these things:",,,,,,,"[tesi_173_parentproxy_child_1] = '1'",,,,,,
tesi_175_parentproxy_child_1,tesi,,text,"How old was your child the first time they experienced this?",,Years,number,,,,"[tesi_173_parentproxy_child_1] = '1'",,,,,,
tesi_175_a_parentproxy_child_1,tesi,,text,,,"and months",number,,,,"[tesi_173_parentproxy_child_1] = '1'",,,,,,
tesi_176_parentproxy_child_1,tesi,,text,"How old was your child the last time they experienced this?",,Years,number,,,,"[tesi_173_parentproxy_child_1] = '1'",,,,,,
tesi_176_a_parentproxy_child_1,tesi,,text,,,"and months",number,,,,"[tesi_173_parentproxy_child_1] = '1'",,,,,,
tesi_177_parentproxy_child_1,tesi,,text,"How old was your child the most stressful time they experienced this?",,Years,number,,,,"[tesi_173_parentproxy_child_1] = '1'",,,,,,
tesi_177_a_parentproxy_child_1,tesi,,text,,,"and months",number,,,,"[tesi_173_parentproxy_child_1] = '1'",,,,,,
tesi_178_parentproxy_child_1,tesi,,radio,"Was your child strongly affected by one or more of these experiences?","0, No | 1, Yes | 2, Unsure",,,,,,"[tesi_173_parentproxy_child_1] = '1'",,,,,,
