﻿"Variable / Field Name","Form Name","Section Header","Field Type","Field Label","Choices, Calculations, OR Slider Labels","Field Note","Text Validation Type OR Show Slider Number","Text Validation Min","Text Validation Max",Identifier?,"Branching Logic (Show field only if...)","Required Field?","Custom Alignment","Question Number (surveys only)","Matrix Group Name","Matrix Ranking?","Field Annotation"
soi_instructions,soi,,descriptive,"Por favor lea cada artículo cuidadosamente y conteste las siguientes preguntas al respecto.",,,,,,,,,,,,,
soi_1_parentproxy_child_1,soi,"NIÑ@ 1",radio,"Yo le advierto a mi hij@ sobre COVID-19","1, Casi Nunca o Nunca es Verdad | 2, No muy a Menudo Verdad | 3, A Veces Es Verdad | 4, A Menudo Verdad | 5, Casi Siempre o Siempre es Verdad",,,,,,,,,,soi_parentproxy_matrix_1_child_1,,
soi_2_parentproxy_child_1,soi,,radio,"Mi hij@ escucha cosas espantosas sobre COVID-19 cuando está mirando la televisión","1, Casi Nunca o Nunca es Verdad | 2, No muy a Menudo Verdad | 3, A Veces Es Verdad | 4, A Menudo Verdad | 5, Casi Siempre o Siempre es Verdad",,,,,,,,,,soi_parentproxy_matrix_1_child_1,,
soi_3_parentproxy_child_1,soi,,radio,"Cuando mi hij@ estaba en la escuela, veía carteles colgados sobre cómo prevenir la contaminación de COVID-19","1, Casi Nunca o Nunca es Verdad | 2, No muy a Menudo Verdad | 3, A Veces Es Verdad | 4, A Menudo Verdad | 5, Casi Siempre o Siempre es Verdad",,,,,,,,,,soi_parentproxy_matrix_1_child_1,,
soi_4_parentproxy_child_1,soi,,radio,"Mi hij@ conoce a alguien que esté infectado con COVID-19","1, Casi Nunca o Nunca es Verdad | 2, No muy a Menudo Verdad | 3, A Veces Es Verdad | 4, A Menudo Verdad | 5, Casi Siempre o Siempre es Verdad",,,,,,,,,,soi_parentproxy_matrix_1_child_1,,
soi_5_parentproxy_child_1,soi,,radio,"Yo le explico a mi hij@ sobre los peligros de COVID-19","1, Casi Nunca o Nunca es Verdad | 2, No muy a Menudo Verdad | 3, A Veces Es Verdad | 4, A Menudo Verdad | 5, Casi Siempre o Siempre es Verdad",,,,,,,,,,soi_parentproxy_matrix_1_child_1,,
soi_6_parentproxy_child_1,soi,,radio,"Mi hij@ recibe boletines informativos o correos electrónicos de la escuela sobre COVID-19","1, Casi Nunca o Nunca es Verdad | 2, No muy a Menudo Verdad | 3, A Veces Es Verdad | 4, A Menudo Verdad | 5, Casi Siempre o Siempre es Verdad",,,,,,,,,,soi_parentproxy_matrix_1_child_1,,
soi_7_parentproxy_child_1,soi,,radio,"Los amigos de mi hij@ le hablan sobre los peligros de COVID-19","1, Casi Nunca o Nunca es Verdad | 2, No muy a Menudo Verdad | 3, A Veces Es Verdad | 4, A Menudo Verdad | 5, Casi Siempre o Siempre es Verdad",,,,,,,,,,soi_parentproxy_matrix_1_child_1,,
soi_8_parentproxy_child_1,soi,,radio,"Mi hij@ ve advertencias sobre COVID-19 en las redes sociales","1, Casi Nunca o Nunca es Verdad | 2, No muy a Menudo Verdad | 3, A Veces Es Verdad | 4, A Menudo Verdad | 5, Casi Siempre o Siempre es Verdad",,,,,,,,,,soi_parentproxy_matrix_1_child_1,,
soi_9_parentproxy_child_1,soi,,radio,"Mi hij@ se entera de cómo prevenir la contaminación de COVID-19 por mi parte","1, Casi Nunca o Nunca es Verdad | 2, No muy a Menudo Verdad | 3, A Veces Es Verdad | 4, A Menudo Verdad | 5, Casi Siempre o Siempre es Verdad",,,,,,,,,,soi_parentproxy_matrix_1_child_1,,
soi_parentproxy_continue,soi,,radio,"¿Algunas de estas respuestas es diferente para sus otros hijos?

(Solo para los niños que estas completando el cuestionario)","1, Sí | 0, No",,,,,,"[parentself_number_children_study] = '2' or [parentself_number_children_study] = '3' or [parentself_number_children_study] = '4'",,,,,,
soi_parentproxy_continue_instructions,soi,,descriptive,"Por favor rellene las secciones que son diferentes para sus otros hijos (puede dejar las secciones que son las mismas entre los niños en blanco si lo desea).",,,,,,,"[soi_parentproxy_continue] = '1'",,,,,,
soi_1_parentproxy_child_2,soi,"NIÑ@ 2",radio,"Yo le advierto a mi hij@ sobre COVID-19","1, Casi Nunca o Nunca es Verdad | 2, No muy a Menudo Verdad | 3, A Veces Es Verdad | 4, A Menudo Verdad | 5, Casi Siempre o Siempre es Verdad",,,,,,"([parentself_number_children_study] = '2'  or [parentself_number_children_study] = '3'  or [parentself_number_children_study] = '4') and [soi_parentproxy_continue] = '1'",,,,soi_parentproxy_matrix_1_child_2,,
soi_2_parentproxy_child_2,soi,,radio,"Mi hij@ escucha cosas aterradoras sobre COVID-19 cuando está mirando la televisión","1, Casi Nunca o Nunca es Verdad | 2, No muy a Menudo Verdad | 3, A Veces Es Verdad | 4, A Menudo Verdad | 5, Casi Siempre o Siempre es Verdad",,,,,,"([parentself_number_children_study] = '2'  or [parentself_number_children_study] = '3'  or [parentself_number_children_study] = '4') and [soi_parentproxy_continue] = '1'",,,,soi_parentproxy_matrix_1_child_2,,
soi_3_parentproxy_child_2,soi,,radio,"Cuando mi hij@ estaba en la escuela, veía carteles colgados sobre cómo prevenir la contaminación de COVID-19","1, Casi Nunca o Nunca es Verdad | 2, No muy a Menudo Verdad | 3, A Veces Es Verdad | 4, A Menudo Verdad | 5, Casi Siempre o Siempre es Verdad",,,,,,"([parentself_number_children_study] = '2'  or [parentself_number_children_study] = '3'  or [parentself_number_children_study] = '4') and [soi_parentproxy_continue] = '1'",,,,soi_parentproxy_matrix_1_child_2,,
soi_4_parentproxy_child_2,soi,,radio,"Mi hij@ conoce a alguien que esté infectado con COVID-19","1, Casi Nunca o Nunca es Verdad | 2, No muy a Menudo Verdad | 3, A Veces Es Verdad | 4, A Menudo Verdad | 5, Casi Siempre o Siempre es Verdad",,,,,,"([parentself_number_children_study] = '2'  or [parentself_number_children_study] = '3'  or [parentself_number_children_study] = '4') and [soi_parentproxy_continue] = '1'",,,,soi_parentproxy_matrix_1_child_2,,
soi_5_parentproxy_child_2,soi,,radio,"Yo le explico a mi hij@ sobre los peligros de COVID-19","1, Casi Nunca o Nunca es Verdad | 2, No muy a Menudo Verdad | 3, A Veces Es Verdad | 4, A Menudo Verdad | 5, Casi Siempre o Siempre es Verdad",,,,,,"([parentself_number_children_study] = '2'  or [parentself_number_children_study] = '3'  or [parentself_number_children_study] = '4') and [soi_parentproxy_continue] = '1'",,,,soi_parentproxy_matrix_1_child_2,,
soi_6_parentproxy_child_2,soi,,radio,"Mi hij@ recibe boletines informativos o correos electrónicos de la escuela sobre COVID-19","1, Casi Nunca o Nunca es Verdad | 2, No muy a Menudo Verdad | 3, A Veces Es Verdad | 4, A Menudo Verdad | 5, Casi Siempre o Siempre es Verdad",,,,,,"([parentself_number_children_study] = '2'  or [parentself_number_children_study] = '3'  or [parentself_number_children_study] = '4') and [soi_parentproxy_continue] = '1'",,,,soi_parentproxy_matrix_1_child_2,,
soi_7_parentproxy_child_2,soi,,radio,"Los amigos de mi hij@ le hablan sobre los peligros de COVID-19","1, Casi Nunca o Nunca es Verdad | 2, No muy a Menudo Verdad | 3, A Veces Es Verdad | 4, A Menudo Verdad | 5, Casi Siempre o Siempre es Verdad",,,,,,"([parentself_number_children_study] = '2'  or [parentself_number_children_study] = '3'  or [parentself_number_children_study] = '4') and [soi_parentproxy_continue] = '1'",,,,soi_parentproxy_matrix_1_child_2,,
soi_8_parentproxy_child_2,soi,,radio,"Mi hij@ ve advertencias sobre COVID-19 en las redes sociales","1, Casi Nunca o Nunca es Verdad | 2, No muy a Menudo Verdad | 3, A Veces Es Verdad | 4, A Menudo Verdad | 5, Casi Siempre o Siempre es Verdad",,,,,,"([parentself_number_children_study] = '2'  or [parentself_number_children_study] = '3'  or [parentself_number_children_study] = '4') and [soi_parentproxy_continue] = '1'",,,,soi_parentproxy_matrix_1_child_2,,
soi_9_parentproxy_child_2,soi,,radio,"Mi hij@ se entera de cómo prevenir la contaminación de COVID-19 por mi parte","1, Casi Nunca o Nunca es Verdad | 2, No muy a Menudo Verdad | 3, A Veces Es Verdad | 4, A Menudo Verdad | 5, Casi Siempre o Siempre es Verdad",,,,,,"([parentself_number_children_study] = '2'  or [parentself_number_children_study] = '3'  or [parentself_number_children_study] = '4') and [soi_parentproxy_continue] = '1'",,,,soi_parentproxy_matrix_1_child_2,,
soi_1_parentproxy_child_3,soi,"NIÑ@ 3",radio,"Yo le advierto a mi hij@ sobre COVID-19","1, Casi Nunca o Nunca es Verdad | 2, No muy a Menudo Verdad | 3, A Veces Es Verdad | 4, A Menudo Verdad | 5, Casi Siempre o Siempre es Verdad",,,,,,"([parentself_number_children_study] = '3'  or [parentself_number_children_study] = '4') and [soi_parentproxy_continue] = '1'",,,,soi_parentproxy_matrix_1_child_3,,
soi_2_parentproxy_child_3,soi,,radio,"Mi hij@ escucha cosas aterradoras sobre COVID-19 cuando está mirando la televisión","1, Casi Nunca o Nunca es Verdad | 2, No muy a Menudo Verdad | 3, A Veces Es Verdad | 4, A Menudo Verdad | 5, Casi Siempre o Siempre es Verdad",,,,,,"([parentself_number_children_study] = '3'  or [parentself_number_children_study] = '4') and [soi_parentproxy_continue] = '1'",,,,soi_parentproxy_matrix_1_child_3,,
soi_3_parentproxy_child_3,soi,,radio,"Cuando mi hij@ estaba en la escuela, veía carteles colgados sobre cómo prevenir la contaminación de COVID-19","1, Casi Nunca o Nunca es Verdad | 2, No muy a Menudo Verdad | 3, A Veces Es Verdad | 4, A Menudo Verdad | 5, Casi Siempre o Siempre es Verdad",,,,,,"([parentself_number_children_study] = '3'  or [parentself_number_children_study] = '4') and [soi_parentproxy_continue] = '1'",,,,soi_parentproxy_matrix_1_child_3,,
soi_4_parentproxy_child_3,soi,,radio,"Mi hij@ conoce a alguien que esté infectado con COVID-19","1, Casi Nunca o Nunca es Verdad | 2, No muy a Menudo Verdad | 3, A Veces Es Verdad | 4, A Menudo Verdad | 5, Casi Siempre o Siempre es Verdad",,,,,,"([parentself_number_children_study] = '3'  or [parentself_number_children_study] = '4') and [soi_parentproxy_continue] = '1'",,,,soi_parentproxy_matrix_1_child_3,,
soi_5_parentproxy_child_3,soi,,radio,"Yo le explico a mi hij@ sobre los peligros de COVID-19","1, Casi Nunca o Nunca es Verdad | 2, No muy a Menudo Verdad | 3, A Veces Es Verdad | 4, A Menudo Verdad | 5, Casi Siempre o Siempre es Verdad",,,,,,"([parentself_number_children_study] = '3'  or [parentself_number_children_study] = '4') and [soi_parentproxy_continue] = '1'",,,,soi_parentproxy_matrix_1_child_3,,
soi_6_parentproxy_child_3,soi,,radio,"Mi hij@ recibe boletines informativos o correos electrónicos de la escuela sobre COVID-19","1, Casi Nunca o Nunca es Verdad | 2, No muy a Menudo Verdad | 3, A Veces Es Verdad | 4, A Menudo Verdad | 5, Casi Siempre o Siempre es Verdad",,,,,,"([parentself_number_children_study] = '3'  or [parentself_number_children_study] = '4') and [soi_parentproxy_continue] = '1'",,,,soi_parentproxy_matrix_1_child_3,,
soi_7_parentproxy_child_3,soi,,radio,"Los amigos de mi hij@ le hablan sobre los peligros de COVID-19","1, Casi Nunca o Nunca es Verdad | 2, No muy a Menudo Verdad | 3, A Veces Es Verdad | 4, A Menudo Verdad | 5, Casi Siempre o Siempre es Verdad",,,,,,"([parentself_number_children_study] = '3'  or [parentself_number_children_study] = '4') and [soi_parentproxy_continue] = '1'",,,,soi_parentproxy_matrix_1_child_3,,
soi_8_parentproxy_child_3,soi,,radio,"Mi hij@ ve advertencias sobre COVID-19 en las redes sociales","1, Casi Nunca o Nunca es Verdad | 2, No muy a Menudo Verdad | 3, A Veces Es Verdad | 4, A Menudo Verdad | 5, Casi Siempre o Siempre es Verdad",,,,,,"([parentself_number_children_study] = '3'  or [parentself_number_children_study] = '4') and [soi_parentproxy_continue] = '1'",,,,soi_parentproxy_matrix_1_child_3,,
soi_9_parentproxy_child_3,soi,,radio,"Mi hij@ se entera de cómo prevenir la contaminación de COVID-19 por mi parte","1, Casi Nunca o Nunca es Verdad | 2, No muy a Menudo Verdad | 3, A Veces Es Verdad | 4, A Menudo Verdad | 5, Casi Siempre o Siempre es Verdad",,,,,,"([parentself_number_children_study] = '3'  or [parentself_number_children_study] = '4') and [soi_parentproxy_continue] = '1'",,,,soi_parentproxy_matrix_1_child_3,,
soi_1_parentproxy_child_4,soi,"NIÑ@ 4",radio,"Yo le advierto a mi hij@ sobre COVID-19","1, Casi Nunca o Nunca es Verdad | 2, No muy a Menudo Verdad | 3, A Veces Es Verdad | 4, A Menudo Verdad | 5, Casi Siempre o Siempre es Verdad",,,,,,"([parentself_number_children_study] = '4') and [soi_parentproxy_continue] = '1'",,,,soi_parentproxy_matrix_1_child_4,,
soi_2_parentproxy_child_4,soi,,radio,"Mi hij@ escucha cosas aterradoras sobre COVID-19 cuando está mirando la televisión","1, Casi Nunca o Nunca es Verdad | 2, No muy a Menudo Verdad | 3, A Veces Es Verdad | 4, A Menudo Verdad | 5, Casi Siempre o Siempre es Verdad",,,,,,"([parentself_number_children_study] = '4') and [soi_parentproxy_continue] = '1'",,,,soi_parentproxy_matrix_1_child_4,,
soi_3_parentproxy_child_4,soi,,radio,"Cuando mi hij@ estaba en la escuela, veía carteles colgados sobre cómo prevenir la contaminación de COVID-19","1, Casi Nunca o Nunca es Verdad | 2, No muy a Menudo Verdad | 3, A Veces Es Verdad | 4, A Menudo Verdad | 5, Casi Siempre o Siempre es Verdad",,,,,,"([parentself_number_children_study] = '4') and [soi_parentproxy_continue] = '1'",,,,soi_parentproxy_matrix_1_child_4,,
soi_4_parentproxy_child_4,soi,,radio,"Mi hij@ conoce a alguien que esté infectado con COVID-19","1, Casi Nunca o Nunca es Verdad | 2, No muy a Menudo Verdad | 3, A Veces Es Verdad | 4, A Menudo Verdad | 5, Casi Siempre o Siempre es Verdad",,,,,,"([parentself_number_children_study] = '4') and [soi_parentproxy_continue] = '1'",,,,soi_parentproxy_matrix_1_child_4,,
soi_5_parentproxy_child_4,soi,,radio,"Yo le explico a mi hij@ sobre los peligros de COVID-19","1, Casi Nunca o Nunca es Verdad | 2, No muy a Menudo Verdad | 3, A Veces Es Verdad | 4, A Menudo Verdad | 5, Casi Siempre o Siempre es Verdad",,,,,,"([parentself_number_children_study] = '4') and [soi_parentproxy_continue] = '1'",,,,soi_parentproxy_matrix_1_child_4,,
soi_6_parentproxy_child_4,soi,,radio,"Mi hij@ recibe boletines informativos o correos electrónicos de la escuela sobre COVID-19","1, Casi Nunca o Nunca es Verdad | 2, No muy a Menudo Verdad | 3, A Veces Es Verdad | 4, A Menudo Verdad | 5, Casi Siempre o Siempre es Verdad",,,,,,"([parentself_number_children_study] = '4') and [soi_parentproxy_continue] = '1'",,,,soi_parentproxy_matrix_1_child_4,,
soi_7_parentproxy_child_4,soi,,radio,"Los amigos de mi hij@ le hablan sobre los peligros de COVID-19","1, Casi Nunca o Nunca es Verdad | 2, No muy a Menudo Verdad | 3, A Veces Es Verdad | 4, A Menudo Verdad | 5, Casi Siempre o Siempre es Verdad",,,,,,"([parentself_number_children_study] = '4') and [soi_parentproxy_continue] = '1'",,,,soi_parentproxy_matrix_1_child_4,,
soi_8_parentproxy_child_4,soi,,radio,"Mi hij@ ve advertencias sobre COVID-19 en las redes sociales","1, Casi Nunca o Nunca es Verdad | 2, No muy a Menudo Verdad | 3, A Veces Es Verdad | 4, A Menudo Verdad | 5, Casi Siempre o Siempre es Verdad",,,,,,"([parentself_number_children_study] = '4') and [soi_parentproxy_continue] = '1'",,,,soi_parentproxy_matrix_1_child_4,,
soi_9_parentproxy_child_4,soi,,radio,"Mi hij@ se entera de cómo prevenir la contaminación de COVID-19 por mi parte","1, Casi Nunca o Nunca es Verdad | 2, No muy a Menudo Verdad | 3, A Veces Es Verdad | 4, A Menudo Verdad | 5, Casi Siempre o Siempre es Verdad",,,,,,"([parentself_number_children_study] = '4') and [soi_parentproxy_continue] = '1'",,,,soi_parentproxy_matrix_1_child_4,,
