﻿"Variable / Field Name","Form Name","Section Header","Field Type","Field Label","Choices, Calculations, OR Slider Labels","Field Note","Text Validation Type OR Show Slider Number","Text Validation Min","Text Validation Max",Identifier?,"Branching Logic (Show field only if...)","Required Field?","Custom Alignment","Question Number (surveys only)","Matrix Group Name","Matrix Ranking?","Field Annotation"
covid_objective_1_parentself,covid_objective_e11f,,checkbox,"In the PAST TWO WEEKS have you had any of the following symptoms? (Please check all that apply.)","1, Fever | 2, Dry Cough | 3, Fatigue | 4, Shortness of Breath | 5, Headache | 6, Muscle or Joint Pain | 7, Sore Throat | 8, Diarrhea | 9, Nausea or Vomiting | 10, Chills | 11, Nasal Congestion | 12, Wet/Productive Cough (mucus from lungs) | 13, Loss of smell or taste | 14, Other",,,,,,,,,,,,
covid_objective_1_other_parentself,covid_objective_e11f,,text,"Other (please describe):",,,,,,,"[covid_objective_1_parentself(14)] = '1'",,,,,,
covid_objective_2_parentself,covid_objective_e11f,,dropdown,"Have you ever been tested for COVID-19 by a medical doctor?","1, Yes, I was tested for COVID-19 and am waiting for the results. | 2, Yes, I was tested for COVID-19 and the results were positive. | 3, Yes, I was tested for COVID-19 and the results were negative. | 4, Yes, I was tested for COVID-19, but I do not want to share the results. | 5, No, I was not tested for COVID-19, but I was given a medical diagnosis of COVID-19  (they assume I have COVID-19) | 6, No, I was not tested for COVID-19, because I could not get a test. | 7, No, I have not tried to get a test.",,,,,,,,,,,,
covid_objective_3_parentself,covid_objective_e11f,,yesno,"Have you or anyone in your household ever been quarantined at home by a medical professional (doctor or nurse) due to you or a family member possibly having COVID-19? 

(This is NOT the same as being ordered to shelter-in-place by a mayor or governor.)",,,,,,,,,,,,,
covid_objective_3_length_parentself,covid_objective_e11f,,text,"For how long?",,"In weeks",,,,,"[covid_objective_3_parentself] = ""1""",,,,,,
covid_objective_4_parentself,covid_objective_e11f,,yesno,"Have you ever been hospitalized due to COVID-19?
",,,,,,,,,,,,,
covid_objective_4_length_parentself,covid_objective_e11f,,text,"For how long?",,,,,,,"[covid_objective_4_parentself] = ""1""",,,,,,
covid_objective_5_parentproxy_child_1,covid_objective_e11f,,checkbox,"In the PAST TWO WEEKS has Child 1 had any of the following symptoms? 

(Please check all that apply.)","1, Fever | 2, Dry Cough | 3, Fatigue | 4, Shortness of Breath | 5, Headache | 6, Muscle or Joint Pain | 7, Sore Throat | 8, Diarrhea | 9, Nausea or Vomiting | 10, Chills | 11, Nasal Congestion | 12, Wet/Productive Cough (mucus from lungs) | 13, Loss of smell or taste | 14, Other",,,,,,,,,,,,
covid_objective_5_other_parentproxy_child_1,covid_objective_e11f,,text,"Other (please describe):",,,,,,,"[covid_objective_5_parentproxy_child_1(14)] = '1'",,,,,,
covid_objective_6_parentproxy_child_1,covid_objective_e11f,,dropdown,"Has Child 1 ever been tested for COVID-19 by a medical doctor?","1, Yes, my child was tested for COVID-19 and we are waiting for the results. | 2, Yes, my child was tested for COVID-19 and the results were positive. | 3, Yes, my child was tested for COVID-19 and the results were negative. | 4, Yes, my child was tested for COVID-19, but we do not want to share the results. | 5, No, my child was not tested for COVID-19, but my child was given a medical diagnosis of COVID-19 (they assume my child has COVID-19) | 6, No, my child was not tested for COVID-19, because my child could not get a test. | 7, No, my child has not tried to get a test.",,,,,,,,,,,,
covid_objective_7_parentproxy_child_1,covid_objective_e11f,,yesno,"Has Child 1 ever been hospitalized due to COVID-19?",,,,,,,,,,,,,
covid_objective_7_other_parentproxy_child_1,covid_objective_e11f,,text,"For how long?",,,,,,,"[covid_objective_7_parentproxy_child_1] = ""1""",,,,,,
covid_objective_8_parentself,covid_objective_e11f," ",yesno," Do you know anyone personally that has been diagnosed (either with a test or by a medical professional) with COVID-19?",,,,,,,,,,,,,
covid_objective_8_number_parentself,covid_objective_e11f,,text,"How many people?",,,,,,,"[covid_objective_8_parentself] = ""1""",,,,,,
covid_objective_8_relation_parentself,covid_objective_e11f,,notes,"What was your relationship to them? (e.g. teacher, grandmother, friend, neighbor)  ",,,,,,,"[covid_objective_8_parentself] = ""1""",,,,,,
covid_objective_8_household_parentself,covid_objective_e11f,,text,"How many of them live in your house?  ",,,,,,,"[covid_objective_8_parentself] = ""1""",,,,,,
covid_objective_9_parentself,covid_objective_e11f,,yesno," Do you know anyone personally that has been hospitalized due to COVID-19?",,,,,,,,,,,,,
covid_objective_9_number_parentself,covid_objective_e11f,,text,"How many people?  ",,,,,,,"[covid_objective_9_parentself] = ""1""",,,,,,
covid_objective_9_relation_parentself,covid_objective_e11f,,notes,"What was your relationship to them? 
(e.g. teacher, grandmother, friend, neighbor)  ",,,,,,,"[covid_objective_9_parentself] = ""1""",,,,,,
covid_objective_9_household_parentself,covid_objective_e11f,,text,"How many of them live in your house? ",,,,,,,"[covid_objective_9_parentself] = ""1""",,,,,,
covid_objective_10_parentself,covid_objective_e11f,,yesno,"Do you know anyone personally that has died because they had COVID-19?",,,,,,,,,,,,,
covid_objective_10_number_parentself,covid_objective_e11f,,text,"How many people?  ",,,,,,,"[covid_objective_10_parentself] = ""1""",,,,,,
covid_objective_10_relation_parentself,covid_objective_e11f,,text,"What was your relationship to them? 

(e.g. teacher, grandmother, friend, neighbor)  ",,,,,,,"[covid_objective_10_parentself] = ""1""",,,,,,
covid_objective_10_household_parentself,covid_objective_e11f,,text," How many of them live in your house?  ",,,,,,,"[covid_objective_10_parentself] = ""1""",,,,,,
covid_objective_11_parentself,covid_objective_e11f,,yesno,"Did your state issue a stay-at-home order?",,,,,,,,,,,,,
covid_objective_12_parentself,covid_objective_e11f,,dropdown,"How concerned do you feel about COVID-19?","1, Not at all concerned | 2, A little concerned | 3, Moderately concerned | 4, Very concerned | 5, Extremely concerned",,,,,,,,,,,,
covid_objective_13_parentself,covid_objective_e11f,,dropdown," In the PAST TWO WEEKS, how much have you followed the ""social distancing"" or ""shelter-in- place"" restrictions put in place in your community?  ","0, Never | 1, Once | 2, Twice (about once a week) | 3, Several times a week | 4, About once a day | 5, Multiple times a day | 6, Almost constantly",,,,,,,,,,,,
covid_objective_14_parentself,covid_objective_e11f,,yesno,"Have you made any changes to your daily lifestyle to reduce risk due to COVID-19?",,,,,,,,,,,,,
covid_objective_14_why_parentself,covid_objective_e11f,,checkbox,"Why are you making these changes? 

(Please check all that apply.)","1, I think it could save lives. | 2, Government officials are recommending or requiring it. | 3, I am afraid to get sick. | 4, I worry that I might get my family or friends sick. | 5, Other",,,,,,"[covid_objective_14_parentself] = ""1""",,,,,,
covid_objective_14_why_other_parentself,covid_objective_e11f,,text,"Other (please describe)",,,,,,,"[covid_objective_14_why_parentself(5)] = ""1""",,,,,,
covid_objective_15_parentself,covid_objective_e11f,,dropdown,"How often are you getting outside of your house for allowed shelter-in-place activities (e.g., going on a walk or a run, walking a pet, spending time in your backyard, playing outdoor no- contact sports with members of your household)?","1, Multiple times a day | 2, Once a day | 3, Every couple days | 4, Once a week | 5, Less than once a week",,,,,,,,,,,,
covid_objective_16_parentself,covid_objective_e11f,,dropdown,"Have you been unable to work due to COVID-19 related work changes?","1, Yes, completely (e.g., lost job or unable to run their business) | 2, Yes, partially (e.g., not working, but still being paid or able to do some work, but reduced hours) | 3, No (e.g., still able to work same amount or more, even if now working remotely)",,,,,,,,,,,,
covid_objective_17_parentself,covid_objective_e11f,,dropdown,"Have you lost income due to COVID-19 related work changes?","1, Yes, completely | 2, Yes, partially | 3, No",,,,,,,,,,,,
covid_objective_18_parentself,covid_objective_e11f,,radio,"In the past month, how often has the following statement been true in your household: 

""The food we bought ran out and we didn't have money to get more.""","1, Never true | 2, Sometimes true | 3, Often true",,,,,,,,,,,,
covid_objective_19_parentself,covid_objective_e11f,,dropdown,"Is your family concerned about the cost of testing or treatment for COVID-19?","1, Very concerned | 2, Somewhat concerned | 3, I don't know | 4, No",,,,,,,,,,,,
covid_objective_20_parentself,covid_objective_e11f,,checkbox,"What best describes who is currently living in your household? (Check all that apply.)","1, Parents (adopted, biological, or foster) | 2, Siblings (or foster siblings) | 3, Other relatives (e.g., grandparents; aunts, uncles, cousins) | 4, Other non-relatives",,,,,,,,,,,,
covid_objective_20_parents_parentself,covid_objective_e11f,,text,"List ages and relationship to yourself (e.g., mom 50; stepdad 50; foster mom 45)",,,,,,,"[covid_objective_20_parentself(1)] = '1'",,,,,,
covid_objective_20_siblings_parentself,covid_objective_e11f,,text,"List ages and relationship to members in home (e.g., foster sister 10; brother 6)",,,,,,,"[covid_objective_20_parentself(2)] = '1'",,,,,,
covid_objective_20_relatives_parentself,covid_objective_e11f,,text,"List ages and relationship to yourself (e.g., grandmother 65; cousin 13)",,,,,,,"[covid_objective_20_parentself(3)] = '1'",,,,,,
covid_objective_20_nonrelatives_parentself,covid_objective_e11f,,text,"List ages of each person and describe relationship to yourself (e.g., mother's boyfriend 42; live-in nanny 24)",,,,,,,"[covid_objective_20_parentself(4)] = '1'",,,,,,
covid_objective_21_parentproxy_child_1,covid_objective_e11f," The following questions are in relation to your child's school. Please think of each item in the context of CHILD 1. ",dropdown,"Did your child's school close because of the COVID-19 outbreak? ","1, Yes | 2, No | 3, If your child is home schooled, select this answer instead",,,,,,,,,,,,
covid_objective_22_parentproxy_child_1,covid_objective_e11f,,text,"Approximately what date did it close?",,,date_mdy,,,,"[covid_objective_21_parentproxy_child_1] = '1'",,,,,,
covid_objective_23_parentproxy_child_1,covid_objective_e11f,,yesno,"Have classes resumed online?",,,,,,,"[covid_objective_21_parentproxy_child_1] = '1'",,,,,,
covid_objective_24_parentproxy_child_1,covid_objective_e11f,,yesno,"Does your child have easy access to the internet and a computer or tablet?",,,,,,,"[covid_objective_21_parentproxy_child_1] = '1'",,,,,,
covid_objective_25_parentproxy_child_1,covid_objective_e11f,,yesno,"Are there assignments for your child to complete? ",,,,,,,"[covid_objective_21_parentproxy_child_1] = '1'",,,,,,
covid_objective_26_parentproxy_child_1,covid_objective_e11f,,yesno,"Is your child able to receive meals from the school?",,,,,,,"[covid_objective_21_parentproxy_child_1] = '1'",,,,,,
covid_objective_27_parentproxy_child_1,covid_objective_e11f,,yesno,"Has your child's school reopened?",,,,,,,"[covid_objective_21_parentproxy_child_1] = '1'",,,,,,
covid_objective_27_date_parentproxy_child_1,covid_objective_e11f,,text,"Approximately, what date did it reopen.",,,date_mdy,,,,"[covid_objective_27_parentproxy_child_1] = '1'",,,,,,
covid_objective_28_parentself_child_1,covid_objective_e11f,,dropdown," How involved were you in assisting your child with schoolwork?","0, Not at all involved | 1, Slightly involved | 2, Moderately involved | 3, Very involved | 4, Extremely involved",,,,,,,,,,,,
