"Variable / Field Name","Form Name","Section Header","Field Type","Field Label","Choices, Calculations, OR Slider Labels","Field Note","Text Validation Type OR Show Slider Number","Text Validation Min","Text Validation Max",Identifier?,"Branching Logic (Show field only if...)","Required Field?","Custom Alignment","Question Number (surveys only)","Matrix Group Name","Matrix Ranking?","Field Annotation"
written_response_instructions_child_1,written_response_child_1,,descriptive,"This portion of the survey is for CHILD 1. 

For the next part of the survey, we ask that you bring your child to the device in which you have been completing the survey, so that they may participate in their portion of the written response.

Please time your child writing for 5 minutes. A timestamp will be collected once this portion is completed.

*Note: You may assist your child with this prompt and/or typing up their response. ",,,,,,,,,,,,,
written_response_child_1,written_response_child_1,,notes,"For the next five minutes, I would like for you to write your thoughts and feelings about COVID- 19. How has it affected you and your family? In your writing, you might talk about your parents or friends. Everything you write will be completely confidential. 

Don't worry about spelling, sentence structure, or grammar. The only rule is that once you begin writing, keep write until your time is up!",,,,,,,,,,,,,
