"Variable / Field Name","Form Name","Section Header","Field Type","Field Label","Choices, Calculations, OR Slider Labels","Field Note","Text Validation Type OR Show Slider Number","Text Validation Min","Text Validation Max",Identifier?,"Branching Logic (Show field only if...)","Required Field?","Custom Alignment","Question Number (surveys only)","Matrix Group Name","Matrix Ranking?","Field Annotation"
parentself_number_children,info,,text,"How many children do you have?",,,,,,,,,,,,,
parentself_number_children_study,info,,dropdown,"How many children will you be filling out this survey for?

You can fill out this survey for at least 1 and up to 4 children. 

Please fill this out for your children in order of birth (for example, your firstborn/oldest child is Child 1, etc.). Throughout this survey we will refer to your first child as Child 1, your second child as Child 2, your third child as Child 3, and your fourth child as Child 4 as applicable.

Please note that each additional child will take approximately 20 extra minutes. ","1, 1 | 2, 2 | 3, 3 | 4, 4",,,,,,,,,,,,
child_1_age,info,,text,"What is Child 1's age?",,,,,,,,,,,,,
child_1_sex,info,,radio,"What is Child 1's sex?","1, Male | 2, Female | 3, Other",,,,,,,,,,,,
child_1_sex_other,info,,text,"Other (please describe)",,,,,,,"[child_1_sex] = '3'",,,,,,
child_1_gender,info,,radio,"What is Child 1's gender?","1, Male | 2, Female | 3, Other",,,,,,,,,,,,
child_1_gender_other,info,,text,"Other (please describe)",,,,,,,"[child_1_gender] = '3'",,,,,,
child_1_adopted,info,,yesno,"Is Child 1 adopted or in guardianship care?",,,,,,,,,,,,,
child_1_adopted_subgroup,info,,radio,"For Child 1, are/were they","1, Domestically Adopted | 2, Internationally adopted from foster care | 3, Internationally adopted from institutional care | 4, Guardianship care | 5, Other",,,,,,"[child_1_adopted] = '1'",,,,,,
child_1_adopted_subgroup_other,info,,text,"Other (please describe)",,,,,,,"[child_1_adopted_subgroup] = '5'",,,,,,
child_1_parentself,info,,radio,"What is your relation to Child 1?","1, Biological mother | 2, Biological father | 3, Adoptive mother | 4, Adoptive father | 5, Other",,,,,,,,,,,,
child_1_parentself_other,info,,text,"Other (please descrbe)",,,,,,,,,,,,,
child_1_primary_caregiver,info,,radio,"Who is Child 1's primary caregiver?","1, Biological mother | 2, Biological father | 3, Adoptive mother | 4, Adoptive father | 5, Other",,,,,,,,,,,,
child_1_primary_caregiver_other,info,,text,"Other (please descrbe)",,,,,,,,,,,,,
child_1_secondary_caregiver,info,,radio,"Who is Child 1's secondary caregiver?","1, Biological mother | 2, Biological father | 3, Adoptive mother | 4, Adoptive father | 5, Other",,,,,,,,,,,,
child_1_secondary_caregiver_other,info,,text,"Other (please descrbe)",,,,,,,,,,,,,
child_1_household,info,,radio,"In what type of household does Child 1 live?","2, Dual parent | 1, Single parent | 3, Other",,,,,,,,,,,,
child_1_household_other,info,,text,"Other (please describe)",,,,,,,"[child_1_household] = '3'",,,,,,
pup_participant_location_city,info,,text,"Current location",,City,,,,,,,,,,,
pup_participant_location_state,info,,text,,,"State (if applicable)",,,,,,,,,,,
pup_participant_location_country,info,,text,,,Country,,,,,,,,,,,
health_conditions_respondent,info,,yesno,"Do you have any underlying health conditions?",,,,,,,,,,,,,
health_conditions_description_respondent,info,,notes,"Please describe",,,,,,,,,,,,,
health_conditions_child_1,info,,yesno,"Does Child 1 have any underlying health conditions?",,,,,,,,,,,,,
health_conditions_description_child_1,info,,notes,"Please describe",,,,,,,,,,,,,
