"Variable / Field Name","Form Name","Section Header","Field Type","Field Label","Choices, Calculations, OR Slider Labels","Field Note","Text Validation Type OR Show Slider Number","Text Validation Min","Text Validation Max",Identifier?,"Branching Logic (Show field only if...)","Required Field?","Custom Alignment","Question Number (surveys only)","Matrix Group Name","Matrix Ranking?","Field Annotation"
pcrq_1_parentproxy_child_1,pcrq,"Please reflect on the degree to which each of the following statements currently applies to your relationship with CHILD 1. Using the scale below, select the appropriate number for each item.",radio,"I share an affectionate, warm relationship with my child.","1, Definitely does not apply | 2, Not really | 3, Neutral, not sure | 4, Applies somewhat | 5, Definitely applies",,,,,,,,,,pcrq_parentproxy_child_1,,
pcrq_2_parentproxy_child_1,pcrq,,radio,"My child brings, shows, and involves me in his/her interests.","1, Definitely does not apply | 2, Not really | 3, Neutral, not sure | 4, Applies somewhat | 5, Definitely applies",,,,,,,,,,pcrq_parentproxy_child_1,,
pcrq_3_parentproxy_child_1,pcrq,,radio,"My child looks to me for reassurance when trying new things.","1, Definitely does not apply | 2, Not really | 3, Neutral, not sure | 4, Applies somewhat | 5, Definitely applies",,,,,,,,,,pcrq_parentproxy_child_1,,
pcrq_4_parentproxy_child_1,pcrq,,radio,"My child does not want to accept help when he/she needs it.","1, Definitely does not apply | 2, Not really | 3, Neutral, not sure | 4, Applies somewhat | 5, Definitely applies",,,,,,,,,,pcrq_parentproxy_child_1,,
pcrq_5_parentproxy_child_1,pcrq,,radio,"By using his/her body language, my child is able to show me he/she wants to play, talk, or interact.","1, Definitely does not apply | 2, Not really | 3, Neutral, not sure | 4, Applies somewhat | 5, Definitely applies",,,,,,,,,,pcrq_parentproxy_child_1,,
pcrq_6_parentproxy_child_1,pcrq,,radio,"I wonder a lot about what my child is thinking and feeling.","1, Definitely does not apply | 2, Not really | 3, Neutral, not sure | 4, Applies somewhat | 5, Definitely applies",,,,,,,,,,pcrq_parentproxy_child_1,,
pcrq_7_parentproxy_child_1,pcrq,,radio,"I seem to have a need to control and lead things and have a hard time backing off.","1, Definitely does not apply | 2, Not really | 3, Neutral, not sure | 4, Applies somewhat | 5, Definitely applies",,,,,,,,,,pcrq_parentproxy_child_1,,
pcrq_8_parentproxy_child_1,pcrq,,radio,"When I'm at home together with my child, we interact and talk to each a lot.","1, Definitely does not apply | 2, Not really | 3, Neutral, not sure | 4, Applies somewhat | 5, Definitely applies",,,,,,,,,,pcrq_parentproxy_child_1,,
pcrq_9_parentproxy_child_1,pcrq,,radio,"My child keeps track of my location in new surroundings.","1, Definitely does not apply | 2, Not really | 3, Neutral, not sure | 4, Applies somewhat | 5, Definitely applies",,,,,,,,,,pcrq_parentproxy_child_1,,
pcrq_10_parentproxy_child_1,pcrq,,radio,"My child is overly dependent on me","1, Definitely does not apply | 2, Not really | 3, Neutral, not sure | 4, Applies somewhat | 5, Definitely applies",,,,,,,,,,pcrq_parentproxy_child_1,,
pcrq_11_parentproxy_child_1,pcrq,,radio,"My child's feelings toward me can be unpredictable or can change suddenly.","1, Definitely does not apply | 2, Not really | 3, Neutral, not sure | 4, Applies somewhat | 5, Definitely applies",,,,,,,,,,pcrq_parentproxy_child_1,,
pcrq_12_parentproxy_child_1,pcrq,,radio,"I find it hard to understand the needs of my child.","1, Definitely does not apply | 2, Not really | 3, Neutral, not sure | 4, Applies somewhat | 5, Definitely applies",,,,,,,,,,pcrq_parentproxy_child_1,,
pcrq_13_parentproxy_child_1,pcrq,,radio,"My child often turns to me for comfort and support when he/she is troubled about something.","1, Definitely does not apply | 2, Not really | 3, Neutral, not sure | 4, Applies somewhat | 5, Definitely applies",,,,,,,,,,pcrq_parentproxy_child_1,,
pcrq_14_parentproxy_child_1,pcrq,,radio,"When I see my child upset, I try to ask her/him questions so that she/he can better understand what he/she is feeling.","1, Definitely does not apply | 2, Not really | 3, Neutral, not sure | 4, Applies somewhat | 5, Definitely applies",,,,,,,,,,pcrq_parentproxy_child_1,,
pcrq_15_parentproxy_child_1,pcrq,,radio,"My child easily becomes angry at me.","1, Definitely does not apply | 2, Not really | 3, Neutral, not sure | 4, Applies somewhat | 5, Definitely applies",,,,,,,,,,pcrq_parentproxy_child_1,,
pcrq_16_parentproxy_child_1,pcrq,,radio,"My child recognizes when I am upset and attempts to comfort me.","1, Definitely does not apply | 2, Not really | 3, Neutral, not sure | 4, Applies somewhat | 5, Definitely applies",,,,,,,,,,pcrq_parentproxy_child_1,,
pcrq_17_parentproxy_child_1,pcrq,,radio,"My child is uncomfortable with physical affection or touch from me.","1, Definitely does not apply | 2, Not really | 3, Neutral, not sure | 4, Applies somewhat | 5, Definitely applies",,,,,,,,,,pcrq_parentproxy_child_1,,
pcrq_18_parentproxy_child_1,pcrq,,radio,"Now and then, my child elicits more anger in me than I would like.","1, Definitely does not apply | 2, Not really | 3, Neutral, not sure | 4, Applies somewhat | 5, Definitely applies",,,,,,,,,,pcrq_parentproxy_child_1,,
pcrq_19_parentproxy_child_1,pcrq,,radio,"I try to see situations through the eyes of my child.","1, Definitely does not apply | 2, Not really | 3, Neutral, not sure | 4, Applies somewhat | 5, Definitely applies",,,,,,,,,,pcrq_parentproxy_child_1,,
pcrq_20_parentproxy_child_1,pcrq,,radio,"My child openly shares his/her feelings and experiences with me.","1, Definitely does not apply | 2, Not really | 3, Neutral, not sure | 4, Applies somewhat | 5, Definitely applies",,,,,,,,,,pcrq_parentproxy_child_1,,
pcrq_21_parentproxy_child_1,pcrq,,radio,"I succeed in adjusting to my child's behaviors and actions when necessary.","1, Definitely does not apply | 2, Not really | 3, Neutral, not sure | 4, Applies somewhat | 5, Definitely applies",,,,,,,,,,pcrq_parentproxy_child_1,,
pcrq_22_parentproxy_child_1,pcrq,,radio,"Often, my child's behavior is too confusing to bother figuring out.","1, Definitely does not apply | 2, Not really | 3, Neutral, not sure | 4, Applies somewhat | 5, Definitely applies",,,,,,,,,,pcrq_parentproxy_child_1,,
pcrq_23_parentproxy_child_1,pcrq,,radio,"When my child shows difficult or oppositional behavior, I sometimes don't know how to cope with the conflict.","1, Definitely does not apply | 2, Not really | 3, Neutral, not sure | 4, Applies somewhat | 5, Definitely applies",,,,,,,,,,pcrq_parentproxy_child_1,,
pcrq_24_parentproxy_child_1,pcrq,,radio,"When my child is upset, I help him/her understand his/her feelings.","1, Definitely does not apply | 2, Not really | 3, Neutral, not sure | 4, Applies somewhat | 5, Definitely applies",,,,,,,,,,pcrq_parentproxy_child_1,,
pcrq_25_parentproxy_child_1,pcrq,,radio,"My child and I always seem to be struggling with each other.","1, Definitely does not apply | 2, Not really | 3, Neutral, not sure | 4, Applies somewhat | 5, Definitely applies",,,,,,,,,,pcrq_parentproxy_child_1,,
pcrq_26_parentproxy_child_1,pcrq,,radio,"Please select option four (applies somewhat) for this item","1, Definitely does not apply | 2, Not really | 3, Neutral, not sure | 4, Applies somewhat | 5, Definitely applies",,,,,,,,,,pcrq_parentproxy_child_1,,
pcrq_27_parentproxy_child_1,pcrq,,radio,"My interactions with my child make me feel effective and confident as a parent.","1, Definitely does not apply | 2, Not really | 3, Neutral, not sure | 4, Applies somewhat | 5, Definitely applies",,,,,,,,,,pcrq_parentproxy_child_1,,
