﻿"Variable / Field Name","Form Name","Section Header","Field Type","Field Label","Choices, Calculations, OR Slider Labels","Field Note","Text Validation Type OR Show Slider Number","Text Validation Min","Text Validation Max",Identifier?,"Branching Logic (Show field only if...)","Required Field?","Custom Alignment","Question Number (surveys only)","Matrix Group Name","Matrix Ranking?","Field Annotation"
biq_instructions,biq,,descriptive,"En el siguiente cuestionario, estamos interesados en obtener información con respecto a la salud psicológica y el bienestar de su hij@. Piense en estos artículos con el contexto del COVID-19 y la orden de quedarse-en-Casa (si aplicable).",,,,,,,,,,,,,
biq_1_parentself,biq,,radio,"¿Usted siente que tiene suficiente información para apoyar la salud mental de su hij@ durante este tiempo?","3, En gran medida | 2, Algo | 1, Muy poco | 0, Para nada",,,,,,,,,,,,
biq_2_parentself,biq,,radio,"¿Ha intentado acceder información sobre cómo apoyar a su hij@ durante este tiempo?","1, Sí | 0, No",,,,,,,,,,,,
biq_3_parentself,biq,,checkbox,"Si ha respondido sí, ¿Donde has accedido esta información? Por favor marque todos los que apliquen.","1, Televisión | 2, Las redes sociales | 3, Los artículos en línea/el internet | 4, La escuela de mi hij@ | 5, Mis amigos | 6, Conocimiento que ya tenia | 7, El doctor de mi hij@ | 8, Otro",,,,,,"[biq_2_parentself] = '1'",,,,,,
biq_3_other_parentself,biq,,text,"Otro (por favor describa):",,,,,,,"[biq_3_parentself(8)] = '1'",,,,,,
